/JS,/JavaScript,startxref,xref,obj,endobj,stream,/OpenAction,/XFA,Filesize_kb,MetadataStream,Optimized,Pages,/Size,%EOF,/Producer,/ProcSet,/ID,/S,/CreationDate,/Info,/Font,/XML,/Rect,Referencing,Headerlength,small_content,Malicecontent,filename
0,0,2,2,34,34,7,1,0,52.7509765625,0,1,2,2,2,1,2,2,12,1,1,18,1,0,34,7,0,0,192.pdf
0,0,3,0,36,36,32,0,0,192.1845703125,0,0,1,3,3,1,2,3,13,1,3,1,2,0,36,18,0,0,asahi_net_intl.pdf
0,0,1,1,748,748,34,0,0,190.5078125,0,0,27,1,1,2,28,1,638,2,1,65,1,1,748,14,0,0,eotopicp00.pdf
1,0,1,1,20,20,3,0,0,26.1455078125,0,0,3,1,1,1,3,1,12,1,1,26,0,0,20,12,0,0,64fr6221.pdf
0,0,2,2,67,67,25,0,0,91.373046875,0,1,22,3,2,1,22,1,15,2,1,52,1,0,67,12,0,0,rp-11-53.pdf
0,0,3,0,72,72,65,0,0,84.8935546875,0,0,3,3,3,0,21,3,45,0,3,9,1,0,72,21,0,0,f8453i_accessible.pdf
0,0,2,2,33,33,9,0,0,17.1279296875,0,1,4,3,2,1,4,1,30,1,1,34,1,2,33,35,0,0,welcome_to_appeals_final_script.pdf
0,0,2,2,89,89,34,0,0,267.462890625,0,1,1,3,2,1,3,2,83,1,1,91,3,7,89,18,0,0,08pareturnsnap.pdf
0,0,3,3,266,266,18,0,0,77.392578125,0,0,3,3,3,3,6,2,237,3,2,77,1,0,266,28,0,0,us_japan_investment_bank.pdf
0,0,4,5,218,218,90,0,0,120.9990234375,0,0,2,5,4,3,63,4,279,3,3,135,3,79,217,14,0,0,f2848-ovdp.pdf
0,0,4,0,56,56,49,0,0,80.7607421875,0,0,2,5,4,0,6,4,33,0,4,4,3,0,56,9,0,0,f8612.pdf
0,0,2,2,31,31,10,0,0,101.28125,0,1,1,2,2,1,1,2,18,1,1,41,1,0,31,12,0,0,ir-03-37.pdf
0,0,1,1,12,12,6,0,0,152.9765625,0,0,3,1,1,1,3,0,4,1,1,3,0,0,12,12,1,0,banrhlth.pdf
0,0,1,1,6,6,2,0,0,86.060546875,0,0,1,1,1,1,1,0,2,1,1,1,0,0,6,13,1,0,bigmuscom.pdf
0,0,1,1,6,6,2,0,0,83.494140625,0,0,1,1,1,1,1,0,2,1,1,1,0,0,6,12,1,0,cogrfoin.pdf
0,0,2,2,16,16,5,0,0,53.5029296875,0,1,2,2,2,1,2,2,5,1,1,0,0,0,16,12,0,0,bucktldo.pdf
0,0,2,2,447,447,45,0,0,277.951171875,0,1,8,2,2,1,8,1,487,1,1,122,6,0,447,9,0,0,p3998.pdf
0,0,2,2,25,25,8,0,0,16.1142578125,0,1,3,3,2,1,3,1,19,1,1,23,1,0,25,11,0,0,a-08-84.pdf
0,0,2,0,132,132,127,0,0,132.4013671875,0,1,3,2,2,0,87,2,98,0,2,3,1,0,132,9,0,0,fw3ss.pdf
0,0,2,2,77,77,32,0,0,138.3330078125,0,1,2,3,2,1,2,1,55,1,1,119,3,0,77,16,0,0,cp31_english.pdf
2,3,1,2,110,110,37,0,0,48.10546875,0,0,2,3,1,1,15,2,99,1,2,64,1,11,110,22,0,1,f5305ra_accessible.pdf
0,0,2,2,166,166,49,0,0,137.015625,0,1,37,3,2,1,37,1,169,1,1,77,1,22,166,12,0,0,rp-11-49.pdf
0,0,6,0,88,88,79,0,0,112.166015625,0,0,2,7,6,0,21,6,54,0,6,9,5,0,88,12,0,0,f8865sk1.pdf
0,0,1,1,20,20,4,0,0,32.7392578125,0,0,1,1,1,1,1,1,20,1,1,34,0,0,20,13,0,0,66fr58761.pdf
0,0,2,2,55,55,25,0,0,96.05078125,0,1,1,3,2,1,1,1,38,1,1,85,2,0,55,16,0,0,cp53_english.pdf
0,0,2,2,22,22,10,0,0,76.1796875,0,1,1,2,2,1,2,1,21,1,1,5,1,0,22,12,0,0,castisys.pdf
0,0,2,2,11,11,3,0,0,28.177734375,0,1,1,2,2,1,1,2,4,1,1,0,0,0,11,11,1,0,capecom.pdf
0,0,2,2,11,11,3,0,0,26.7548828125,0,1,1,2,2,1,1,2,4,1,1,0,0,0,11,10,1,0,beopen.pdf
0,0,2,0,39,39,36,0,0,57.853515625,0,1,1,2,2,0,1,2,18,0,2,1,1,0,39,22,0,0,f1118sj_accessible.pdf
0,0,2,2,36,36,12,0,0,28.4423828125,0,1,4,3,2,1,4,1,34,1,1,42,1,1,36,12,0,0,lwis-pia.pdf
2,3,1,2,95,95,18,0,0,47.671875,0,0,1,3,1,1,4,2,117,1,2,44,1,37,95,21,0,1,f12509_accessible.pdf
0,0,2,2,56,56,15,0,0,26.7763671875,0,1,12,2,2,1,12,1,21,1,1,41,1,0,56,12,0,0,rr-08-54.pdf
0,0,2,2,220,220,69,0,0,396.484375,0,1,51,3,2,1,51,1,49,1,1,175,1,0,220,17,0,0,09sumbulcoftc.pdf
0,0,3,4,126,126,62,0,0,171.7138671875,0,0,30,6,3,2,31,4,89,2,4,98,2,2,126,22,0,0,forum11_goldilocks.pdf
0,0,3,0,341,341,334,0,0,289.109375,0,0,3,3,3,0,288,3,311,0,3,15,2,0,341,21,0,0,f720to_accessible.pdf
0,0,2,2,69,69,36,0,0,77.72265625,0,1,11,3,2,1,11,1,50,1,1,47,1,1,69,20,0,0,cimis_aftrak-pia.pdf
0,0,1,1,6,6,2,0,0,68.56640625,0,0,1,1,1,1,1,0,2,1,1,1,0,0,6,12,1,0,cinelect.pdf
0,0,2,2,281,281,50,0,0,252.8310546875,0,1,27,3,2,1,27,1,87,1,1,103,1,30,281,12,0,0,irb04-43.pdf
0,0,2,2,33,33,7,0,0,21.8916015625,0,1,5,2,2,1,5,2,19,1,1,40,1,0,33,33,0,0,a_2005-80_transaction_details.pdf
0,0,2,2,27,27,10,0,0,20.6650390625,0,1,4,3,2,1,4,1,21,1,1,35,1,0,27,12,0,0,rr-08-43.pdf
0,0,1,1,6,6,2,0,0,68.6162109375,0,0,1,1,1,1,1,0,2,1,1,1,0,0,6,9,1,0,belso.pdf
0,0,2,2,310,310,25,0,0,255.0869140625,0,1,2,2,2,1,3,1,279,1,1,56,1,2,310,13,0,0,alps_corp.pdf
0,0,2,2,11,11,3,0,0,22.6103515625,0,1,1,2,2,1,1,2,4,1,1,0,0,0,11,9,1,0,bella.pdf
0,0,2,0,90,90,61,0,0,107.79296875,0,1,27,2,2,0,0,2,32,0,2,27,1,0,90,45,0,0,carrie-russell-library-copyright-alliance.pdf
0,0,2,2,11,11,3,0,0,23.197265625,0,1,1,2,2,1,1,2,4,1,1,0,0,0,11,12,1,0,beydmisg.pdf
0,0,1,1,6,6,2,0,0,88.427734375,0,0,1,1,1,1,1,0,2,1,1,1,0,0,6,12,1,0,cityoflr.pdf
0,0,4,4,79,79,16,0,0,42.4599609375,0,0,1,4,4,3,12,3,62,3,3,62,3,19,79,9,0,0,f8316.pdf
0,0,3,0,63,63,57,0,0,158.6533203125,0,0,2,3,3,0,9,3,32,0,3,7,1,0,63,23,0,0,f1040sse_accessible.pdf
0,0,2,2,21,21,9,0,0,72.0771484375,0,1,1,2,2,1,2,1,20,1,1,5,1,0,21,12,0,0,blizente.pdf
0,0,2,0,27,27,23,0,0,30.6591796875,0,1,2,2,2,0,0,2,7,0,2,2,1,0,27,23,0,0,refusalratelanguage.pdf
0,0,2,2,243,243,196,0,0,83.9990234375,0,1,2,2,2,1,9,2,19,1,1,30,1,0,243,7,0,0,221.pdf
0,0,5,0,118,118,110,0,0,185.2158203125,0,0,3,6,5,0,52,5,82,0,5,52,4,0,118,10,0,0,f5884b.pdf
0,0,1,1,6,6,2,0,0,81.78125,0,0,1,1,1,1,1,0,2,1,1,1,0,0,6,12,1,0,bondware.pdf
0,0,2,2,104,104,68,0,0,83.2841796875,0,1,4,3,2,1,4,1,67,1,1,80,1,0,104,17,0,0,cp523_spanish.pdf
0,0,4,0,66,66,45,0,0,94.8720703125,0,0,2,5,4,2,3,4,38,2,4,35,3,0,66,15,0,0,fw8ben--dft.pdf
0,0,2,2,147,147,108,0,0,84.693359375,0,1,3,3,2,0,16,1,102,1,1,54,1,0,147,17,0,0,cp521_english.pdf
0,0,1,1,6,6,2,0,0,80.654296875,0,0,1,1,1,1,1,0,2,1,1,1,0,0,6,12,1,0,bahwetng.pdf
0,0,2,0,301,301,34,0,0,99.10546875,0,0,4,2,2,1,0,2,36,1,2,67,2,0,301,10,0,0,f8916a.pdf
0,0,2,2,77,77,17,0,0,50.8759765625,0,1,9,3,2,1,9,1,98,1,1,39,1,14,77,19,0,0,Andrew_Phillips.pdf
0,0,2,2,94,94,26,0,0,72.9521484375,0,1,24,2,2,1,24,1,17,1,1,74,1,0,94,12,0,0,rp-04-56.pdf
0,0,1,1,72,72,22,0,0,114.1162109375,0,0,15,1,1,1,15,1,33,1,1,63,0,0,72,12,0,0,74fr9293.pdf
0,0,3,0,42,42,36,0,0,47.904296875,0,0,2,3,3,0,2,3,16,0,3,2,1,0,42,10,0,0,f12339.pdf
0,0,2,2,75,75,37,0,0,63.7236328125,0,1,3,3,2,0,13,1,56,1,1,65,1,0,75,16,0,0,cp71_english.pdf
0,0,2,2,29,29,11,0,0,22.8330078125,0,1,4,3,2,1,4,1,22,1,1,32,1,0,29,12,0,0,rr-12-20.pdf
0,0,1,1,17,17,3,0,0,11.3798828125,0,0,1,1,1,1,1,1,5,1,1,9,0,0,17,21,0,0,Alfonso_Bresciani.pdf
0,0,2,0,72,72,63,0,0,80.369140625,0,0,5,3,2,0,26,2,40,0,2,15,1,0,72,11,0,0,f13424a.pdf
0,0,2,2,571,571,378,0,0,391.5009765625,0,1,1,2,2,1,3,2,292,1,1,115,3,7,571,19,0,0,10eositrustsnap.pdf
0,0,2,2,80,80,20,0,0,101.591796875,0,1,1,2,2,1,3,1,59,1,1,26,1,0,80,7,0,0,ayk.pdf
0,0,2,2,27,27,15,0,0,78.4462890625,0,1,1,2,2,1,2,1,28,1,1,5,1,0,27,13,0,0,canvasnet.pdf
0,0,2,2,12,12,4,0,0,21.2177734375,0,1,1,2,2,1,1,2,5,1,1,0,1,0,12,12,1,0,admatres.pdf
0,0,4,0,70,70,62,0,0,228.43359375,0,0,2,5,4,0,22,4,43,0,4,3,3,0,70,9,0,0,f8332.pdf
0,0,2,0,34,34,31,0,0,198.7919921875,0,1,1,2,2,0,2,2,10,0,2,1,1,0,34,16,0,0,balloon_knot.pdf
2,3,3,3,81,81,27,0,0,224.669921875,0,0,1,3,3,2,9,2,63,2,2,65,2,9,81,9,0,1,f8274.pdf
0,0,2,2,11,11,3,0,0,29.3505859375,0,1,1,2,2,1,1,2,4,1,1,0,0,0,11,12,1,0,brntreld.pdf
0,0,2,0,31,31,26,0,0,46.5830078125,0,1,3,2,2,0,3,2,12,0,2,3,1,0,31,13,0,0,75fr61116.pdf
0,0,2,2,136,136,41,0,0,81.091796875,0,1,36,2,2,1,36,1,19,1,1,84,1,0,136,11,0,0,n-10-45.pdf
0,0,2,2,146,146,43,0,0,137.3193359375,0,1,38,2,2,1,38,1,25,1,1,114,1,0,146,37,0,0,nta_testimony_senate_hsgac_092606.pdf
0,0,2,0,33,33,30,0,0,193.1240234375,0,1,1,2,2,0,2,2,10,0,2,1,1,0,33,14,0,0,cliq_media.pdf
0,0,2,2,16,16,5,0,0,51.033203125,0,1,2,2,2,1,2,2,5,1,1,0,0,0,16,12,0,0,buflcros.pdf
0,0,4,6,70,70,29,0,0,79.2197265625,0,0,16,9,4,3,17,7,54,3,7,57,3,1,70,30,0,0,5330_phoneforum_transcript.pdf
0,0,2,2,38,38,6,1,0,40.7783203125,0,1,1,2,2,1,1,2,39,1,1,17,1,0,38,11,0,0,a-02-49.pdf
0,0,4,0,77,77,68,0,0,90.7626953125,0,0,4,5,4,0,26,4,53,0,4,12,3,0,77,9,0,0,f8821.pdf
0,0,4,4,229,229,92,0,0,295.765625,0,0,2,5,4,3,16,3,187,3,3,249,7,0,229,12,0,0,p4346akr.pdf
0,0,2,2,149,149,26,0,0,155.1552734375,0,1,15,2,2,1,15,2,68,1,1,159,0,0,149,12,0,0,p4--1997.pdf
0,0,2,2,110,110,75,0,0,78.05859375,0,1,4,3,2,1,4,1,79,1,1,63,1,1,110,17,0,0,cp759_spanish.pdf
0,0,4,0,99,99,70,0,0,72.416015625,0,0,3,5,4,1,33,4,57,1,4,17,3,0,99,12,0,0,f1065bsk.pdf
0,0,4,0,42,42,34,0,0,53.685546875,0,0,2,5,4,0,3,4,22,0,4,3,3,0,42,8,0,0,n797.pdf
0,0,1,1,6,6,2,0,0,95.642578125,0,0,1,1,1,1,1,0,2,1,1,1,0,0,6,12,1,0,boisecty.pdf
0,0,2,2,104,104,31,0,0,59.4873046875,0,1,27,2,2,1,27,1,17,1,1,70,1,0,104,11,0,0,n-07-78.pdf
0,0,3,0,392,392,386,0,0,175.9716796875,0,0,2,3,3,0,338,3,359,0,3,114,1,0,392,21,0,0,f990sl_accessible.pdf
0,0,3,0,93,93,87,0,0,112.544921875,0,0,2,3,3,0,35,3,57,0,3,13,1,0,93,20,0,0,f8873_accessible.pdf
0,0,2,2,42,42,13,0,0,65.470703125,0,1,6,2,2,1,6,2,15,1,1,38,1,0,42,12,0,0,rr-04-14.pdf
0,0,2,2,39,39,12,0,0,32.5517578125,0,1,8,3,2,1,8,1,17,2,1,28,1,1,39,11,0,0,n-11-82.pdf
0,0,2,0,45,45,41,0,0,236.87109375,0,1,2,2,2,0,4,2,14,0,2,2,1,0,45,33,0,0,american_hospital_association.pdf
0,0,1,1,1164,1164,48,0,0,292.2265625,0,0,26,1,1,1,26,1,70,1,1,112,1,15,1164,12,0,0,irb06-18.pdf
0,0,1,1,6,6,2,0,0,76.2666015625,0,0,1,1,1,1,1,0,2,1,1,1,0,0,6,12,1,0,CofMerid.pdf
0,0,2,2,11,11,3,0,0,25.970703125,0,1,1,2,2,1,1,2,4,1,1,0,0,0,11,10,1,0,bedlib.pdf
0,0,2,0,15,15,12,0,0,29.8017578125,0,1,1,2,2,0,0,2,6,0,2,1,1,0,15,13,0,0,Amy_Opoka.pdf
0,0,2,2,11,11,3,0,0,28.0458984375,0,1,1,2,2,1,1,2,4,1,1,0,0,0,11,12,1,0,aalcapmg.pdf
0,0,2,0,176,176,170,0,0,390.91796875,0,0,2,3,2,0,125,2,139,0,2,2,1,0,176,9,0,0,f8508.pdf
0,0,3,4,57,57,35,0,0,94.333984375,0,0,6,6,3,2,6,4,28,2,4,36,2,0,57,14,0,0,cola_table.pdf
0,0,3,0,39,39,33,0,0,52.9248046875,0,0,2,3,3,0,2,3,22,0,3,2,1,0,39,21,0,0,f8874a_accessible.pdf
0,0,2,2,105,105,11,1,0,26.3916015625,0,1,3,2,2,2,9,1,72,2,1,33,1,48,105,12,0,0,form4564.pdf
0,0,2,2,280,280,35,0,0,204.5693359375,0,1,12,2,2,1,15,1,57,1,1,97,1,6,280,10,0,0,i1040x.pdf
0,0,2,2,33,33,11,0,0,25.423828125,0,1,4,3,2,1,4,1,26,1,1,57,1,0,33,16,0,0,kyc__hungary.pdf
0,0,2,2,29,29,17,0,0,81.2333984375,0,1,1,2,2,1,2,1,28,1,1,5,1,0,29,17,0,0,bajabroadband.pdf
0,0,2,2,77,77,22,0,0,69.7744140625,0,1,15,2,2,1,15,1,25,1,1,88,1,0,77,12,0,0,rp-08-47.pdf
0,0,2,2,37,37,10,0,0,16.6318359375,0,1,2,2,2,1,2,2,16,1,1,29,0,0,37,13,0,0,64fr38861.pdf
0,0,3,3,95,95,45,0,0,282.0234375,0,0,2,3,3,2,5,3,60,2,2,108,6,0,95,9,0,0,p1779.pdf
0,0,2,0,28,28,23,0,0,24.12890625,0,1,3,2,2,0,0,2,5,0,2,0,1,0,28,11,0,0,12-0028.pdf
0,0,2,2,22,22,5,0,0,11.216796875,0,1,3,2,2,1,3,1,11,1,1,23,1,0,22,11,0,0,n-12-42.pdf
0,0,2,2,30,30,7,1,0,14.701171875,0,1,6,2,2,1,6,2,9,1,1,20,0,0,30,10,0,0,a-02-2.pdf
0,0,3,0,105,105,97,0,0,132.0078125,0,0,4,3,3,0,46,3,68,0,3,18,1,0,105,11,0,0,f944xpr.pdf
0,0,2,2,54,54,18,0,0,130.380859375,0,1,2,3,2,1,2,2,32,1,1,54,0,0,54,9,0,0,p3380.pdf
0,0,2,2,43,43,14,0,0,39.3466796875,0,1,2,2,2,1,2,2,24,1,1,37,1,0,43,13,0,0,66fr24267.pdf
0,0,3,0,46,46,34,0,0,181.5205078125,0,0,1,3,3,0,3,3,18,0,3,14,2,0,46,23,0,0,buckaroo_acquistion.pdf
0,0,2,2,89,89,18,2,0,32.119140625,0,0,1,2,2,2,2,2,58,2,2,44,2,4,89,20,0,0,tree_children_hs.pdf
0,0,2,2,54,54,14,1,0,29.525390625,0,1,13,2,2,1,13,2,10,1,1,29,0,0,54,11,0,0,rr-01-8.pdf
0,0,2,2,11,11,3,0,0,29.33203125,0,1,1,2,2,1,1,2,4,1,1,0,0,0,11,10,1,0,baypub.pdf
0,0,1,1,6,6,2,0,0,78.1396484375,0,0,1,1,1,1,1,0,2,1,1,1,0,0,6,12,1,0,cntrcvcp.pdf
0,0,2,2,50,50,26,0,0,117.3271484375,0,1,2,3,2,1,2,1,30,1,1,58,1,0,50,20,0,0,cp130_vietnamese.pdf
0,0,1,1,8,8,2,0,0,5.1572265625,0,0,2,1,1,1,2,1,2,1,1,4,0,0,8,27,1,0,purepdf_multicolumnpoem.pdf
0,0,2,2,11,11,3,0,0,15.537109375,0,1,1,2,2,1,1,2,4,1,1,0,0,0,11,11,1,0,catgcty.pdf
0,0,1,1,329,329,40,0,0,343.26171875,0,0,39,1,1,1,39,1,122,1,1,328,0,0,329,12,0,0,irb96-08.pdf
0,0,2,0,55,55,46,0,0,259.3642578125,0,1,6,2,2,0,1,2,14,0,2,1,1,0,55,48,0,0,20110131-K-Matthew-Dames-Syracuse-University.pdf
0,0,3,0,61,61,55,0,0,73.5634765625,0,0,2,3,3,0,11,3,34,0,3,5,1,0,61,9,0,0,f8822.pdf
0,0,2,2,40,40,14,0,0,38.6904296875,0,1,4,3,2,1,4,1,36,1,1,53,1,1,40,13,0,0,cder3-pia.pdf
0,0,2,2,54,54,25,0,0,85.447265625,0,1,4,3,2,1,4,1,33,1,1,66,1,1,54,11,0,0,n-08-65.pdf
0,0,2,2,23,23,11,0,0,83.2490234375,0,1,1,2,2,1,2,1,22,1,1,5,1,0,23,11,0,0,awebsyt.pdf
0,0,2,2,30,30,18,0,0,78.68359375,0,1,1,2,2,1,2,1,29,1,1,5,1,0,30,14,0,0,campuslive.pdf
0,0,2,2,102,102,21,0,0,160.1865234375,0,1,1,2,2,1,2,1,76,1,1,44,1,2,102,10,0,0,art_sy.pdf
1,0,1,0,78,78,70,0,0,344.4365234375,0,1,6,3,1,0,6,1,44,0,1,6,2,0,78,27,0,0,ssa_irs_reporter_winter.pdf
0,0,2,2,121,121,36,0,0,94.5,0,1,31,2,2,1,31,1,19,1,1,84,1,0,121,12,0,0,rp-05-66.pdf
0,0,2,0,29,29,26,0,0,172.546875,0,1,1,2,2,0,2,2,9,0,2,1,1,0,29,16,0,0,alpha_stripe.pdf
0,0,3,0,1047,1047,55,0,0,205.1943359375,0,0,13,3,3,1,13,17,1108,1,3,28,2,22,1047,11,0,0,121202f.pdf
0,0,2,0,75,75,65,0,0,121.3564453125,0,1,8,2,2,0,26,2,39,0,2,14,1,0,75,10,0,0,f1099h.pdf
0,0,2,2,129,129,38,1,0,64.24609375,0,1,37,2,2,1,37,2,11,1,1,55,0,0,129,12,0,0,rp-00-35.pdf
0,0,2,2,284,284,35,0,0,231.8095703125,0,1,12,2,2,1,17,1,68,1,1,89,1,10,284,11,0,0,i944xpr.pdf
0,0,4,6,173,173,84,0,0,775.9462890625,0,0,9,9,4,3,8,7,129,3,7,86,3,1,173,19,0,0,3D_BDP_Proposal.pdf
0,0,2,2,88,88,39,0,0,74.513671875,0,1,30,3,2,1,30,1,50,1,1,73,1,0,88,12,0,0,rp-06-41.pdf
0,0,1,1,6,6,2,0,0,58.3056640625,0,0,1,1,1,1,1,0,2,1,1,1,0,0,6,14,1,0,allsectech.pdf
0,0,2,2,30,30,12,0,0,19.5966796875,0,1,2,2,2,1,2,1,13,1,1,32,1,0,30,23,0,0,counselcorporgchart.pdf
0,0,2,2,114,114,32,0,0,89.390625,0,1,13,3,2,1,13,1,101,1,1,79,1,6,114,25,0,0,fy2012_fslg_work_plan.pdf
0,0,5,0,129,129,118,0,0,182.705078125,0,0,4,6,5,1,53,5,100,1,5,17,4,0,129,15,0,0,f8888--2010.pdf
0,0,3,0,84,84,79,0,0,165.2705078125,0,0,1,3,3,0,28,3,51,0,3,10,1,0,84,20,0,0,f1042_accessible.pdf
0,0,2,2,65,65,18,0,0,33.98046875,0,1,16,2,2,1,16,1,13,1,1,46,1,0,65,11,0,0,n-06-91.pdf
0,0,2,2,11,11,3,0,0,28.9248046875,0,1,1,2,2,1,1,2,4,1,1,0,0,0,11,12,1,0,broadinc.pdf
0,0,1,1,6,6,2,0,0,91.9384765625,0,0,1,1,1,1,1,0,2,1,1,1,0,0,6,12,1,0,arrowweb.pdf
0,0,2,2,314,314,32,0,0,269.15625,0,1,2,2,2,1,3,1,269,1,1,84,1,1,314,14,0,0,color_labs.pdf
0,0,6,0,141,141,124,0,0,135.583984375,0,0,4,7,6,0,68,6,100,0,6,32,5,0,141,9,0,0,f5472.pdf
0,0,4,6,182,182,34,0,0,123.0810546875,0,0,4,7,4,3,4,6,270,3,5,110,3,104,181,9,0,0,f8611.pdf
1,2,2,2,167,167,22,0,0,73.990234375,0,1,4,2,2,1,4,15,172,1,1,69,1,18,167,21,0,1,f5884a_accessible.pdf
0,0,2,2,40,40,9,1,0,23.3271484375,0,1,8,2,2,1,8,2,13,1,1,36,0,0,40,11,0,0,n-02-42.pdf
0,0,2,2,25,25,11,0,0,15.6650390625,0,1,1,2,2,1,1,1,11,1,1,21,1,0,25,13,0,0,06cofiges.pdf
0,0,2,2,98,98,19,0,0,79.1708984375,0,1,2,2,2,1,2,1,82,1,1,20,1,0,98,19,0,0,lbi-20-0211-001.pdf
2,3,2,4,209,209,96,0,0,85.87109375,0,0,1,7,2,2,67,6,210,2,5,88,2,36,209,21,0,1,fw8eci_accessible.pdf
0,0,1,1,31,31,8,0,0,51.0400390625,0,0,2,1,1,1,2,1,29,1,1,56,0,0,31,13,0,0,69fr58261.pdf
0,0,1,1,6,6,2,0,0,68.76953125,0,0,1,1,1,1,1,0,2,1,1,1,0,0,6,10,1,0,bainco.pdf
0,0,6,0,319,319,312,0,0,138.037109375,0,0,1,6,6,0,257,6,284,0,6,131,3,0,319,20,0,0,eval_403b_issues.pdf
0,0,2,2,64,64,20,0,0,123.865234375,0,1,11,2,2,1,11,2,19,1,1,53,1,0,64,34,0,0,ntawrittentestimonyfc052305amt.pdf
0,0,3,0,121,121,113,0,0,146.3896484375,0,0,4,3,3,0,61,3,83,0,3,23,1,0,121,20,0,0,f941x_accessible.pdf
0,0,2,2,30,30,16,0,0,45.3544921875,0,1,1,3,2,1,1,1,17,1,1,25,1,0,30,24,0,0,Andrew_Joseph_Harmon.pdf
0,0,2,2,11,11,3,0,0,28.4462890625,0,1,1,2,2,1,1,2,4,1,1,0,0,0,11,12,1,0,calvincl.pdf
0,0,2,2,24,24,4,0,0,13.330078125,0,1,2,2,2,1,2,2,19,1,1,30,1,0,24,19,0,0,094rodgers_hrrc.pdf
0,0,1,1,6,6,1,0,0,1.208984375,0,0,1,1,1,1,1,1,2,1,1,3,0,0,6,22,1,0,purepdf_generictag.pdf
0,0,1,1,6,6,2,0,0,81.634765625,0,0,1,1,1,1,1,0,2,1,1,1,0,0,6,12,1,0,betheate.pdf
0,0,3,4,48,48,18,0,0,48.0830078125,0,0,5,6,3,2,10,4,45,2,4,38,2,1,48,13,0,0,tasis-pia.pdf
0,0,2,0,25,25,21,0,0,20.900390625,0,1,2,2,2,0,0,2,5,0,2,0,1,0,25,11,0,0,12-0030.pdf
0,0,2,2,12,12,4,0,0,16.763671875,0,1,1,2,2,1,1,2,5,1,1,0,1,0,12,12,1,0,ccsystms.pdf
0,0,2,2,31,31,8,0,0,14.033203125,0,1,6,2,2,1,6,1,11,1,1,26,1,0,31,12,0,0,rp-08-16.pdf
0,0,2,2,42,42,11,0,0,21.20703125,0,1,9,2,2,1,9,1,13,1,1,39,1,0,42,11,0,0,n-06-86.pdf
0,0,2,2,31,31,19,0,0,85.6220703125,0,1,1,2,2,1,2,1,32,1,1,5,1,0,31,11,0,0,attfoin.pdf
0,0,1,1,138,138,41,0,0,94.6689453125,0,0,40,1,1,1,40,1,8,1,1,54,1,0,138,10,0,0,td9304.pdf
0,0,2,2,67,67,18,1,0,42.216796875,0,1,17,2,2,1,17,2,11,1,1,38,0,0,67,12,0,0,rp-01-20.pdf
0,0,2,0,17,17,13,0,0,16.189453125,0,0,1,3,2,1,1,2,11,1,2,1,2,0,17,10,0,0,ffc109.pdf
0,0,2,2,43,43,23,0,0,147.70703125,0,1,1,3,2,1,1,1,26,1,1,43,1,0,43,16,0,0,cp166_korean.pdf
0,0,2,0,77,77,69,0,0,124.3876953125,0,1,6,2,2,0,30,2,44,0,2,14,1,0,77,10,0,0,f1099a.pdf
0,0,2,2,16,16,5,0,0,82.1162109375,0,1,1,2,2,1,2,1,17,1,1,5,1,0,16,11,0,0,cabillc.pdf
0,0,2,2,37,37,7,0,0,21.5859375,0,1,3,2,2,1,3,2,26,1,1,45,1,0,37,16,0,0,075smith_nlm.pdf
0,0,1,1,6,6,2,0,0,74.6162109375,0,0,1,1,1,1,1,0,2,1,1,1,0,0,6,16,1,0,attyellpages.pdf
0,0,2,0,27,27,24,0,0,84.5703125,0,1,1,2,2,0,2,2,10,0,2,1,1,0,27,14,0,0,clearclips.pdf
0,0,3,3,68,68,20,1,0,69.8212890625,0,0,3,3,3,2,3,2,63,2,2,56,2,0,68,13,0,0,74fr13268.pdf
0,0,2,2,26,26,14,0,0,86.1767578125,0,1,1,2,2,1,2,1,25,1,1,5,1,0,26,13,0,0,ameacdneu.pdf
0,0,1,1,6,6,2,0,0,78.8193359375,0,0,1,1,1,1,1,0,2,1,1,1,0,0,6,13,1,0,bluminter.pdf
0,0,2,2,11,11,3,0,0,27.67578125,0,1,1,2,2,1,1,2,4,1,1,0,0,0,11,12,1,0,alabanza.pdf
0,0,2,2,59,59,21,0,0,75.814453125,0,1,16,3,2,1,16,1,17,2,1,57,1,0,59,12,0,0,rr-11-12.pdf
0,0,2,0,23,23,20,0,0,45.8798828125,0,1,1,2,2,0,0,2,4,0,2,0,1,0,23,16,0,0,Alex_Alarcon.pdf
0,0,2,2,29,29,7,0,0,26.3056640625,0,1,2,3,2,1,2,1,19,2,1,45,1,0,29,11,0,0,n-11-17.pdf
0,0,1,1,6,6,2,0,0,72.828125,0,0,1,1,1,1,1,0,2,1,1,1,0,0,6,11,1,0,clabinc.pdf
0,0,2,2,48,48,13,0,0,24.8642578125,0,1,11,2,2,1,11,1,11,1,1,31,1,0,48,11,0,0,n-12-38.pdf
0,0,2,2,118,118,36,0,0,62.9150390625,0,1,31,2,2,1,31,1,18,1,1,75,1,0,118,12,0,0,rp-09-47.pdf
0,0,4,0,74,74,66,0,0,124.544921875,0,0,3,5,4,0,8,4,35,0,4,8,3,0,74,10,0,0,f8804w.pdf
0,0,1,2,37,37,8,1,0,17.2890625,0,0,2,3,1,1,4,2,34,1,2,27,1,0,37,18,0,0,us_ireland_caa.pdf
0,0,2,2,11,11,3,0,0,36.7373046875,0,1,1,2,2,1,1,2,4,1,1,0,0,0,11,12,1,0,bentnrea.pdf
0,0,2,2,29,29,6,0,0,13.603515625,0,1,4,2,2,1,4,1,15,1,1,44,1,0,29,12,0,0,rp-05-17.pdf
0,0,3,0,64,64,58,0,0,91.67578125,0,0,2,3,3,0,12,3,33,0,3,12,1,0,64,20,0,0,f8835_accessible.pdf
0,0,3,0,49,49,43,0,0,69.509765625,0,0,2,3,3,0,2,3,24,0,3,2,1,0,49,9,0,0,f8900.pdf
0,0,5,0,82,82,73,0,0,101.791015625,0,0,4,6,5,0,20,5,51,0,5,14,4,0,82,9,0,0,f6627.pdf
0,0,1,1,20,20,4,0,0,17.435546875,0,0,4,1,1,1,4,1,6,1,1,8,0,0,20,11,0,0,n-99-34.pdf
0,0,2,2,64,64,21,0,0,44.3896484375,0,1,7,2,2,1,7,2,24,1,1,35,1,0,64,10,0,0,iw8imy.pdf
0,0,3,3,74,74,32,0,0,43.373046875,0,0,8,3,3,4,10,3,22,4,2,37,2,0,74,11,0,0,073301f.pdf
0,0,2,2,42,42,13,0,0,68.1982421875,0,1,6,2,2,1,6,2,15,1,1,38,1,0,42,11,0,0,a-04-32.pdf
0,0,2,2,40,40,14,0,0,26.8212890625,0,1,9,3,2,1,9,1,30,1,1,39,1,1,40,11,0,0,a-08-98.pdf
0,0,2,2,245,245,79,1,0,324.7705078125,0,1,64,2,2,1,64,2,23,1,1,104,1,3,245,12,0,0,rp-02-55.pdf
0,0,1,0,69,69,58,0,0,224.52734375,0,1,9,2,1,0,9,1,30,0,1,9,11,0,69,11,0,0,p4128sp.pdf
0,0,2,0,29,29,24,0,0,45.34375,0,1,3,2,2,0,0,2,8,0,2,3,1,0,29,33,0,0,retirement_savings_fact_sheet.pdf
2,3,3,3,47,47,5,2,0,33.927734375,0,0,1,3,3,2,1,2,40,2,2,29,2,6,47,9,0,1,f656a.pdf
0,0,2,2,104,104,22,0,0,245.890625,0,0,3,2,2,2,8,2,104,2,2,86,1,11,104,13,0,0,77fr18705.pdf
0,0,2,2,11,11,3,0,0,29.76171875,0,1,1,2,2,1,1,2,4,1,1,0,0,0,11,10,1,0,baraga.pdf
0,0,2,2,41,41,11,0,0,23.64453125,0,1,6,3,2,1,6,1,28,1,1,16,1,1,41,12,0,0,rr-06-17.pdf
0,0,2,2,114,114,52,0,0,143.29296875,0,1,38,3,2,1,38,1,57,1,1,78,1,0,114,12,0,0,rp-04-40.pdf
0,0,2,2,11,11,3,0,0,24.8447265625,0,1,1,2,2,1,1,2,4,1,1,0,0,0,11,11,1,0,acronet.pdf
0,0,1,0,1193,1193,36,0,0,347.224609375,0,0,1,1,1,1,2,34,1256,1,1,68,1,55,1193,10,0,0,artnet.pdf
0,0,2,2,43,43,22,0,0,123.341796875,0,1,2,3,2,1,2,1,26,1,1,43,1,0,43,16,0,0,cp130_korean.pdf
0,0,1,1,6,6,2,0,0,85.1240234375,0,0,1,1,1,1,1,0,2,1,1,1,0,0,6,12,1,0,bittornt.pdf
0,0,2,2,205,205,31,0,0,153.78515625,0,1,8,2,2,1,11,1,58,1,1,82,1,7,205,13,0,0,i1099b_11.pdf
0,0,1,1,6,6,2,0,0,79.0361328125,0,0,1,1,1,1,1,0,2,1,1,1,0,0,6,12,1,0,ambafjae.pdf
0,0,2,2,33,33,9,0,0,18.1025390625,0,1,6,2,2,1,6,1,11,1,1,26,1,0,33,11,0,0,n-05-22.pdf
0,0,2,2,50,50,7,0,0,15.017578125,0,1,2,2,2,0,2,2,44,1,1,18,1,0,50,7,0,0,301.pdf
0,0,2,2,38,38,11,1,0,18.6201171875,0,1,3,2,2,1,3,2,11,1,1,24,0,0,38,11,0,0,a-00-77.pdf
0,0,2,2,11,11,3,0,0,29.904296875,0,1,1,2,2,1,1,2,4,1,1,0,0,0,11,8,1,0,ahpl.pdf
0,0,1,1,6,6,2,0,0,69.5302734375,0,0,1,1,1,1,1,0,2,1,1,1,0,0,6,12,1,0,blowtrch.pdf
0,0,1,1,6,6,2,0,0,90.6435546875,0,0,1,1,1,1,1,0,2,1,1,1,0,0,6,11,1,0,chronim.pdf
0,0,2,2,229,229,36,0,0,189.5771484375,0,1,10,2,2,1,14,1,53,1,1,104,1,0,229,15,0,0,i8606--2010.pdf
0,0,2,2,113,113,18,0,0,138.974609375,0,1,1,2,2,1,2,1,86,1,1,31,1,2,113,12,0,0,conetrix.pdf
0,0,2,2,41,41,15,0,0,163.70703125,0,1,1,3,2,1,1,1,34,1,1,77,1,0,41,20,0,0,about_our_office.pdf
0,0,6,0,158,158,144,0,0,304.525390625,0,0,6,7,6,0,86,6,119,0,6,49,5,0,158,9,0,0,f5316.pdf
0,0,3,0,45,45,33,0,0,164.9873046875,0,0,1,3,3,0,3,3,18,0,3,14,2,0,45,16,0,0,berrycollege.pdf
0,0,2,2,58,58,44,0,0,97.759765625,0,1,2,2,2,1,3,1,65,1,1,5,1,0,58,12,0,0,chicompu.pdf
0,0,2,2,37,37,16,0,0,56.4150390625,0,1,2,2,2,1,2,1,29,1,1,48,1,0,37,13,0,0,70fr46193.pdf
0,0,2,2,49,49,20,0,0,38.123046875,0,1,2,2,2,1,2,1,35,1,1,50,1,0,49,9,0,0,i5735.pdf
0,0,2,2,47,47,17,0,0,76.2919921875,0,1,2,2,2,1,2,2,17,1,1,36,1,0,47,11,0,0,a-03-56.pdf
2,3,1,2,374,374,221,0,0,319.3662109375,0,0,2,3,1,1,190,3,443,1,2,157,1,105,374,20,0,1,f8898_accessible.pdf
0,0,2,2,40,40,13,0,0,124.0068359375,0,1,2,2,2,1,2,2,15,1,1,32,0,0,40,13,0,0,65fr17840.pdf
0,0,2,0,34,34,31,0,0,162.2841796875,0,1,1,2,2,0,2,2,10,0,2,1,1,0,34,13,0,0,ave23corp.pdf
0,0,1,1,6,6,2,0,0,108.275390625,0,0,1,1,1,1,1,0,2,1,1,1,0,0,6,12,1,0,canibmsc.pdf
0,0,2,4,193,193,50,0,0,169.7158203125,0,0,2,4,2,2,19,3,195,2,3,161,2,53,192,9,0,0,f8919.pdf
0,0,1,1,31,31,7,0,0,14.9609375,0,0,7,1,1,1,7,1,8,1,1,15,0,0,31,11,0,0,n-98-49.pdf
0,0,2,2,213,213,26,0,0,239.98828125,0,1,1,2,2,1,3,1,181,1,1,60,1,2,213,11,0,0,blabber.pdf
0,0,2,2,21,21,5,0,0,197.1259765625,0,1,1,2,2,1,1,1,9,1,1,0,1,0,21,11,0,0,p4053sp.pdf
0,0,2,2,64,64,17,0,0,58.4912109375,0,1,2,2,2,1,2,1,73,1,1,59,1,10,64,12,0,0,72fr5931.pdf
0,0,2,2,92,92,17,0,0,113.1875,0,1,1,2,2,1,2,1,71,1,1,22,1,3,92,17,0,0,avon_products.pdf
0,0,2,2,118,118,46,0,0,108.9365234375,0,1,13,2,2,1,13,1,46,1,1,85,1,0,118,9,0,0,i5330.pdf
0,0,2,2,108,108,48,0,0,106.3310546875,0,1,36,3,2,1,36,1,58,1,1,86,1,0,108,12,0,0,rp-06-32.pdf
0,0,2,0,31,31,27,0,0,53.9775390625,0,1,2,2,2,0,0,2,11,0,2,2,1,0,31,30,0,0,NIH_eSubmission_SmBus_Tips.pdf
0,0,2,0,28,28,25,0,0,93.3671875,0,1,1,2,2,0,2,2,10,0,2,1,1,0,28,17,0,0,communitywalk.pdf
0,0,2,2,31,31,19,0,0,95.033203125,0,1,1,2,2,1,2,1,30,1,1,5,1,0,31,12,0,0,blakandc.pdf
0,0,2,2,63,63,18,0,0,44.626953125,0,1,15,3,2,1,15,1,19,2,1,35,1,0,63,12,0,0,rp-12-12.pdf
0,0,1,1,10,10,5,0,0,32.6259765625,0,0,1,1,1,1,4,1,3,1,1,0,0,0,10,20,1,0,purepdf_patterns.pdf
0,0,2,2,11,11,3,0,0,28.2421875,0,1,1,2,2,1,1,2,4,1,1,0,0,0,11,9,1,0,aptex.pdf
0,0,5,0,60,60,53,0,0,82.9072265625,0,0,2,6,5,0,9,5,36,0,5,5,4,0,60,11,0,0,f5713sa.pdf
0,0,2,2,372,372,45,0,0,269.01171875,0,1,23,2,2,1,25,1,44,1,1,96,1,1,372,12,0,0,i1120pm3.pdf
0,0,2,2,51,51,14,0,0,31.81640625,0,1,12,2,2,1,12,1,11,1,1,32,1,0,51,11,0,0,n-07-80.pdf
0,0,2,0,26,26,22,0,0,47.578125,0,1,2,2,2,0,2,2,9,0,2,2,1,0,26,25,0,0,Andrew_Jeffrey_Finley.pdf
0,0,1,1,30,30,4,0,0,10.984375,0,0,1,1,1,1,1,4,18,1,1,11,1,0,30,15,0,0,Azeem_Anwar.pdf
0,0,2,2,39,39,15,0,0,47.40625,0,1,5,3,2,1,5,1,26,1,1,45,1,0,39,35,0,0,summary_of_methods_tax_gap_2006.pdf
0,0,2,2,43,43,12,0,0,21.009765625,0,1,10,2,2,1,10,1,11,1,1,30,1,0,43,12,0,0,rp-10-44.pdf
0,0,2,2,32,32,20,0,0,79.947265625,0,1,1,2,2,1,2,1,31,1,1,5,1,0,32,11,0,0,comcolt.pdf
0,0,2,2,28,28,7,0,0,13.2529296875,0,1,5,2,2,1,5,1,11,1,1,25,1,0,28,12,0,0,rp-08-21.pdf
0,0,2,2,117,117,21,0,0,165.1318359375,0,1,1,2,2,1,2,1,80,1,1,44,1,1,117,13,0,0,comsol_ab.pdf
0,0,4,0,92,92,85,0,0,110.5908203125,0,0,2,4,4,0,29,4,54,0,4,11,2,0,92,39,0,0,f1120-f_schedule_i--2011-00-00--acc.pdf
0,0,4,0,57,57,50,0,0,77.8291015625,0,0,2,5,4,0,9,4,35,0,4,5,3,0,57,11,0,0,f5713sc.pdf
0,0,2,2,33,33,10,0,0,57.85546875,0,1,5,2,2,1,5,2,11,1,1,21,1,0,33,12,0,0,rr-04-22.pdf
0,0,3,3,1221,1221,39,1,0,320.62890625,0,0,12,3,3,2,12,15,2119,2,2,98,2,2,1221,9,0,0,p1458.pdf
0,0,2,2,25,25,6,0,0,10.6650390625,0,1,4,2,2,1,4,1,11,1,1,24,1,0,25,12,0,0,rr-05-54.pdf
0,0,2,2,22,22,5,0,0,15.3701171875,0,1,2,3,2,1,2,1,13,2,1,22,1,0,22,11,0,0,n-10-69.pdf
0,0,3,0,114,114,106,0,0,128.6875,0,0,4,3,3,0,52,3,79,0,3,20,1,0,114,10,0,0,f940pr.pdf
0,0,3,0,22,22,17,0,0,26.080078125,0,0,1,3,3,1,0,3,12,1,3,1,2,0,22,14,0,0,OLAW_chart.pdf
0,0,3,4,55,55,23,0,0,67.505859375,0,0,15,6,3,2,15,4,37,2,4,45,2,0,55,31,0,0,loans_phoneforum_transcript.pdf
0,0,2,2,268,268,82,0,0,248.03125,0,1,66,3,2,1,66,2,40,1,1,121,1,0,268,12,0,0,irb03-04.pdf
0,0,3,0,174,174,167,0,0,154.8759765625,0,0,3,3,3,0,105,3,126,0,3,37,1,0,174,25,0,0,f1120pcsm3_accessible.pdf
0,0,3,4,388,388,116,0,0,281.0693359375,0,0,80,6,3,2,80,4,189,2,4,142,2,0,388,36,0,0,governance_training_presentation.pdf
3,3,6,8,267,267,111,0,0,237.9033203125,0,0,3,9,6,0,70,8,284,5,7,119,5,80,266,10,0,1,f14134.pdf
0,0,3,3,108,108,45,0,0,64.03125,0,0,2,3,3,2,20,2,91,2,2,88,2,13,108,8,0,0,fw4v.pdf
0,0,2,2,12,12,4,0,0,19.857421875,0,1,1,2,2,1,1,2,5,1,1,0,1,0,12,12,1,0,careconx.pdf
0,0,2,2,68,68,22,0,0,76.5947265625,0,1,9,2,2,1,9,2,27,1,1,50,1,0,68,13,0,0,66fr37142.pdf
0,0,2,2,184,184,17,0,0,114.2685546875,0,1,1,2,2,1,2,1,150,1,1,22,1,0,184,9,0,0,aslha.pdf
0,0,1,1,6,6,2,0,0,53.91796875,0,0,1,1,1,1,1,0,2,1,1,1,0,0,6,12,1,0,bitluhol.pdf
0,0,2,2,38,38,15,0,0,41.1884765625,0,1,5,3,2,1,5,1,30,1,1,38,1,1,38,12,0,0,fsad-pia.pdf
0,0,3,3,70,70,24,0,0,41.3388671875,0,0,2,3,3,2,16,2,60,2,2,40,2,14,70,9,0,0,f921p.pdf
0,0,1,1,6,6,2,0,0,75.57421875,0,0,1,1,1,1,1,0,2,1,1,1,0,0,6,12,1,0,auchrcor.pdf
0,0,2,2,127,127,44,0,0,164.78125,0,1,22,3,2,1,22,1,68,1,1,117,1,3,127,25,0,0,infoqualityguidelines.pdf
0,0,1,1,6,6,2,0,0,77.7978515625,0,0,1,1,1,1,1,0,2,1,1,1,0,0,6,12,1,0,advrescm.pdf
0,0,2,2,110,110,41,0,0,387.4169921875,0,1,11,3,2,1,11,1,117,1,1,54,1,14,110,32,0,0,2012_fillable_forms_tutorial.pdf
0,0,2,0,699,699,369,0,0,194.0380859375,0,0,2,2,2,1,336,2,371,1,2,271,2,0,699,10,0,0,f990sl.pdf
0,0,3,0,97,97,91,0,0,147.3544921875,0,0,2,3,3,0,46,3,70,0,3,18,1,0,97,22,0,0,f2555ez_accessible.pdf
0,0,2,2,11,11,3,0,0,27.765625,0,1,1,2,2,1,1,2,4,1,1,0,0,0,11,10,1,0,apsoup.pdf
0,0,2,2,83,83,21,0,0,93.6572265625,0,1,1,2,2,1,3,1,64,1,1,28,1,0,83,9,0,0,aspen.pdf
0,0,2,2,73,73,21,0,0,44.4365234375,0,1,18,2,2,1,18,1,15,1,1,51,1,0,73,12,0,0,rp-08-35.pdf
0,0,3,0,69,69,63,0,0,94.3017578125,0,0,2,3,3,0,20,3,41,0,3,8,1,0,69,20,0,0,f8697_accessible.pdf
0,0,1,1,11,11,1,0,0,3.3466796875,0,0,1,1,1,1,1,1,11,1,1,19,0,0,11,31,1,0,purepdf_verticaltextexample.pdf
0,0,1,1,6,6,2,0,0,78.8466796875,0,0,1,1,1,1,1,0,2,1,1,1,0,0,6,11,1,0,chadron.pdf
0,0,4,0,111,111,101,0,0,150.9814453125,0,0,4,4,4,0,46,4,77,0,4,32,1,0,111,11,0,0,f944xsp.pdf
0,0,1,1,6,6,2,0,0,80.349609375,0,0,1,1,1,1,1,0,2,1,1,1,0,0,6,10,1,0,bcnllc.pdf
0,0,1,1,6,6,2,0,0,76.73828125,0,0,1,1,1,1,1,0,2,1,1,1,0,0,6,12,1,0,advngcom.pdf
0,0,3,3,165,165,25,0,0,181.62890625,0,0,1,3,3,2,3,2,131,2,2,41,2,0,165,23,0,0,arandellcorporation.pdf
0,0,1,1,23,23,4,0,0,24.6982421875,0,0,1,1,1,1,1,1,6,1,1,17,0,0,23,20,0,0,20101215-P-Davis.pdf
0,0,3,0,95,95,87,0,0,115.6474609375,0,0,4,3,3,0,37,3,64,0,3,15,1,0,95,20,0,0,f6252_accessible.pdf
0,0,2,2,74,74,48,0,0,55.5263671875,0,1,2,3,2,1,2,1,50,1,1,58,1,0,74,17,0,0,cp21b_english.pdf
0,0,1,1,6,6,2,0,0,86.482421875,0,0,1,1,1,1,1,0,2,1,1,1,0,0,6,15,1,0,comtechcars.pdf
0,0,1,1,6,6,2,0,0,64.0849609375,0,0,1,1,1,1,1,0,2,1,1,1,0,0,6,11,1,0,bocacom.pdf
0,0,3,4,52,52,22,0,0,44.869140625,0,0,14,6,3,2,14,4,34,2,4,34,2,0,52,11,0,0,n-11-06.pdf
0,0,3,0,40,40,35,0,0,147.7626953125,0,0,1,3,3,0,0,3,14,0,3,1,2,1,40,21,0,0,08inratesharesnap.pdf
0,0,5,0,77,77,68,0,0,194.3447265625,0,0,2,6,5,3,6,5,42,3,5,2,4,0,77,12,0,0,p4346eru.pdf
0,0,3,0,96,96,86,0,0,125.748046875,0,0,6,3,3,0,48,3,69,0,3,20,1,0,96,24,0,0,f1099sa12_accessible.pdf
0,0,2,2,11,11,3,0,0,26.4638671875,0,1,1,2,2,1,1,2,4,1,1,0,0,0,11,12,1,0,commresg.pdf
0,0,2,2,130,130,21,0,0,173.9560546875,0,1,1,2,2,1,2,1,97,1,1,44,1,2,130,18,0,0,college_runway.pdf
0,0,4,0,60,60,53,0,0,75.5869140625,0,0,2,5,4,0,9,4,38,0,4,5,3,0,60,10,0,0,f8879f.pdf
0,0,2,2,328,328,107,0,0,398.109375,0,1,52,3,2,1,52,1,233,1,1,139,1,21,328,11,0,0,a-09-28.pdf
0,0,4,0,80,80,73,0,0,91.6083984375,0,0,2,5,4,0,30,4,58,0,4,18,3,0,80,9,0,0,f8824.pdf
0,0,1,1,6,6,2,0,0,78.9658203125,0,0,1,1,1,1,1,0,2,1,1,1,0,0,6,12,1,0,advnetem.pdf
0,0,2,0,28,28,25,0,0,102.2880859375,0,1,1,2,2,0,2,2,9,0,2,1,1,0,28,24,0,0,belzebuub_foundation.pdf
0,0,2,2,574,574,22,1,0,149.3095703125,0,1,16,2,2,1,16,2,533,1,1,40,1,0,574,12,0,0,rr-03-49.pdf
0,0,3,3,20,20,9,0,0,222.611328125,0,0,3,3,3,2,3,3,9,2,2,3,2,0,20,12,0,0,cmphltcr.pdf
0,0,2,2,27,27,10,0,0,21.4755859375,0,1,4,3,2,1,4,1,21,1,1,35,1,0,27,12,0,0,rr-10-01.pdf
0,0,1,1,6,6,2,0,0,85.4052734375,0,0,1,1,1,1,1,0,2,1,1,1,0,0,6,12,1,0,arlingco.pdf
0,0,2,2,120,120,79,0,0,72.1279296875,0,1,3,3,2,0,10,1,83,1,1,74,1,0,120,16,0,0,cp16_english.pdf
0,0,1,1,6,6,2,0,0,76.4609375,0,0,1,1,1,1,1,0,2,1,1,1,0,0,6,10,1,0,conpup.pdf
0,0,2,2,36,36,24,0,0,93.4052734375,0,1,1,2,2,1,2,1,37,1,1,5,1,0,36,12,0,0,concptsw.pdf
0,0,1,1,6,6,2,0,0,71.3125,0,0,1,1,1,1,1,0,2,1,1,1,0,0,6,12,1,0,asnirnst.pdf
0,0,2,2,413,413,48,0,0,245.6884765625,0,1,16,2,2,1,20,1,115,1,1,118,1,50,413,9,0,0,i8865.pdf
0,0,2,0,34,34,31,0,0,157.55859375,0,1,1,2,2,0,2,2,10,0,2,1,1,0,34,12,0,0,bullhrnt.pdf
0,0,2,2,128,128,23,0,0,207.6767578125,0,1,1,2,2,1,2,1,100,1,1,55,1,2,128,9,0,0,conga.pdf
0,0,2,2,11,11,3,0,0,22.0224609375,0,1,1,2,2,1,1,2,4,1,1,0,0,0,11,9,1,0,avtel.pdf
0,0,1,1,21,21,3,0,0,27.9658203125,0,0,3,1,1,1,3,1,13,1,1,28,0,0,21,13,0,0,64fr52107.pdf
0,0,2,2,38,38,9,0,0,16.3359375,0,1,7,2,2,1,7,1,15,1,1,47,1,0,38,12,0,0,rr-06-36.pdf
1,1,3,3,97,97,34,0,0,40.0419921875,0,0,1,3,3,2,31,2,145,2,2,15,2,30,97,10,0,1,f12507.pdf
0,0,1,1,6,6,2,0,0,76.134765625,0,0,1,1,1,1,1,0,2,1,1,1,0,0,6,13,1,0,adminserv.pdf
0,0,2,0,60,60,57,0,0,89.1611328125,0,1,1,2,2,0,42,2,53,0,2,1,1,0,60,21,0,0,ContractAppendixD.pdf
0,0,3,0,64,64,58,0,0,91.5244140625,0,0,2,3,3,0,5,3,31,0,3,3,1,0,64,20,0,0,f8863_accessible.pdf
0,0,2,0,33,33,30,0,0,165.4541015625,0,1,1,2,2,0,2,2,10,0,2,1,1,0,33,9,0,0,burba.pdf
0,0,2,2,121,121,16,0,0,108.201171875,0,1,1,2,2,1,2,1,107,1,1,14,1,8,121,19,0,0,content_distrib.pdf
0,0,2,0,29,29,26,0,0,93.552734375,0,1,1,2,2,0,2,2,10,0,2,1,1,0,29,13,0,0,4anywhere.pdf
0,0,2,2,443,443,141,0,0,313.416015625,0,1,132,2,2,1,132,2,13,1,1,146,0,0,443,12,0,0,rp-99-49.pdf
0,0,2,2,38,38,9,0,0,16.1201171875,0,1,6,2,2,1,6,1,17,1,1,57,1,0,38,12,0,0,rp-05-22.pdf
0,0,3,0,104,104,96,0,0,124.7216796875,0,0,4,3,3,0,49,3,70,0,3,19,1,0,104,20,0,0,f5472_accessible.pdf
0,0,2,2,54,54,19,0,0,41.8701171875,0,1,14,3,2,1,14,1,36,1,1,44,1,1,54,11,0,0,n-06-50.pdf
0,0,2,2,36,36,8,0,0,17.958984375,0,1,4,3,2,1,4,1,26,1,1,34,1,0,36,12,0,0,rr-06-09.pdf
0,0,2,0,124,124,25,0,0,48.7490234375,0,0,4,2,2,1,0,2,97,1,2,9,2,0,124,11,0,0,121602f.pdf
0,0,2,2,53,53,27,0,0,331.849609375,0,1,2,3,2,1,2,1,35,1,1,73,3,0,53,9,0,0,p4327.pdf
0,0,2,2,11,11,3,0,0,28.4892578125,0,1,1,2,2,1,1,2,4,1,1,0,0,0,11,9,1,0,canpl.pdf
0,0,2,2,72,72,21,0,0,40.20703125,0,1,17,2,2,1,17,1,19,1,1,53,1,0,72,11,0,0,n-09-18.pdf
0,0,2,2,82,82,20,0,0,91.130859375,0,1,1,2,2,1,2,1,69,1,1,26,1,1,82,10,0,0,bookit.pdf
0,0,3,0,49,49,43,0,0,73.8359375,0,0,2,3,3,0,2,3,25,0,3,2,1,0,49,21,0,0,f1041v_accessible.pdf
0,0,2,2,55,55,43,0,0,128.970703125,0,1,1,2,2,1,2,1,56,1,1,5,1,0,55,11,0,0,ampreni.pdf
0,0,2,2,67,67,22,0,0,30.06640625,0,1,2,4,2,1,2,1,36,1,1,57,1,0,67,6,0,0,p1.pdf
0,0,2,2,42,42,13,0,0,66.587890625,0,1,6,2,2,1,6,2,15,1,1,38,1,0,42,12,0,0,rr-03-92.pdf
0,0,2,0,67,67,49,0,0,129.39453125,0,1,16,2,2,0,16,2,16,0,2,16,1,0,67,12,0,0,92chap12.pdf
0,0,2,2,67,67,27,0,0,58.5888671875,0,1,3,3,2,1,3,1,50,1,1,75,2,0,67,9,0,0,i8828.pdf
0,0,3,4,241,241,77,0,0,366.4521484375,0,0,40,6,3,3,80,4,185,3,4,137,2,1,241,17,0,0,2002-2003_pgp.pdf
0,0,2,2,11,11,3,0,0,25.337890625,0,1,1,2,2,1,1,2,4,1,1,0,0,0,11,9,1,0,cigna.pdf
0,0,2,2,50,50,21,0,0,36.580078125,0,1,5,3,2,1,5,1,40,1,1,63,1,1,50,11,0,0,sia-pia.pdf
0,0,2,0,15,15,12,0,0,17.8701171875,0,1,1,2,2,0,0,2,5,0,2,0,1,0,15,11,0,0,12-0020.pdf
0,0,2,2,633,633,66,0,0,257.4150390625,0,1,32,3,2,0,32,1,1100,1,1,94,1,193,633,22,0,0,simple_fixit_guide.pdf
1,2,3,6,85,85,27,0,0,39.361328125,0,0,2,9,3,3,13,8,76,3,8,33,3,11,85,19,0,1,f921_accessible.pdf
2,3,1,2,269,269,154,0,0,94.474609375,0,0,2,3,1,1,139,3,348,1,2,98,1,75,269,20,0,1,f5753_accessible.pdf
0,0,2,2,196,196,20,1,0,100.3427734375,0,1,5,2,2,1,5,2,155,1,1,45,1,0,196,12,0,0,rp-02-11.pdf
0,0,2,2,24,24,12,0,0,95.2763671875,0,1,1,2,2,1,2,1,23,1,1,5,1,0,24,8,0,0,bion.pdf
0,0,2,2,38,38,10,0,0,27.267578125,0,1,7,2,2,1,7,1,13,1,1,37,1,0,38,11,0,0,n-07-83.pdf
0,0,1,1,6,6,2,0,0,74.6435546875,0,0,1,1,1,1,1,0,2,1,1,1,0,0,6,12,1,0,a10callc.pdf
0,0,2,2,26,26,14,0,0,68.84375,0,1,1,2,2,1,2,1,27,1,1,5,1,0,26,12,0,0,bserbifs.pdf
0,0,1,1,35,35,10,0,0,68.9853515625,0,0,3,1,1,1,3,1,17,1,1,37,1,1,35,20,0,0,memo_initiatives.pdf
0,0,1,1,6,6,2,0,0,73.9326171875,0,0,1,1,1,1,1,0,2,1,1,1,0,0,6,13,1,0,allforacu.pdf
0,0,2,2,36,36,8,0,0,16.267578125,0,1,4,3,2,1,4,1,24,1,1,14,1,0,36,12,0,0,rp-08-26.pdf
0,0,1,1,6,6,2,0,0,86.5341796875,0,0,1,1,1,1,1,0,2,1,1,1,0,0,6,12,1,0,brockton.pdf
0,0,2,2,150,150,9,1,0,66.01953125,0,1,4,2,2,1,4,2,111,1,1,20,1,1,150,12,0,0,rr-04-32.pdf
0,0,1,1,18,18,10,0,0,291.6884765625,0,0,5,1,1,1,5,0,6,1,1,5,0,0,18,11,0,0,cahners.pdf
1,2,2,2,139,139,15,0,0,50.158203125,0,1,1,2,2,1,4,15,145,1,1,44,1,17,139,21,0,1,f13776_accessible.pdf
0,0,1,1,38,38,11,0,0,58.0458984375,0,0,4,1,1,1,4,1,29,1,1,58,0,0,38,13,0,0,69fr42007.pdf
1,2,2,2,168,168,70,0,0,84.330078125,0,1,2,3,2,1,47,1,204,1,1,109,1,45,168,20,0,1,f4768_accessible.pdf
0,0,2,2,43,43,5,1,0,36.9990234375,0,1,1,2,2,1,1,2,45,1,1,9,1,0,43,11,0,0,a-03-18.pdf
0,0,2,2,377,377,18,0,0,96.9296875,0,1,6,2,2,1,6,1,367,1,1,60,1,1,377,12,0,0,fsrp-pia.pdf
0,0,2,2,29,29,17,0,0,77.111328125,0,1,1,2,2,1,2,1,30,1,1,5,1,0,29,11,0,0,alcodru.pdf
0,0,2,2,227,227,12,0,0,43.982421875,0,1,4,2,2,1,4,1,225,1,1,34,1,1,227,10,0,0,ca-pia.pdf
0,0,2,2,11,11,3,0,0,23.103515625,0,1,1,2,2,1,1,2,4,1,1,0,0,0,11,10,1,0,comser.pdf
0,0,2,2,507,507,23,1,0,140.9296875,0,1,18,2,2,1,18,2,416,1,1,34,1,0,507,12,0,0,rp-02-63.pdf
0,0,2,2,41,41,11,0,0,30.5830078125,0,1,8,2,2,1,8,1,13,1,1,38,1,0,41,11,0,0,a-05-80.pdf
0,0,2,2,44,44,14,0,0,92.130859375,0,1,5,2,2,1,5,2,19,1,1,47,1,0,44,11,0,0,n-03-53.pdf
0,0,1,1,6,6,2,0,0,78.16015625,0,0,1,1,1,1,1,0,2,1,1,1,0,0,6,12,1,0,brandmck.pdf
0,0,2,2,90,90,32,0,0,247.2333984375,0,1,1,2,2,1,3,2,82,1,1,83,3,9,90,19,0,0,06itcorptaxsnap.pdf
0,0,2,2,11,11,3,0,0,28.4052734375,0,1,1,2,2,1,1,2,4,1,1,0,0,0,11,8,1,0,bing.pdf
0,0,2,2,52,52,28,0,0,32.404296875,0,1,1,3,2,1,4,1,35,1,1,39,1,0,52,16,0,0,cp88_english.pdf
0,0,3,0,38,38,34,0,0,188.7548828125,0,0,1,3,3,1,2,3,13,1,3,1,2,0,38,22,0,0,active_imagenation.pdf
0,0,2,2,51,51,30,0,0,99.6767578125,0,1,1,3,2,1,1,1,24,1,1,31,1,0,51,15,0,0,lbiorgchart.pdf
0,0,2,2,35,35,21,0,0,81.2421875,0,1,2,2,2,1,3,1,38,1,1,5,1,0,35,12,0,0,cfenterp.pdf
0,0,3,0,59,59,54,0,0,78.16796875,0,0,1,3,3,0,10,3,32,0,3,4,1,0,59,22,0,0,f1040sa_accessible.pdf
0,0,2,2,35,35,17,0,0,42.5732421875,0,1,4,2,2,0,9,1,21,1,1,33,1,0,35,18,0,0,cp259a_english.pdf
0,0,1,1,6,6,2,0,0,90.916015625,0,0,1,1,1,1,1,0,2,1,1,1,0,0,6,12,1,0,colmtstv.pdf
0,0,1,0,33,33,32,0,0,163.64453125,0,0,1,1,1,0,2,1,7,0,1,0,1,0,33,11,0,0,adready.pdf
0,0,3,0,121,121,110,0,0,129.716796875,0,0,7,3,3,0,58,3,83,0,3,30,2,0,121,9,0,0,f8832.pdf
0,0,2,2,29,29,17,0,0,89.134765625,0,1,1,2,2,1,2,1,28,1,1,5,1,0,29,12,0,0,civtechs.pdf
0,0,1,2,164,164,27,0,0,98.2275390625,0,0,12,3,1,1,12,2,110,1,2,57,1,1,164,32,0,0,roth_phoneforum_presentation.pdf
0,0,2,2,46,46,12,1,0,104.470703125,0,1,2,2,2,1,2,2,12,1,1,23,0,0,46,12,0,0,ir01-108.pdf
0,0,2,2,24,24,6,0,0,14.1298828125,0,1,4,2,2,1,4,2,8,1,1,11,1,0,24,7,0,0,210.pdf
0,0,2,2,169,169,51,0,0,130.326171875,0,1,44,2,2,1,44,1,25,1,1,129,1,0,169,11,0,0,n-07-53.pdf
0,0,2,2,32,32,15,0,0,29.8974609375,0,1,2,3,2,1,2,1,22,1,1,12,1,1,32,19,0,0,3-pablo-lecuona.pdf
0,0,2,0,124,124,117,0,0,99.55859375,0,0,3,3,2,0,78,2,97,0,2,53,1,0,124,9,0,0,f8554.pdf
0,0,3,0,64,64,58,0,0,78.7958984375,0,0,2,3,3,0,14,3,36,0,3,6,1,0,64,20,0,0,f945x_accessible.pdf
0,0,1,1,6,6,2,0,0,76.4716796875,0,0,1,1,1,1,1,0,2,1,1,1,0,0,6,13,1,0,beechacre.pdf
0,0,2,2,124,124,9,1,0,68.16796875,0,1,5,2,2,1,5,2,104,1,1,13,1,0,124,11,0,0,rr-03-1.pdf
0,0,2,2,35,35,8,0,0,25.6640625,0,1,6,2,2,1,6,2,14,1,1,34,1,0,35,11,0,0,043101f.pdf
0,0,4,0,80,80,73,0,0,128.7646484375,0,0,3,4,4,0,7,4,32,0,4,7,2,0,80,10,0,0,f1120w.pdf
0,0,3,4,307,307,51,0,0,247.2724609375,0,0,7,4,3,2,9,3,333,2,2,164,2,123,306,14,0,0,f1041es_11.pdf
0,0,2,2,47,47,24,0,0,106.7451171875,0,1,2,3,2,1,2,1,29,1,1,58,1,0,47,20,0,0,cp120_vietnamese.pdf
0,0,2,0,55,55,47,0,0,64.5478515625,0,0,4,3,2,0,10,2,24,0,2,8,1,0,55,11,0,0,f13424b.pdf
0,1,2,2,213,213,108,0,0,224.837890625,0,1,3,2,2,1,93,1,200,1,1,70,1,75,213,12,0,0,f1120fsp.pdf
0,0,2,2,24,24,12,0,0,80.263671875,0,1,1,2,2,1,2,1,23,1,1,5,1,0,24,12,0,0,bnienter.pdf
0,0,1,1,6,6,2,0,0,85.3076171875,0,0,1,1,1,1,1,0,2,1,1,1,0,0,6,13,1,0,amasadvsc.pdf
0,0,3,0,65,65,59,0,0,141.0126953125,0,0,4,4,3,2,13,3,43,2,3,9,3,0,65,9,0,0,f8814.pdf
0,0,2,2,48,48,36,0,0,119.630859375,0,1,1,2,2,1,2,1,47,1,1,5,1,0,48,15,0,0,affilmarket.pdf
0,0,2,2,11,11,3,0,0,28.927734375,0,1,1,2,2,1,1,2,4,1,1,0,0,0,11,12,1,0,colmtlco.pdf
0,0,2,2,57,57,16,0,0,31.6533203125,0,1,14,2,2,1,14,1,11,1,1,34,1,0,57,11,0,0,n-05-62.pdf
0,0,2,2,60,60,14,0,0,230.6494140625,0,1,6,2,2,1,6,1,46,1,1,77,1,0,60,11,0,0,ar-1867.pdf
0,0,2,2,11,11,3,0,0,29.3818359375,0,1,1,2,2,1,1,2,4,1,1,0,0,0,11,10,1,0,bkface.pdf
0,0,1,1,6,6,2,0,0,73.4189453125,0,0,1,1,1,1,1,0,2,1,1,1,0,0,6,12,1,0,catumedi.pdf
0,0,2,2,33,33,8,0,0,79.4599609375,0,1,3,2,2,1,3,1,25,1,1,39,1,0,33,11,0,0,ar-1894.pdf
0,0,2,2,123,123,19,0,0,183.4443359375,0,1,1,2,2,1,2,1,106,1,1,34,1,5,123,12,0,0,accusoft.pdf
0,0,2,2,333,333,42,0,0,199.896484375,0,1,8,3,2,1,13,1,211,1,1,151,1,112,333,12,0,0,i1099msc.pdf
0,0,3,3,92,92,9,0,0,29.826171875,0,0,5,3,3,3,10,2,78,3,2,17,2,0,92,14,0,0,rp_1990-12.pdf
0,0,4,0,65,65,57,0,0,89.8818359375,0,0,3,4,4,0,3,4,29,0,4,3,2,0,65,20,0,0,f8911_accessible.pdf
0,0,2,2,434,434,30,0,0,343.630859375,0,1,16,2,2,1,16,1,51,1,1,77,1,11,434,12,0,0,irb11-34.pdf
0,0,1,1,6,6,2,0,0,67.1494140625,0,0,1,1,1,1,1,0,2,1,1,1,0,0,6,13,1,0,anywerefm.pdf
0,0,2,2,27,27,8,0,0,45.5888671875,0,1,3,2,2,1,3,2,11,1,1,19,1,0,27,11,0,0,n-04-30.pdf
0,0,1,1,6,6,2,0,0,81.0224609375,0,0,1,1,1,1,1,0,2,1,1,1,0,0,6,12,1,0,cegamasr.pdf
2,3,2,4,327,327,161,0,0,134.5546875,0,0,4,7,2,2,126,6,361,2,5,151,2,48,327,19,0,1,f970_accessible.pdf
0,0,3,0,89,89,85,0,0,79.2646484375,0,0,2,3,3,0,39,3,63,0,3,15,3,0,89,9,0,0,f8952.pdf
0,0,2,2,39,39,27,0,0,98.619140625,0,1,1,2,2,1,2,1,38,1,1,5,1,0,39,11,0,0,adbrite.pdf
0,0,1,1,6,6,2,0,0,87.5400390625,0,0,1,1,1,1,1,0,2,1,1,1,0,0,6,11,1,0,aginter.pdf
0,0,3,0,44,44,32,0,0,173.75390625,0,0,1,3,3,0,3,3,18,0,3,14,2,0,44,18,0,0,canonicalgroup.pdf
0,0,2,2,145,145,28,0,0,220.869140625,0,1,1,2,2,1,2,1,105,1,1,72,1,2,145,12,0,0,big_beat.pdf
0,0,2,2,116,116,23,0,0,149.3388671875,0,1,1,3,2,1,1,1,89,2,1,58,1,0,116,23,0,0,cesamplecertificate.pdf
0,0,2,2,11,11,3,0,0,28.125,0,1,1,2,2,1,1,2,4,1,1,0,0,0,11,12,1,0,almowir2.pdf
0,0,1,1,6,6,2,0,0,90.4501953125,0,0,1,1,1,1,1,0,2,1,1,1,0,0,6,12,1,0,buradevc.pdf
0,0,2,2,28,28,7,0,0,21.677734375,0,1,4,3,2,1,4,1,15,2,1,34,1,0,28,12,0,0,rr-11-31.pdf
0,0,2,2,51,51,16,0,0,72.3779296875,0,1,10,2,2,1,10,2,13,1,1,34,1,0,51,13,0,0,rr-03-48_.pdf
0,0,2,2,48,48,7,1,0,48.7939453125,0,1,3,2,2,1,3,2,10,1,1,19,0,0,48,17,0,0,qiattachkorea.pdf
0,0,1,1,22,22,5,0,0,16.55859375,0,0,3,1,1,1,3,1,11,1,1,17,1,0,22,13,0,0,aod200602.pdf
0,0,2,2,273,273,16,1,0,79.5009765625,0,1,12,2,2,1,12,2,189,1,1,20,1,1,273,13,0,0,n-2005-12.pdf
0,0,2,2,39,39,12,0,0,26.0126953125,0,1,6,3,2,1,6,1,33,1,1,27,1,2,39,11,0,0,n-09-44.pdf
13,11,1,1,406,403,70,1,0,23258.375,0,0,9,1,1,1,15,1,477,1,1,95,15,88,403,26,0,1,RichContentorFlash (1).pdf
0,0,2,2,35,35,11,0,0,121.8623046875,0,1,1,3,2,1,1,1,31,1,1,52,1,1,35,17,0,0,cp178_chinese.pdf
0,0,4,0,72,72,65,0,0,80.1865234375,0,0,2,5,4,0,21,4,44,0,4,11,3,0,72,11,0,0,f8610sa.pdf
0,0,2,2,70,70,17,0,0,197.404296875,0,0,3,2,2,2,9,2,57,2,2,63,1,2,70,13,0,0,77fr18869.pdf
0,0,5,8,1041,1041,92,0,0,232.3662109375,0,0,33,12,5,4,66,10,946,4,10,135,4,2,1041,34,0,0,ethics_phoneforum_presentation.pdf
0,0,1,1,6,6,2,0,0,73.93359375,0,0,1,1,1,1,1,0,2,1,1,1,0,0,6,12,1,0,advmedia.pdf
0,0,2,2,130,130,21,0,0,148.6728515625,0,1,1,2,2,1,2,1,99,1,1,44,1,2,130,13,0,0,agroshare.pdf
0,0,1,1,50,50,10,0,0,32.6904296875,0,0,10,1,1,1,10,1,22,1,1,59,0,0,50,23,0,0,qi_directivefinalac.pdf
0,0,2,2,80,80,23,0,0,42.04296875,0,1,20,2,2,1,20,1,15,1,1,61,1,0,80,12,0,0,rp-06-10.pdf
1,0,1,1,34,34,4,0,0,55.1826171875,0,0,3,1,1,1,3,1,16,1,1,39,0,0,34,12,0,0,ann96-13.pdf
1,2,2,2,460,460,38,0,0,255.9384765625,0,1,2,2,2,1,24,4,457,1,1,71,1,84,460,20,0,1,f5495_accessible.pdf
0,0,2,2,115,115,21,0,0,175.759765625,0,1,1,2,2,1,2,1,84,1,1,44,1,1,115,15,0,0,avaaz_found.pdf
0,0,3,0,76,76,66,0,0,113.8623046875,0,0,6,3,3,0,30,3,51,0,3,14,1,0,76,21,0,0,f1098e_accessible.pdf
0,0,6,0,319,319,312,0,0,137.90625,0,0,1,6,6,0,257,6,284,0,6,131,3,0,319,19,0,0,eval_dl_program.pdf
0,0,2,2,62,62,11,0,0,35.0859375,0,1,5,3,2,1,5,1,87,1,1,55,1,12,62,11,0,0,a-10-19.pdf
0,0,1,1,6,6,2,0,0,81.9931640625,0,0,1,1,1,1,1,0,2,1,1,1,0,0,6,12,1,0,centfgos.pdf
2,2,1,1,32,32,5,0,0,62.3525390625,0,0,2,4,1,1,2,1,27,1,1,3,0,14,32,23,0,1,purepdf_annotations.pdf
0,0,2,2,21,21,7,0,0,16.9365234375,0,1,3,3,2,1,3,1,17,1,1,13,1,0,21,11,0,0,n-09-14.pdf
0,0,2,2,159,159,30,0,0,135.73046875,0,1,16,3,2,1,16,1,54,1,1,76,1,8,159,12,0,0,irb04-25.pdf
0,0,3,3,95,95,19,3,0,34.2998046875,0,0,1,3,3,3,2,3,65,3,3,44,3,6,95,32,0,0,tree_women_clinical_research.pdf
0,0,2,2,115,115,27,0,0,240.212890625,0,1,1,2,2,1,2,1,78,1,1,70,1,1,115,11,0,0,antengo.pdf
0,0,2,2,141,141,11,1,0,62.2177734375,0,1,5,2,2,1,5,2,121,1,1,29,1,0,141,12,0,0,rr-02-79.pdf
0,0,2,2,33,33,9,0,0,18.0849609375,0,1,2,3,2,1,2,1,35,1,1,30,1,3,33,15,0,0,overview_sp.pdf
0,0,2,2,28,28,7,0,0,13.4873046875,0,1,5,2,2,1,5,1,11,1,1,25,1,0,28,12,0,0,rp-10-41.pdf
0,0,2,2,418,418,40,0,0,181.8056640625,0,1,26,3,2,1,26,1,755,1,1,79,1,132,418,42,0,0,ntatestimony_housesmallbusiness_041311.pdf
0,0,2,2,11,11,3,0,0,29.41796875,0,1,1,2,2,1,1,2,4,1,1,0,0,0,11,12,1,0,aplustec.pdf
0,0,2,2,11,11,3,0,0,22.58203125,0,1,1,2,2,1,1,2,4,1,1,0,0,0,11,12,1,0,chrtadsl.pdf
0,0,2,2,93,93,69,0,0,153.1201171875,0,1,5,2,2,1,6,1,100,1,1,5,1,0,93,8,0,0,acbj.pdf
0,0,2,2,203,203,11,1,0,100.0556640625,0,1,5,2,2,1,5,2,139,1,1,29,1,0,203,11,0,0,n-02-27.pdf
0,0,2,2,24,24,12,0,0,91.947265625,0,1,1,2,2,1,2,1,25,1,1,5,1,0,24,7,0,0,byu.pdf
0,0,2,2,155,155,15,1,0,83.7294921875,0,1,3,2,2,1,3,2,127,1,1,19,1,0,155,11,0,0,rp90-11.pdf
0,0,2,2,47,47,13,0,0,26.6435546875,0,1,10,2,2,1,10,1,13,1,1,40,1,0,47,12,0,0,rp-09-52.pdf
0,0,1,0,34,34,30,0,0,81.064453125,0,1,2,2,1,0,0,1,5,0,1,0,1,0,34,20,0,0,ir-2011-14_hindi.pdf
0,0,2,2,26,26,14,0,0,87.251953125,0,1,1,2,2,1,2,1,27,1,1,5,1,0,26,11,0,0,chrygro.pdf
0,0,2,2,27,27,10,0,0,24.5185546875,0,1,5,3,2,1,5,1,19,1,1,25,1,0,27,12,0,0,rp-04-45.pdf
0,0,5,0,306,306,299,0,0,129.6171875,0,0,1,5,5,0,253,5,278,0,5,127,2,0,306,10,0,0,f14364.pdf
0,0,2,2,329,329,55,0,0,292.162109375,0,1,35,3,2,1,35,1,79,1,1,95,1,32,329,12,0,0,irb04-50.pdf
0,0,2,2,132,132,26,0,0,204.591796875,0,1,1,2,2,1,2,1,89,1,1,66,1,1,132,17,0,0,american_golf.pdf
0,0,2,2,26,26,14,0,0,105.458984375,0,1,1,2,2,1,2,1,25,1,1,5,1,0,26,10,0,0,abacus.pdf
0,0,2,2,132,132,34,0,0,132.17578125,0,1,17,2,2,1,17,2,56,1,1,150,0,0,132,12,0,0,p4--1999.pdf
0,0,2,2,11,11,3,0,0,26.7275390625,0,1,1,2,2,1,1,2,4,1,1,0,0,0,11,12,1,0,cmpmedia.pdf
0,0,2,2,32,32,20,0,0,118.9853515625,0,1,1,2,2,1,2,1,31,1,1,5,1,0,32,12,0,0,amlegion.pdf
0,0,2,2,11,11,3,0,0,23.7255859375,0,1,1,2,2,1,1,2,4,1,1,0,0,0,11,12,1,0,comnetic.pdf
0,0,2,2,64,64,17,0,0,41.3046875,0,1,6,3,2,1,6,1,78,1,1,52,1,8,64,23,0,0,ceprovidernotes0612.pdf
0,0,2,2,24,24,6,0,0,11.4091796875,0,1,2,3,2,1,2,1,17,1,1,12,1,0,24,12,0,0,rp-10-22.pdf
0,0,2,2,12,12,4,0,0,20.61328125,0,1,1,2,2,1,1,2,5,1,1,0,1,0,12,12,1,0,boschtol.pdf
0,0,4,0,63,63,56,0,0,79.521484375,0,0,2,5,4,0,12,4,41,0,4,6,3,0,63,11,0,0,f8453pe.pdf
0,0,1,1,6,6,2,0,0,84.9814453125,0,0,1,1,1,1,1,0,2,1,1,1,0,0,6,12,1,0,cleanski.pdf
0,0,2,2,133,133,28,0,0,120.505859375,0,1,4,2,2,1,8,1,53,1,1,82,1,3,133,13,0,0,i1099s_10.pdf
0,0,2,2,11,11,3,0,0,16.376953125,0,1,1,2,2,1,1,2,4,1,1,0,0,0,11,12,1,0,ayrixtch.pdf
1,1,1,1,11,11,2,0,0,13.064453125,0,0,1,2,1,1,1,1,7,1,1,3,0,3,11,26,1,1,purepdf_annotatedchunk.pdf
0,0,2,2,48,48,17,0,0,41.19140625,0,1,9,3,2,1,9,1,35,1,1,67,1,0,48,39,0,0,irm5.8.5.5.1_incomeproducing_assets.pdf
0,0,2,0,30,30,27,0,0,158.427734375,0,1,1,2,2,0,2,2,10,0,2,1,1,0,30,17,0,0,blipboard_inc.pdf
0,0,3,0,214,214,206,0,0,196.6826171875,0,0,4,3,3,0,141,3,165,0,3,133,1,0,214,9,0,0,f4136.pdf
2,3,1,2,80,80,20,0,0,42.0302734375,0,0,2,3,1,1,2,3,80,1,2,53,1,13,80,20,0,1,f4070_accessible.pdf
0,0,2,2,154,154,24,0,0,146.869140625,0,1,4,2,2,1,6,1,40,1,1,77,1,0,154,10,0,0,i8038g.pdf
0,0,2,2,11,11,3,0,0,29.2568359375,0,1,1,2,2,1,1,2,4,1,1,0,0,0,11,12,1,0,artnetwc.pdf
0,0,2,2,30,30,9,0,0,17.615234375,0,1,6,2,2,1,6,2,7,1,1,12,1,0,30,7,0,0,133.pdf
0,0,2,2,24,24,9,0,0,19.92578125,0,1,4,3,2,1,4,1,18,1,1,24,1,0,24,12,0,0,rr-06-39.pdf
0,0,2,2,35,35,10,0,0,21.828125,0,1,5,3,2,1,5,1,22,1,1,15,1,0,35,12,0,0,rp-06-31.pdf
0,0,3,0,54,54,48,0,0,72.7734375,0,0,2,3,3,0,5,3,26,0,3,3,1,0,54,20,0,0,f8924_accessible.pdf
0,0,3,0,55,55,49,0,0,80.3095703125,0,0,2,3,3,0,2,3,25,0,3,2,1,0,55,20,0,0,f8396_accessible.pdf
0,0,1,1,6,6,2,0,0,73.958984375,0,0,1,1,1,1,1,0,2,1,1,1,0,0,6,12,1,0,biolaunv.pdf
0,0,5,0,123,123,82,0,0,94.5966796875,0,0,6,8,5,0,31,5,127,0,5,35,4,2,123,10,0,0,f1099c.pdf
0,0,4,6,1030,1030,40,0,0,356.4521484375,0,0,2,7,4,3,3,6,1853,3,5,98,3,898,1029,12,0,0,f1065sd1.pdf
0,0,1,1,14,14,2,0,0,3.3408203125,0,0,2,1,1,1,2,1,3,1,1,4,0,0,14,30,1,0,purepdf_helloworldbookmark.pdf
0,0,3,4,33,33,12,0,0,95.8193359375,0,0,3,6,3,3,3,4,30,3,4,36,2,0,33,13,0,0,aod200703.pdf
0,0,2,2,45,45,19,0,0,63.0478515625,0,1,3,2,2,1,3,1,32,1,1,57,1,0,45,12,0,0,72fr6008.pdf
0,0,1,1,6,6,2,0,0,76.7353515625,0,0,1,1,1,1,1,0,2,1,1,1,0,0,6,16,1,0,advspeinsinc.pdf
0,0,2,2,30,30,9,0,0,47.8173828125,0,1,4,2,2,1,4,2,11,1,1,20,1,0,30,13,0,0,rr-03-109.pdf
0,0,2,2,49,49,18,1,0,50.09375,0,1,10,3,2,1,10,1,46,1,1,63,1,0,49,23,0,0,georgetown_04192011.pdf
0,0,2,2,36,36,7,0,0,44.978515625,0,0,2,2,2,2,2,2,31,2,2,37,2,2,36,13,0,0,67fr15417.pdf
0,0,2,2,25,25,13,0,0,83.9345703125,0,1,1,2,2,1,2,1,24,1,1,5,1,0,25,12,0,0,beeideai.pdf
0,0,2,2,11,11,3,0,0,23.220703125,0,1,1,2,2,1,1,2,4,1,1,0,0,0,11,12,1,0,bentlsys.pdf
0,0,2,2,154,154,111,0,0,87.951171875,0,1,3,3,2,0,15,1,104,1,1,54,1,0,154,17,0,0,cp621_spanish.pdf
0,0,3,0,76,76,69,0,0,91.6376953125,0,0,3,3,3,0,24,3,48,0,3,10,1,0,76,21,0,0,f8038r_accessible.pdf
0,0,1,1,31,31,7,0,0,46.6171875,0,0,2,1,1,1,2,1,37,1,1,42,0,2,31,13,0,0,73fr63111.pdf
0,0,2,2,24,24,12,0,0,75.66796875,0,1,1,2,2,1,2,1,23,1,1,5,1,0,24,12,0,0,cognprop.pdf
0,0,3,0,168,168,162,0,0,300.822265625,0,0,2,3,3,0,117,3,139,0,3,40,1,0,168,9,0,0,f8717.pdf
0,0,1,1,6,6,2,0,0,82.8017578125,0,0,1,1,1,1,1,0,2,1,1,1,0,0,6,12,1,0,biomimic.pdf
0,0,2,2,599,599,47,0,0,293.6748046875,0,1,21,2,2,1,25,1,166,1,1,111,1,104,599,11,0,0,i1120pc.pdf
0,0,2,2,11,11,3,0,0,21.818359375,0,1,1,2,2,1,1,2,4,1,1,0,0,0,11,11,1,0,comsftw.pdf
0,0,1,1,6,6,2,0,0,78.8427734375,0,0,1,1,1,1,1,0,2,1,1,1,0,0,6,12,1,0,chearegb.pdf
0,0,1,1,6,6,2,0,0,76.0888671875,0,0,1,1,1,1,1,0,2,1,1,1,0,0,6,12,1,0,colrginc.pdf
0,0,2,2,92,92,50,0,0,118.17578125,0,1,24,3,2,1,24,1,43,1,1,55,1,0,92,12,0,0,rp-08-71.pdf
0,0,5,5,779,779,380,0,0,190.09375,0,0,4,5,5,4,368,4,753,4,4,126,4,332,779,9,0,0,f6559.pdf
0,0,3,0,53,53,47,0,0,85.8671875,0,0,2,3,3,0,2,3,25,0,3,2,1,0,53,20,0,0,f8827_accessible.pdf
0,0,2,0,31,31,28,0,0,144.421875,0,1,1,2,2,0,2,2,10,0,2,1,1,0,31,13,0,0,bid_dudes.pdf
0,0,2,2,40,40,11,0,0,24.224609375,0,1,6,3,2,1,6,1,27,1,1,36,1,0,40,12,0,0,rp-08-18.pdf
0,0,4,6,184,184,83,0,0,119.60546875,0,0,2,8,4,3,19,5,157,3,5,76,6,33,183,12,0,0,f872ovdi.pdf
0,0,1,1,6,6,2,0,0,85.4091796875,0,0,1,1,1,1,1,0,2,1,1,1,0,0,6,11,1,0,cloanto.pdf
0,0,2,2,29,29,9,0,0,54.72265625,0,1,2,3,2,1,2,1,24,1,1,46,1,0,29,21,0,0,24-ed-mierzwinski.pdf
0,0,2,2,11,11,3,0,0,27.88671875,0,1,1,2,2,1,1,2,4,1,1,0,0,0,11,8,1,0,bali.pdf
0,0,2,2,39,39,12,0,0,25.365234375,0,1,7,3,2,1,7,1,27,1,1,17,1,1,39,12,0,0,rr-06-18.pdf
0,0,2,0,16,16,13,0,0,247.166015625,0,1,1,2,2,0,1,2,6,0,2,0,1,0,16,12,0,0,amitcent.pdf
0,0,1,1,6,6,2,0,0,70.185546875,0,0,1,1,1,1,1,0,2,1,1,1,0,0,6,13,1,0,bardatsys.pdf
0,0,2,2,23,23,8,0,0,15.7158203125,0,1,4,3,2,1,4,1,18,1,1,14,1,0,23,11,0,0,n-08-42.pdf
0,0,1,0,22,22,21,0,0,19.1884765625,0,0,2,1,1,0,0,1,4,0,1,0,1,0,22,11,0,0,12-0024.pdf
0,0,2,0,62,62,56,0,0,228.5693359375,0,1,4,2,2,0,5,2,19,0,2,4,1,0,62,13,0,0,burts_bee.pdf
0,0,1,1,172,172,63,0,0,126.9384765625,0,0,4,9,1,1,4,1,101,1,1,180,1,0,172,8,0,0,1913.pdf
0,0,2,2,96,96,9,1,0,65.0478515625,0,1,3,2,2,1,3,2,90,1,1,27,1,0,96,11,0,0,n-03-40.pdf
0,0,2,2,35,35,6,1,0,17.3857421875,0,1,5,2,2,1,5,2,11,1,1,26,0,0,35,12,0,0,rr-02-43.pdf
0,0,2,2,457,457,34,1,0,241.1748046875,0,1,23,2,2,1,23,2,422,1,1,87,1,0,457,12,0,0,rp-02-41.pdf
0,0,2,2,176,176,76,0,0,155.5322265625,0,1,66,3,2,1,66,1,103,1,1,109,1,3,176,12,0,0,n-08-113.pdf
0,0,2,2,671,671,32,0,0,392.9013671875,0,1,16,2,2,1,16,1,69,1,1,85,1,24,671,12,0,0,irb10-10.pdf
1,2,1,1,40,40,6,0,0,70.0400390625,0,0,1,5,1,1,1,1,34,3,1,41,1,0,40,12,0,1,p1--2005.pdf
0,0,1,1,6,6,2,0,0,80.2060546875,0,0,1,1,1,1,1,0,2,1,1,1,0,0,6,11,1,0,cesebco.pdf
0,0,2,2,21,21,6,0,0,32.5302734375,0,1,2,2,2,1,2,2,9,1,1,10,1,0,21,13,0,0,rr-03-105.pdf
0,0,2,2,52,52,21,0,0,43.203125,0,1,3,2,2,1,3,1,34,1,1,51,1,0,52,11,0,0,i1118sj.pdf
0,0,2,2,45,45,13,0,0,22.0673828125,0,1,10,2,2,1,10,1,11,1,1,30,1,0,45,12,0,0,rp-06-42.pdf
0,0,2,2,30,30,18,0,0,91.5263671875,0,1,1,2,2,1,2,1,29,1,1,5,1,0,30,12,0,0,averyene.pdf
0,0,2,2,130,130,35,0,0,135.48828125,0,1,16,2,2,1,16,2,57,1,1,144,0,0,130,12,0,0,p4--2000.pdf
0,0,2,2,36,36,24,0,0,86.068359375,0,1,1,2,2,1,2,1,37,1,1,5,1,0,36,14,0,0,bosekinney.pdf
0,0,3,0,90,90,78,0,0,103.7578125,0,0,8,3,3,0,26,3,46,0,3,14,1,0,90,21,0,0,fw2g11_accessible.pdf
0,0,2,2,146,146,24,0,0,149.064453125,0,1,4,2,2,1,6,1,40,1,1,77,1,0,146,9,0,0,i8873.pdf
0,0,2,2,325,325,24,0,0,219.974609375,0,1,1,2,2,1,2,1,286,1,1,57,1,2,325,17,0,0,accurence_inc.pdf
0,0,2,0,32,32,29,0,0,151.81640625,0,1,1,2,2,0,2,2,10,0,2,1,1,0,32,14,0,0,cincin_bbb.pdf
0,0,2,2,34,34,7,0,0,27.5126953125,0,1,4,2,2,1,4,1,19,1,1,65,1,0,34,11,0,0,n-11-49.pdf
0,0,5,5,188,188,33,0,0,239.50390625,0,0,1,5,5,4,3,4,200,4,4,86,5,12,188,17,0,0,sep_checklist.pdf
0,0,2,2,325,325,67,0,0,364.724609375,0,1,45,3,2,1,45,1,87,1,1,113,1,33,325,12,0,0,irb04-02.pdf
0,0,2,2,24,24,6,0,0,18.30078125,0,1,3,3,2,1,3,1,13,2,1,23,1,0,24,11,0,0,n-11-16.pdf
0,0,3,0,124,124,111,0,0,170.0849609375,0,0,9,3,3,0,63,3,85,0,3,27,1,0,124,22,0,0,fw2vi11_accessible.pdf
0,0,2,2,76,76,21,0,0,38.029296875,0,1,19,2,2,1,19,1,15,1,1,59,1,0,76,12,0,0,rp-07-48.pdf
1,1,8,0,179,179,165,0,0,102.8095703125,0,0,2,9,8,5,121,8,160,5,8,13,7,0,179,20,0,1,f8819_accessible.pdf
0,0,6,6,1533,1533,235,0,0,369.0126953125,0,0,6,6,6,5,198,13,1881,5,5,78,5,244,1533,22,0,0,f433boi_accessible.pdf
1,2,3,3,222,222,108,0,0,85.02734375,0,0,2,4,3,2,87,3,209,2,2,66,2,69,222,9,0,1,f8594.pdf
0,0,2,0,36,36,33,0,0,207.54296875,0,1,1,2,2,0,2,2,10,0,2,1,1,0,36,11,0,0,arl_now.pdf
0,0,1,1,6,6,2,0,0,70.537109375,0,0,1,1,1,1,1,0,2,1,1,1,0,0,6,14,1,0,conduitusa.pdf
0,0,2,2,35,35,8,0,0,19.1328125,0,1,6,2,2,1,6,1,15,1,1,46,1,0,35,12,0,0,rr-06-38.pdf
0,0,2,2,11,11,3,0,0,23.5048828125,0,1,1,2,2,1,1,2,4,1,1,0,0,0,11,10,1,0,bioone.pdf
0,0,2,2,45,45,17,0,0,33.365234375,0,1,13,3,2,1,13,1,29,1,1,33,1,0,45,11,0,0,n-09-17.pdf
0,0,4,0,45,45,38,0,0,65.595703125,0,0,2,5,4,0,3,4,27,0,4,3,3,0,45,10,0,0,f5305c.pdf
0,0,2,2,1014,1014,69,1,0,265.4765625,0,1,62,2,2,1,62,2,649,1,1,94,1,0,1014,12,0,0,rp-02-39.pdf
0,0,2,2,59,59,28,0,0,346.3212890625,0,1,1,2,2,1,1,1,31,1,1,31,1,0,59,9,0,0,p4596.pdf
0,0,2,2,31,31,19,0,0,85.9873046875,0,1,1,2,2,1,3,1,32,1,1,5,1,0,31,13,0,0,copyprint.pdf
0,0,2,2,34,34,7,0,0,28.087890625,0,1,4,2,2,1,4,1,19,1,1,65,1,0,34,11,0,0,n-10-93.pdf
0,0,2,2,72,72,41,0,0,140.2353515625,0,0,13,2,2,2,26,2,225,2,2,0,2,0,72,44,0,0,annual_report_to_congress_september_2009.pdf
0,0,2,2,31,31,19,0,0,80.1201171875,0,1,1,2,2,1,2,1,30,1,1,5,1,0,31,11,0,0,bighead.pdf
0,0,2,2,101,101,19,0,0,111.7001953125,0,1,1,2,2,1,3,1,78,1,1,24,1,3,101,17,0,0,behrman_house.pdf
0,0,2,0,31,31,27,0,0,53.5458984375,0,1,2,2,2,0,0,2,11,0,2,2,1,0,31,13,0,0,PI_Advice.pdf
0,0,2,2,51,51,8,1,0,35.505859375,0,1,3,2,2,1,3,2,39,1,1,19,1,0,51,11,0,0,n-02-58.pdf
0,0,1,1,6,6,2,0,0,77.9365234375,0,0,1,1,1,1,1,0,2,1,1,1,0,0,6,12,1,0,Bcencoju.pdf
0,0,2,2,38,38,16,0,0,54.296875,0,1,2,2,2,1,2,1,30,1,1,51,1,0,38,12,0,0,70fr3231.pdf
0,0,2,2,48,48,16,0,0,137.5654296875,0,1,5,2,2,1,5,2,13,1,1,33,0,0,48,13,0,0,65fr26162.pdf
0,0,3,0,54,54,48,0,0,79.041015625,0,0,2,3,3,0,2,3,24,0,3,2,1,0,54,20,0,0,f8328_accessible.pdf
0,0,2,2,47,47,25,0,0,49.2109375,0,1,6,3,2,1,6,1,35,1,1,34,1,1,47,13,0,0,depdb-pia.pdf
0,0,2,2,21,21,9,0,0,72.0302734375,0,1,1,2,2,1,2,1,20,1,1,5,1,0,21,13,0,0,adstruinc.pdf
0,0,3,0,77,77,71,0,0,87.6962890625,0,0,2,4,3,0,26,3,52,0,3,10,2,0,77,9,0,0,f1116.pdf
0,0,2,2,11,11,3,0,0,32.0078125,0,1,1,2,2,1,1,2,4,1,1,0,0,0,11,12,1,0,chatngas.pdf
0,0,3,0,34,34,28,0,0,42.224609375,0,0,2,3,3,0,2,3,16,0,3,2,1,0,34,12,0,0,f13615pr.pdf
0,0,1,1,6,6,2,0,0,95.0869140625,0,0,1,1,1,1,1,0,2,1,1,1,0,0,6,12,1,0,conprogr.pdf
0,0,3,0,70,70,64,0,0,83.3916015625,0,0,2,3,3,0,20,3,42,0,3,8,1,0,70,16,0,0,f4506t--2012.pdf
0,0,2,2,33,33,21,0,0,75.9833984375,0,1,1,2,2,1,2,1,34,1,1,5,1,0,33,15,0,0,chatterplug.pdf
0,0,3,6,458,458,71,0,0,273.978515625,0,0,12,7,3,3,29,6,398,3,6,212,3,139,457,14,0,0,f1040es_11.pdf
0,0,2,2,35,35,22,0,0,88.796875,0,1,2,2,2,1,3,1,43,1,1,5,1,0,35,16,0,0,bigdoormedia.pdf
0,0,2,2,37,37,25,0,0,87.662109375,0,1,1,2,2,1,2,1,36,1,1,5,1,0,37,10,0,0,BicUSA.pdf
0,0,2,2,162,162,52,0,0,316.7958984375,0,1,39,2,2,1,39,2,27,1,1,113,1,0,162,49,0,0,nta_sfc_062104_appendix_a_abusiveschemesfinal.pdf
0,0,2,2,23,23,6,0,0,11.6279296875,0,1,3,2,2,1,3,1,12,1,1,24,1,0,23,12,0,0,rp-09-40.pdf
0,0,3,0,111,111,106,0,0,86.865234375,0,0,1,3,3,0,64,3,89,0,3,22,1,0,111,21,0,0,f8038t_accessible.pdf
0,0,2,2,51,51,21,0,0,77.77734375,0,1,3,3,2,1,3,1,30,1,1,61,1,0,51,22,0,0,12-george-kerscher.pdf
0,0,2,2,80,80,22,1,0,41.775390625,0,1,19,2,2,1,19,2,16,1,1,51,0,0,80,12,0,0,rp-01-13.pdf
0,0,1,1,6,6,2,0,0,88.38671875,0,0,1,1,1,1,1,0,2,1,1,1,0,0,6,12,1,0,comrclsh.pdf
0,0,2,2,27,27,8,0,0,39.9326171875,0,1,4,2,2,1,4,2,9,1,1,12,1,0,27,11,0,0,n-03-76.pdf
0,0,1,1,5,5,1,0,0,1.3505859375,0,0,1,1,1,1,1,1,2,1,1,0,0,0,5,22,1,0,purepdf_linestyles.pdf
0,0,2,0,32,32,29,0,0,50.6904296875,0,1,1,2,2,0,1,2,10,0,2,1,1,0,32,10,0,0,92appn.pdf
0,0,2,2,11,11,3,0,0,25.654296875,0,1,1,2,2,1,1,2,4,1,1,0,0,0,11,12,1,0,colstben.pdf
0,0,2,2,11,11,3,0,0,28.4833984375,0,1,1,2,2,1,1,2,4,1,1,0,0,0,11,10,1,0,bekash.pdf
0,0,2,2,118,118,77,0,0,66.244140625,0,1,2,3,2,1,8,1,84,1,1,84,1,0,118,17,0,0,cp51b_english.pdf
0,0,1,1,6,6,2,0,0,75.3642578125,0,0,1,1,1,1,1,0,2,1,1,1,0,0,6,12,1,0,adteactv.pdf
0,0,3,0,46,46,41,0,0,61.3486328125,0,0,1,3,3,0,1,3,24,0,3,1,1,0,46,20,0,0,f8941_accessible.pdf
0,0,2,4,42,42,10,0,0,24.6796875,0,0,1,6,2,2,5,5,62,2,5,32,2,4,42,17,0,0,vc_appendix_e.pdf
0,0,3,3,40,40,9,0,0,28.6474609375,0,0,2,3,3,2,4,2,34,2,2,73,1,0,40,25,0,0,appraisal_item_format.pdf
0,0,4,0,55,55,48,0,0,82.3974609375,0,0,2,5,4,0,3,4,32,0,4,3,3,0,55,9,0,0,f4952.pdf
0,0,2,2,28,28,16,0,0,79.771484375,0,1,1,2,2,1,2,1,27,1,1,5,1,0,28,17,0,0,basoftwareltd.pdf
0,0,2,2,46,46,13,0,0,25.95703125,0,1,11,2,2,1,11,1,9,1,1,21,1,0,46,11,0,0,n-05-50.pdf
0,0,2,0,33,33,30,0,0,198.771484375,0,1,1,2,2,0,2,2,10,0,2,1,1,0,33,14,0,0,bimmerpost.pdf
0,0,3,0,124,124,111,0,0,171.4248046875,0,0,9,3,3,0,63,3,85,0,3,27,1,0,124,22,0,0,fw2as12_accessible.pdf
0,0,2,0,30,30,27,0,0,138.7578125,0,1,1,2,2,0,2,2,10,0,2,1,1,0,30,15,0,0,app_grooves.pdf
0,0,3,4,273,273,81,0,0,180.484375,0,0,54,6,3,2,54,4,141,2,4,97,2,0,273,25,0,0,eo_determ_gov_cpe_ppt.pdf
0,0,2,2,81,81,14,0,0,93.2646484375,0,1,1,2,2,1,2,1,56,1,1,10,1,1,81,12,0,0,828_comm.pdf
0,0,2,2,11,11,3,0,0,34.1796875,0,1,1,2,2,1,1,2,4,1,1,0,0,0,11,9,1,0,balpl.pdf
0,0,1,1,20,20,4,0,0,32.017578125,0,0,1,1,1,1,1,1,20,1,1,34,0,0,20,13,0,0,66fr51617.pdf
0,0,2,0,34,34,31,0,0,197.484375,0,1,1,2,2,0,2,2,10,0,2,1,1,0,34,17,0,0,cambium_enter.pdf
0,0,1,1,387,387,23,0,0,200.06640625,0,0,15,1,1,2,16,1,310,2,1,45,1,1,387,14,0,0,eotopicg97.pdf
0,0,2,2,196,196,17,1,0,90.55078125,0,1,11,2,2,1,11,2,128,1,1,35,1,0,196,11,0,0,rr-03-7.pdf
0,0,2,2,95,95,13,0,0,40.9814453125,0,1,9,3,2,1,9,1,130,1,1,49,1,25,95,12,0,0,rp-12-14.pdf
0,0,4,0,92,92,85,0,0,88.056640625,0,0,2,5,4,0,39,4,71,0,4,13,4,0,92,9,0,0,f8453.pdf
0,0,2,0,74,74,68,0,0,325.9638671875,0,1,4,2,2,0,30,2,39,0,2,6,1,0,74,13,0,0,phs6031-1.pdf
2,3,2,4,451,451,201,0,0,151.2099609375,0,0,3,7,2,2,168,5,557,2,5,60,2,165,451,20,0,1,f8877_accessible.pdf
0,0,2,2,29,29,10,0,0,138.3193359375,0,1,1,3,2,1,1,1,24,1,1,43,1,0,29,20,0,0,dual_nationality.pdf
0,0,2,2,340,340,49,0,0,343.4345703125,0,1,10,2,2,1,10,1,361,1,1,118,5,0,340,25,0,0,10winbulreturnfilings.pdf
0,0,2,2,89,89,18,1,0,53.6552734375,0,1,8,3,2,1,8,1,127,1,1,61,1,17,89,15,0,0,eo_mef_faqs.pdf
0,0,2,2,48,48,13,0,0,24.298828125,0,1,11,2,2,1,11,1,11,1,1,31,1,0,48,11,0,0,n-06-88.pdf
0,0,2,2,59,59,13,0,0,166.2314453125,0,0,1,2,2,2,6,2,52,2,2,52,1,1,59,13,0,0,74fr48191.pdf
0,0,1,1,25,25,3,0,0,22.275390625,0,0,1,1,1,1,1,1,4,1,1,9,0,0,25,21,0,0,20110104-G-Canyon.pdf
0,0,2,2,583,583,52,0,0,297.0947265625,0,1,25,2,2,1,30,1,168,1,1,119,1,104,583,10,0,0,i1120l.pdf
0,0,2,2,42,42,14,0,0,127.365234375,0,1,3,2,2,1,3,2,13,1,1,31,0,0,42,12,0,0,65fr2439.pdf
0,0,2,2,31,31,8,0,0,15.2880859375,0,1,6,2,2,1,6,1,11,1,1,26,1,0,31,11,0,0,n-10-09.pdf
0,0,2,2,26,26,14,0,0,88.8603515625,0,1,1,2,2,1,2,1,25,1,1,5,1,0,26,13,0,0,alteracor.pdf
0,0,2,2,55,55,19,0,0,51.8984375,0,1,10,3,2,1,10,1,41,1,1,73,1,1,55,11,0,0,n-11-20.pdf
0,0,2,2,87,87,17,1,0,76.701171875,0,1,3,2,2,1,3,2,60,1,1,35,1,0,87,11,0,0,a-02-47.pdf
0,0,2,2,31,31,9,0,0,17.92578125,0,1,6,2,2,1,6,1,9,1,1,16,1,0,31,12,0,0,rr-05-17.pdf
0,0,1,1,6,6,2,0,0,84.9560546875,0,0,1,1,1,1,1,0,2,1,1,1,0,0,6,15,1,0,carnallcorp.pdf
0,0,2,2,29,29,8,0,0,18.0751953125,0,1,4,3,2,1,4,1,24,1,1,44,1,0,29,12,0,0,n-08-110.pdf
0,0,4,0,266,266,55,0,0,81.294921875,0,0,11,4,4,2,11,4,202,2,4,28,3,2,266,11,0,0,121501f.pdf
0,0,5,8,199,199,46,0,0,137.205078125,0,0,2,10,5,4,8,9,281,4,8,124,4,102,198,12,0,0,f1120ssk.pdf
0,0,4,0,60,60,53,0,0,76.10546875,0,0,2,5,4,0,9,4,38,0,4,5,3,0,60,10,0,0,f8879i.pdf
0,0,1,1,13,13,2,0,0,27.8427734375,0,0,1,1,1,1,1,1,5,1,1,9,0,0,13,34,1,0,purepdf_layermembershipexample.pdf
0,0,3,0,53,53,47,0,0,67.478515625,0,0,2,3,3,0,5,3,27,0,3,3,1,0,53,12,0,0,f4506tez.pdf
0,0,1,1,138,138,31,0,0,189.7822265625,0,0,20,1,1,1,20,1,98,1,1,101,0,14,138,23,0,0,WHTI_final_rule_new.pdf
0,0,2,2,205,205,37,0,0,173.25390625,0,1,22,3,2,1,22,1,63,1,1,90,1,12,205,12,0,0,irb04-46.pdf
0,0,4,0,66,66,60,0,0,164.3701171875,0,0,1,4,4,0,9,4,35,0,4,3,2,0,66,20,0,0,f8050_accessible.pdf
0,0,2,2,54,54,17,0,0,74.529296875,0,1,10,2,2,1,10,2,15,1,1,42,1,0,54,12,0,0,rp-04-37.pdf
0,0,2,2,24,24,6,0,0,18.5693359375,0,1,3,3,2,1,3,1,13,2,1,23,1,0,24,11,0,0,n-10-89.pdf
0,0,2,2,144,144,90,0,0,256.087890625,0,1,2,3,2,1,2,1,96,1,1,158,1,0,144,19,0,0,cp10_vietnamese.pdf
0,0,1,1,6,6,2,0,0,77.92578125,0,0,1,1,1,1,1,0,2,1,1,1,0,0,6,16,1,0,anicplacellc.pdf
0,0,2,2,121,121,81,0,0,238.916015625,0,1,22,3,2,1,22,1,40,1,1,52,1,0,121,12,0,0,rp-10-49.pdf
0,0,2,2,123,123,24,0,0,228.349609375,0,1,1,2,2,1,2,1,85,1,1,57,1,1,123,13,0,0,cfe_media.pdf
0,0,1,1,33,33,8,0,0,20.748046875,0,0,8,1,1,1,8,1,7,1,1,14,0,0,33,11,0,0,rr-99-7.pdf
0,0,1,1,195,195,12,1,0,74.548828125,0,0,6,1,1,1,1,1,389,1,1,17,1,0,195,22,0,0,20101215-S-Mayrent.pdf
0,0,3,0,86,86,80,0,0,104.3525390625,0,0,2,3,3,0,29,3,55,0,3,11,1,0,86,21,0,0,f943pr_accessible.pdf
0,0,1,1,39,39,10,0,0,13.89453125,0,0,8,1,1,1,9,1,8,1,1,18,0,0,39,10,0,0,n-99-6.pdf
0,0,2,0,134,134,131,0,0,391.7138671875,0,1,1,2,2,0,0,2,168,0,2,1,1,0,134,23,0,0,Flow_chart-ACT_only.pdf
0,0,1,1,6,6,2,0,0,68.2763671875,0,0,1,1,1,1,1,0,2,1,1,1,0,0,6,12,1,0,applicom.pdf
0,0,3,0,65,65,59,0,0,84.73046875,0,0,2,3,3,0,14,3,39,0,3,6,1,0,65,20,0,0,f8879_accessible.pdf
0,0,1,1,26,26,6,0,0,15.578125,0,0,6,1,1,1,6,1,6,1,1,10,0,0,26,11,0,0,rp98-14.pdf
0,0,1,1,6,6,2,0,0,71.841796875,0,0,1,1,1,1,1,0,2,1,1,1,0,0,6,12,1,0,betarecd.pdf
0,0,2,2,174,174,53,0,0,123.626953125,0,1,50,3,2,1,50,2,16,1,1,75,1,0,174,9,0,0,codas.pdf
0,0,2,2,29,29,12,0,0,25.25390625,0,1,6,3,2,1,6,1,20,1,1,26,1,0,29,35,0,0,liechtenstein_latest_attachment.pdf
0,0,4,0,133,133,127,0,0,105.3740234375,0,0,2,4,4,0,74,4,99,0,4,32,2,0,133,9,0,0,f5405.pdf
0,0,2,2,35,35,9,0,0,226.1845703125,0,1,2,2,2,1,2,4,25,1,1,0,3,0,35,17,0,0,sample_2040-h.pdf
0,0,1,1,35,35,10,0,0,94.0048828125,0,0,2,1,1,1,2,1,23,1,1,50,0,0,35,12,0,0,seaeqrel.pdf
0,0,3,0,75,75,65,0,0,125.8701171875,0,0,6,3,3,0,27,3,48,0,3,13,1,0,75,23,0,0,f1099d11_accessible.pdf
0,0,2,2,99,99,38,0,0,137.99609375,0,1,8,3,2,1,8,1,77,1,1,96,1,0,99,9,0,0,p3755.pdf
8,9,2,2,148,148,69,0,0,246.8642578125,0,0,2,2,2,2,52,2,132,2,2,82,2,34,148,9,0,1,f8891.pdf
0,0,2,2,27,27,10,0,0,19.11328125,0,1,4,3,2,1,4,1,22,1,1,32,1,0,27,12,0,0,rr-12-13.pdf
0,0,2,2,56,56,28,0,0,62.6083984375,0,1,8,3,2,1,8,5,42,1,1,47,1,1,56,14,0,0,exfirs-pia.pdf
2,3,1,2,168,168,68,0,0,62.7861328125,0,0,2,3,1,1,45,3,155,1,2,90,1,23,168,20,0,1,f8736_accessible.pdf
2,3,1,2,217,217,27,0,0,92.119140625,0,0,2,3,1,1,2,3,297,1,2,51,1,120,217,20,0,1,f8913_accessible.pdf
0,0,2,2,69,69,20,1,0,44.3720703125,0,1,19,2,2,1,19,2,7,1,1,26,0,0,69,10,0,0,n-01-4.pdf
0,0,1,1,6,6,2,0,0,84.04296875,0,0,1,1,1,1,1,0,2,1,1,1,0,0,6,10,1,0,boista.pdf
0,0,3,0,54,54,49,0,0,143.6376953125,0,0,1,3,3,0,2,3,26,0,3,2,1,0,54,20,0,0,f8829_accessible.pdf
0,0,4,0,51,51,45,0,0,70.9384765625,0,0,1,5,4,0,5,4,32,0,4,3,3,0,51,9,0,0,f8930.pdf
0,0,1,1,50,50,13,0,0,18.3017578125,0,0,11,1,1,1,12,1,8,1,1,21,0,0,50,11,0,0,n-98-16.pdf
0,0,2,0,59,59,55,0,0,206.181640625,0,1,2,2,2,0,4,2,25,0,2,2,2,0,59,10,0,0,circ34.pdf
0,0,2,2,119,119,37,0,0,112.4716796875,0,1,21,3,2,1,21,1,63,1,1,59,1,0,119,20,0,0,fy_2009_workplan.pdf
0,0,2,2,11,11,3,0,0,23.6982421875,0,1,1,2,2,1,1,2,4,1,1,0,0,0,11,12,1,0,compresc.pdf
0,0,2,2,40,40,14,0,0,32.6201171875,0,1,4,3,2,1,4,1,38,1,1,50,1,1,40,18,0,0,etrak-vets-pia.pdf
0,0,2,2,11,11,3,0,0,36.5146484375,0,1,1,2,2,1,1,2,4,1,1,0,0,0,11,12,1,0,adonellc.pdf
0,0,1,1,77,77,22,0,0,34.794921875,0,0,22,1,1,1,22,1,6,1,1,26,0,0,77,12,0,0,rp-98-25.pdf
0,0,1,1,14,14,1,0,0,11.6484375,0,0,1,1,1,1,1,1,12,1,1,24,0,0,14,13,1,0,63fr66042.pdf
0,0,1,1,6,6,2,0,0,76.12890625,0,0,1,1,1,1,1,0,2,1,1,1,0,0,6,12,1,0,brgmwhos.pdf
0,0,2,0,70,70,54,0,0,118.2119140625,0,1,14,2,2,0,14,2,16,0,2,14,1,0,70,11,0,0,92chap9.pdf
0,0,1,1,6,6,2,0,0,81.12109375,0,0,1,1,1,1,1,0,2,1,1,1,0,0,6,12,1,0,asnspcdv.pdf
0,0,2,2,11,11,3,0,0,28.1044921875,0,1,1,2,2,1,1,2,4,1,1,0,0,0,11,12,1,0,armstgmd.pdf
0,0,2,2,977,977,58,0,0,315.5712890625,0,1,38,2,2,2,38,1,1023,2,1,126,1,25,977,15,0,0,obligations.pdf
0,0,2,2,79,79,39,0,0,70.7099609375,0,1,4,3,2,0,13,1,59,1,1,66,1,0,79,17,0,0,cp601_spanish.pdf
0,0,1,1,266,266,81,0,0,179.9111328125,0,0,80,1,1,1,80,1,8,1,1,94,1,0,266,10,0,0,td9264.pdf
0,0,1,1,13,13,3,0,0,19.203125,0,0,1,1,1,1,1,1,3,1,1,9,0,0,13,17,1,0,Brian_Johnson.pdf
0,0,2,2,11,11,3,0,0,25.810546875,0,1,1,2,2,1,1,2,4,1,1,0,0,0,11,12,1,0,bulldogr.pdf
0,0,2,2,11,11,3,0,0,29.7509765625,0,1,1,2,2,1,1,2,4,1,1,0,0,0,11,11,1,0,amerxco.pdf
0,0,2,2,54,54,25,0,0,85.3310546875,0,1,4,3,2,1,4,1,33,1,1,66,1,1,54,11,0,0,n-08-45.pdf
0,0,1,1,6,6,2,0,0,64.7255859375,0,0,1,1,1,1,1,0,2,1,1,1,0,0,6,13,1,0,Colstudio.pdf
0,0,2,2,1099,1099,45,0,0,321.791015625,0,0,13,6,2,2,13,2,1467,2,2,60,2,90,1099,9,0,0,win08.pdf
0,0,2,2,36,36,9,0,0,22.7705078125,0,1,7,2,2,1,7,1,13,1,1,37,1,0,36,12,0,0,rp-07-65.pdf
0,0,2,2,69,69,25,0,0,64.7880859375,0,1,18,3,2,1,18,1,42,1,1,48,1,1,69,12,0,0,rp-06-30.pdf
0,0,2,2,11,11,3,0,0,32.896484375,0,1,1,2,2,1,1,2,4,1,1,0,0,0,11,12,1,0,agnt4all.pdf
0,0,2,2,24,24,9,0,0,18.2080078125,0,1,4,3,2,1,4,1,18,1,1,24,1,0,24,12,0,0,rr-06-22.pdf
0,0,4,0,116,116,108,0,0,131.91015625,0,0,4,4,4,0,43,4,69,0,4,17,2,0,116,11,0,0,f943xpr.pdf
0,0,2,2,34,34,6,0,0,15.154296875,0,1,2,3,2,1,2,1,22,1,1,12,1,0,34,12,0,0,rp-08-31.pdf
0,0,2,2,12,12,4,0,0,16.8837890625,0,1,1,2,2,1,1,2,5,1,1,0,1,0,12,12,1,0,ccfibrlk.pdf
0,0,2,2,60,60,8,1,0,50.337890625,0,1,2,2,2,1,2,2,55,1,1,26,1,0,60,11,0,0,n-03-59.pdf
0,0,3,0,69,69,63,0,0,78.2333984375,0,0,2,3,3,0,26,3,49,0,3,10,1,0,69,9,0,0,f8948.pdf
0,0,2,2,11,11,3,0,0,31.1806640625,0,1,1,2,2,1,1,2,4,1,1,0,0,0,11,12,1,0,blkboard.pdf
0,0,2,2,36,36,8,0,0,32.39453125,0,1,4,2,2,1,4,1,19,1,1,65,1,0,36,11,0,0,n-07-91.pdf
0,0,2,2,36,36,8,0,0,25.3623046875,0,1,6,2,2,1,6,2,22,1,1,41,1,0,36,7,0,0,161.pdf
0,0,2,2,84,84,22,0,0,148.7412109375,0,1,4,3,2,1,4,1,121,1,1,66,1,27,84,40,0,0,TravelingWithDisabilities_Oct_2010v2.pdf
0,0,1,1,30,30,4,0,0,11.56640625,0,0,1,1,1,1,1,4,18,1,1,11,1,0,30,15,0,0,Besciu_Alex.pdf
0,0,2,2,60,60,16,0,0,39.5732421875,0,1,13,2,2,1,13,1,15,1,1,53,1,0,60,12,0,0,rp-12-32.pdf
0,0,2,2,68,68,20,0,0,41.0361328125,0,1,17,2,2,1,17,1,11,1,1,37,1,0,68,11,0,0,n-05-32.pdf
0,0,1,1,30,30,4,0,0,11.3857421875,0,0,1,1,1,1,1,4,18,1,1,11,1,0,30,20,0,0,Brian_C_Johnston.pdf
0,0,2,2,43,43,8,0,0,51.4052734375,0,1,4,3,2,1,4,1,30,2,1,65,1,2,43,11,0,0,n-11-93.pdf
0,0,3,0,27,27,22,0,0,20.009765625,0,0,2,3,3,1,0,3,7,1,3,0,2,0,27,13,0,0,aod201102.pdf
0,0,2,2,189,189,63,0,0,162.076171875,0,1,46,2,2,1,46,1,33,1,1,147,1,0,189,14,0,0,ea-2b_0509.pdf
0,0,2,2,35,35,23,0,0,91.40234375,0,1,1,2,2,1,2,1,34,1,1,5,1,0,35,14,0,0,beautylish.pdf
0,0,2,2,109,109,8,1,0,54.8115234375,0,1,4,2,2,1,4,2,102,1,1,12,1,0,109,12,0,0,rr-03-10.pdf
1,1,2,2,348,348,132,0,0,99.5751953125,0,0,4,2,2,2,130,2,209,2,2,102,2,180,348,10,0,1,f13750.pdf
0,0,3,0,112,112,102,0,0,160.1318359375,0,0,6,3,3,0,51,3,74,0,3,21,1,0,112,22,0,0,f8300sp_accessible.pdf
15,16,4,4,549,549,43,0,0,269.3134765625,0,0,3,4,4,3,9,9,502,3,3,43,3,57,549,20,0,1,f8654_accessible.pdf
0,0,3,3,265,265,33,0,0,202.044921875,0,0,5,4,3,2,11,2,62,2,2,88,2,4,265,12,0,0,i1040sse.pdf
0,0,2,2,17,17,4,0,0,10.96484375,0,1,2,2,2,1,2,1,9,1,1,12,1,0,17,12,0,0,rr-05-33.pdf
0,0,2,2,52,52,24,0,0,48.87109375,0,1,8,3,2,1,8,1,42,1,1,46,1,1,52,15,0,0,ci2-gss-pia.pdf
0,0,1,1,6,6,2,0,0,71.0830078125,0,0,1,1,1,1,1,0,2,1,1,1,0,0,6,12,1,0,cargosmt.pdf
0,0,1,1,26,26,6,0,0,38.5791015625,0,0,2,1,1,1,2,1,22,1,1,37,0,0,26,11,0,0,69fr689.pdf
0,0,1,1,6,6,2,0,0,83.1025390625,0,0,1,1,1,1,1,0,2,1,1,1,0,0,6,12,1,0,btmshent.pdf
0,0,4,6,163,163,61,0,0,166.8544921875,0,0,2,7,4,3,29,6,179,3,5,71,3,47,162,9,0,0,f4422.pdf
0,0,2,2,88,88,36,0,0,71.6796875,0,1,29,3,2,1,29,1,55,1,1,49,1,2,88,11,0,0,n-08-94.pdf
0,0,2,2,33,33,10,0,0,61.8974609375,0,1,4,2,2,1,4,2,13,1,1,28,1,0,33,11,0,0,n-04-18.pdf
0,0,2,2,41,41,12,0,0,21.09375,0,1,10,2,2,1,10,1,9,1,1,20,1,0,41,12,0,0,rr-07-49.pdf
0,0,2,2,120,120,18,0,0,151.6689453125,0,1,1,2,2,1,2,1,93,1,1,31,1,2,120,14,0,0,c40_cities.pdf
0,0,2,0,36,36,33,0,0,180.8583984375,0,1,1,2,2,0,2,2,10,0,2,1,1,0,36,13,0,0,app_sense.pdf
0,0,3,0,61,61,55,0,0,70.9482421875,0,0,2,3,3,0,14,3,36,0,3,6,1,0,61,22,0,0,f5305ea_accessible.pdf
0,0,2,2,45,45,17,0,0,37.595703125,0,1,6,2,2,1,6,1,16,1,1,47,1,0,45,54,0,0,redactedfinaliddgovernmentsettlementinitiative__2_.pdf
0,0,2,2,54,54,27,0,0,131.8779296875,0,1,2,3,2,1,2,1,35,1,1,64,1,0,54,15,0,0,cp31_korean.pdf
0,0,2,0,33,33,30,0,0,155.5126953125,0,1,1,2,2,0,2,2,10,0,2,1,1,0,33,13,0,0,beststory.pdf
0,0,2,2,31,31,9,0,0,41.4775390625,0,1,4,2,2,1,4,2,12,1,1,22,1,0,31,11,0,0,rr-04-9.pdf
0,0,2,2,29,29,8,0,0,20.38671875,0,1,4,3,2,1,4,1,18,1,1,24,1,0,29,12,0,0,rr-04-98.pdf
0,0,2,2,52,52,20,0,0,38.4365234375,0,1,15,3,2,1,15,1,33,1,1,45,1,0,52,11,0,0,n-10-33.pdf
0,0,2,2,23,23,5,0,0,14.4326171875,0,1,2,2,2,1,2,1,13,1,1,32,1,0,23,11,0,0,a-05-12.pdf
0,0,2,2,28,28,7,0,0,13.3896484375,0,1,5,2,2,1,5,1,11,1,1,25,1,0,28,11,0,0,n-08-38.pdf
0,0,2,2,11,11,3,0,0,44.07421875,0,1,1,2,2,1,1,2,4,1,1,0,0,0,11,11,1,0,aicpcu2.pdf
2,3,1,2,429,429,153,0,0,146.169921875,0,0,2,3,1,1,125,3,431,1,2,67,1,123,429,20,0,1,f8734_accessible.pdf
0,0,2,2,82,82,26,0,0,143.853515625,0,1,16,2,2,1,16,2,21,1,1,66,1,0,82,48,0,0,nta_small_business_comm._testimony_v4_single.pdf
0,0,2,2,51,51,16,0,0,76.83984375,0,1,10,2,2,1,10,2,13,1,1,34,1,0,51,12,0,0,rp-03-39.pdf
0,0,1,1,18,18,2,0,0,20.271484375,0,0,2,1,1,1,2,1,13,1,1,27,0,0,18,13,0,0,64fr25201.pdf
0,0,2,2,107,107,33,0,0,247.076171875,0,1,1,2,2,1,3,2,111,1,1,93,3,15,107,16,0,0,11esgiftsnap.pdf
0,0,1,0,43,43,30,0,0,34.4423828125,0,1,11,2,1,0,0,1,16,0,1,11,1,0,43,12,0,0,rr-10-14.pdf
0,0,1,1,6,6,2,0,0,82.521484375,0,0,1,1,1,1,1,0,2,1,1,1,0,0,6,12,1,0,alphared.pdf
0,0,4,6,72,72,22,0,0,52.1015625,0,0,12,9,4,3,24,7,72,3,7,64,3,1,72,10,0,0,td9523.pdf
0,0,3,0,126,126,118,0,0,131.154296875,0,0,4,3,3,0,61,3,87,0,3,23,1,0,126,10,0,0,f941pr.pdf
0,0,3,0,62,62,52,0,0,70.8173828125,0,0,6,5,3,0,6,3,36,0,3,6,2,0,62,23,0,0,f1099g11_accessible.pdf
0,0,2,2,450,450,27,0,0,99.365234375,0,1,14,2,2,2,14,1,470,2,1,74,0,19,450,22,0,0,obligations_form_d.pdf
0,0,2,2,12,12,4,0,0,16.4736328125,0,1,1,2,2,1,1,2,5,1,1,0,1,0,12,12,1,0,ccviiihg.pdf
0,0,2,2,11,11,3,0,0,25.728515625,0,1,1,2,2,1,1,2,4,1,1,0,0,0,11,12,1,0,brkfdcom.pdf
0,0,1,1,6,6,2,0,0,56.94921875,0,0,1,1,1,1,1,0,2,1,1,1,0,0,6,12,1,0,cashcomp.pdf
0,0,2,2,107,107,17,0,0,105.533203125,0,1,1,2,2,1,2,1,84,1,1,22,1,3,107,11,0,0,city_ny.pdf
0,0,2,2,23,23,11,0,0,91.478515625,0,1,1,2,2,1,2,1,22,1,1,5,1,0,23,12,0,0,amasadve.pdf
0,0,1,1,106,106,29,0,0,53.625,0,0,27,1,1,1,27,1,17,1,1,62,0,0,106,12,0,0,2001_pgp.pdf
0,0,2,2,257,257,33,0,0,196.232421875,0,1,12,2,2,1,15,1,48,1,1,89,1,3,257,9,0,0,i8802.pdf
0,0,2,0,17,17,13,0,0,16.15625,0,0,1,3,2,1,1,2,11,1,2,1,2,0,17,10,0,0,ffc107.pdf
0,0,2,2,11,11,3,0,0,31.3330078125,0,1,1,2,2,1,1,2,4,1,1,0,0,0,11,12,1,0,cobropub.pdf
0,0,2,2,11,11,3,0,0,25.76953125,0,1,1,2,2,1,1,2,4,1,1,0,0,0,11,10,1,0,artand.pdf
2,2,3,3,98,98,25,0,0,45.60546875,0,0,2,3,3,2,22,2,65,2,2,57,2,34,98,10,0,1,f9517e.pdf
0,0,2,2,11,11,3,0,0,24.45703125,0,1,1,2,2,1,1,2,4,1,1,0,0,0,11,11,1,0,animall.pdf
0,0,2,2,53,53,14,0,0,27.6953125,0,1,12,2,2,1,12,1,13,1,1,42,1,0,53,12,0,0,rr-05-46.pdf
0,0,2,2,27,27,6,0,0,11.20703125,0,1,4,2,2,1,4,1,13,1,1,34,1,0,27,12,0,0,rr-07-44.pdf
0,0,3,0,59,59,53,0,0,73.826171875,0,0,2,3,3,0,8,3,32,0,3,4,1,0,59,10,0,0,f8879b.pdf
0,0,2,2,333,333,107,0,0,343.75,0,1,97,2,2,1,97,2,21,1,1,147,1,0,333,12,0,0,rp-03-44.pdf
0,0,2,2,428,428,35,1,0,147.5400390625,0,1,28,2,2,1,28,2,274,1,1,60,1,0,428,12,0,0,rp-02-61.pdf
0,0,2,2,92,92,37,0,0,93.505859375,0,1,34,3,2,1,34,1,15,2,1,64,1,0,92,11,0,0,n-11-62.pdf
0,0,2,2,195,195,11,1,0,75.771484375,0,1,5,2,2,1,5,2,154,1,1,29,1,0,195,12,0,0,rp-03-14.pdf
0,0,3,0,99,99,94,0,0,87.6015625,0,0,1,3,3,0,52,3,73,0,3,18,1,0,99,22,0,0,f8038cp_accessible.pdf
2,3,2,2,103,103,42,0,0,265.55859375,0,0,2,2,2,2,24,2,88,2,2,74,2,22,103,9,0,1,f8896.pdf
0,0,1,1,6,6,2,0,0,72.2294921875,0,0,1,1,1,1,1,0,2,1,1,1,0,0,6,12,1,0,bestwest.pdf
0,0,2,2,24,24,12,0,0,77.01171875,0,1,1,2,2,1,2,1,23,1,1,5,1,0,24,9,0,0,appsu.pdf
2,3,2,4,278,278,61,0,0,105.96875,0,0,2,6,2,2,26,6,272,2,5,94,2,90,278,20,0,1,f8871_accessible.pdf
0,0,2,2,11,11,3,0,0,27.5078125,0,1,1,2,2,1,1,2,4,1,1,0,0,0,11,10,1,0,boglep.pdf
0,0,2,2,140,140,24,0,0,207.029296875,0,1,1,2,2,1,2,1,99,1,1,57,1,1,140,20,0,0,celebrity_market.pdf
0,0,2,2,342,342,51,0,0,223.2744140625,0,1,10,3,2,1,16,1,106,1,1,150,1,10,342,9,0,0,i8939.pdf
0,0,2,2,11,11,3,0,0,25.236328125,0,1,1,2,2,1,1,2,4,1,1,0,0,0,11,12,1,0,awsmcaks.pdf
0,0,2,2,45,45,16,0,0,54.4931640625,0,1,3,2,2,1,3,2,13,1,1,27,1,0,45,12,0,0,rr-04-15.pdf
0,0,2,2,34,34,9,0,0,20.400390625,0,1,5,2,2,1,5,1,17,1,1,44,1,0,34,12,0,0,rr-05-48.pdf
0,0,2,2,388,388,38,0,0,368.033203125,0,1,16,2,2,1,16,1,46,1,1,77,1,7,388,12,0,0,irb10-34.pdf
0,0,2,2,88,88,26,0,0,74.9853515625,0,1,21,2,2,1,21,1,18,1,1,64,1,0,88,24,0,0,fy_2010_teb_workplan.pdf
0,0,2,2,306,306,49,0,0,261.0927734375,0,1,27,3,2,1,27,1,76,1,1,95,1,25,306,12,0,0,irb04-09.pdf
0,1,3,3,196,196,87,0,0,226.1162109375,0,0,2,3,3,2,78,3,188,2,2,62,2,76,196,9,0,0,f5754.pdf
0,0,3,0,127,127,119,0,0,140.470703125,0,0,4,3,3,0,58,3,79,0,3,22,1,0,127,10,0,0,f1041n.pdf
0,0,2,2,81,81,22,0,0,62.955078125,0,1,15,3,2,1,15,1,53,1,1,45,1,2,81,11,0,0,n-08-80.pdf
0,0,2,2,85,85,17,1,0,30.9853515625,0,1,2,2,2,1,2,1,69,1,1,47,1,1,85,17,0,0,22hughesjelen.pdf
0,0,2,2,75,75,23,0,0,123.8310546875,0,1,12,2,2,1,12,2,25,1,1,74,1,0,75,12,0,0,rp-03-62.pdf
0,0,3,0,60,60,53,0,0,86.46484375,0,0,3,3,3,0,9,3,31,0,3,5,1,0,60,9,0,0,f8613.pdf
0,0,1,1,6,6,2,0,0,77.3154296875,0,0,1,1,1,1,1,0,2,1,1,1,0,0,6,12,1,0,charthmc.pdf
0,0,2,2,37,37,25,0,0,81.7041015625,0,1,1,2,2,1,2,1,38,1,1,5,1,0,37,10,0,0,amacol.pdf
0,0,2,2,29,29,8,0,0,16.400390625,0,1,4,3,2,1,4,1,24,1,1,44,1,0,29,12,0,0,rp-09-38.pdf
0,0,2,0,61,61,55,0,0,152.666015625,0,1,4,2,2,0,6,2,27,0,2,4,2,0,61,10,0,0,circ45.pdf
0,0,4,0,134,134,127,0,0,123.6650390625,0,0,2,4,4,0,68,4,90,0,4,24,2,0,134,21,0,0,f8038b_accessible.pdf
0,0,2,2,195,195,26,0,0,162.4404296875,0,1,6,2,2,1,8,1,52,1,1,79,1,6,195,9,0,0,i8918.pdf
0,0,1,1,6,6,2,0,0,76.3974609375,0,0,1,1,1,1,1,0,2,1,1,1,0,0,6,12,1,0,brispagp.pdf
0,0,1,1,6,6,2,0,0,84.96875,0,0,1,1,1,1,1,0,2,1,1,1,0,0,6,12,1,0,aracamer.pdf
0,0,2,2,476,476,58,0,0,313.5107421875,0,1,13,4,2,1,22,1,105,1,1,185,1,2,476,12,0,0,i1040sca.pdf
0,0,1,1,6,6,2,0,0,72.0751953125,0,0,1,1,1,1,1,0,2,1,1,1,0,0,6,12,1,0,alvwaltd.pdf
0,0,2,0,34,34,31,0,0,222.765625,0,1,1,2,2,0,2,2,10,0,2,1,1,0,34,12,0,0,adkeeper.pdf
0,0,2,2,65,65,20,0,0,118.2509765625,0,1,13,2,2,1,13,2,15,1,1,45,1,0,65,12,0,0,rp-03-78.pdf
0,0,2,2,725,725,52,1,0,235.1865234375,0,1,29,2,2,1,29,1,668,1,1,110,1,3,725,28,0,0,forum10_roth_conversions.pdf
0,0,1,1,65,65,15,0,0,113.044921875,0,0,15,1,1,1,15,1,20,1,1,57,0,0,65,12,0,0,97eochar.pdf
1,1,3,3,159,159,80,0,0,57.462890625,0,0,1,3,3,2,77,2,77,2,2,82,2,41,159,9,0,1,f8569.pdf
0,0,1,1,25,25,6,0,0,17.23046875,0,0,1,1,1,1,1,1,8,1,1,17,0,0,25,15,0,0,andy-cao-15.pdf
0,0,3,0,62,62,56,0,0,77.5302734375,0,0,2,3,3,0,14,3,33,0,3,6,1,0,62,22,0,0,f1118si_accessible.pdf
0,0,3,0,118,118,110,0,0,136.4482421875,0,0,4,3,3,0,58,3,80,0,3,22,1,0,118,11,0,0,f941xpr.pdf
0,0,2,0,86,86,68,0,0,68.8798828125,0,0,6,4,2,0,21,2,80,0,2,21,2,0,86,15,0,0,f1099div_11.pdf
0,0,2,2,41,41,9,0,0,20.73828125,0,1,4,3,2,1,4,1,28,1,1,34,1,0,41,12,0,0,rp-06-35.pdf
0,0,1,1,6,6,2,0,0,72.224609375,0,0,1,1,1,1,1,0,2,1,1,1,0,0,6,12,1,0,codesour.pdf
0,0,1,1,246,246,70,0,0,379.0234375,0,0,69,1,1,1,69,1,22,1,1,119,0,0,246,12,0,0,99cftcar.pdf
0,0,2,2,43,43,12,1,0,16.787109375,0,1,1,2,2,1,1,1,28,1,1,21,1,0,43,13,0,0,27vinzant.pdf
0,0,3,3,175,175,61,0,0,196.111328125,0,0,38,3,3,2,38,3,31,2,2,66,2,1,175,9,0,0,i1023.pdf
0,0,2,2,37,37,10,0,0,24.6279296875,0,1,6,2,2,1,6,1,15,1,1,48,1,0,37,11,0,0,n-10-66.pdf
0,0,2,0,25,25,22,0,0,96.552734375,0,1,1,2,2,0,2,2,9,0,2,1,1,0,25,17,0,0,charlie_boxer.pdf
0,0,2,2,12,12,4,0,0,21.482421875,0,1,1,2,2,1,1,2,5,1,1,0,1,0,12,12,1,0,amarfond.pdf
0,0,2,2,38,38,25,0,0,67.2568359375,0,1,2,2,2,1,3,1,46,1,1,5,1,0,38,12,0,0,cablbuso.pdf
0,0,1,1,6,6,2,0,0,55.4189453125,0,0,1,1,1,1,1,0,2,1,1,1,0,0,6,12,1,0,camomedi.pdf
0,0,2,2,12,12,4,0,0,16.7451171875,0,1,1,2,2,1,1,2,5,1,1,0,1,0,12,12,1,0,ccviipch.pdf
0,0,2,0,34,34,31,0,0,198.91796875,0,1,1,2,2,0,2,2,10,0,2,1,1,0,34,14,0,0,body_flash.pdf
0,0,2,2,29,29,10,0,0,18.80859375,0,1,6,3,2,1,6,1,22,1,1,26,1,0,29,11,0,0,n-09-49.pdf
0,0,2,2,66,66,40,0,0,29.349609375,0,1,2,2,2,0,14,1,50,1,1,35,1,0,66,18,0,0,cp2057_english.pdf
0,0,2,2,87,87,20,0,0,69.9248046875,0,1,4,3,2,1,4,2,110,1,1,45,1,16,87,33,0,0,comparison_of_review_criteria.pdf
0,0,1,1,6,6,2,0,0,77.564453125,0,0,1,1,1,1,1,1,3,1,1,0,0,0,6,25,1,0,purepdf_viewerexample.pdf
0,0,2,2,37,37,16,0,0,55.435546875,0,1,2,2,2,1,2,1,29,1,1,48,1,0,37,13,0,0,71fr64317.pdf
2,3,2,4,128,128,31,0,0,65.9033203125,0,0,1,7,2,2,1,5,126,2,5,58,2,34,128,22,0,1,f5471sj_accessible.pdf
0,0,1,1,1170,1170,28,0,0,246.5732421875,0,0,15,1,1,1,15,1,70,1,1,85,1,26,1170,12,0,0,irb06-19.pdf
0,0,1,1,12,12,1,0,0,2.8525390625,0,0,1,1,1,1,1,1,14,1,1,3,0,6,12,24,1,0,purepdf_flyerexample.pdf
0,0,2,2,21,21,5,0,0,11.03125,0,1,3,2,2,1,3,2,8,1,1,10,1,0,21,7,0,0,158.pdf
0,0,2,2,38,38,26,0,0,96.4677734375,0,1,1,2,2,1,2,1,37,1,1,5,1,0,38,13,0,0,bacentral.pdf
0,0,3,3,213,213,25,1,0,85.8193359375,0,0,2,3,3,2,4,2,204,2,2,61,2,0,213,12,0,0,a2012_18.pdf
0,0,3,0,44,44,39,0,0,82.134765625,0,0,1,3,3,0,9,3,32,0,3,3,2,0,44,9,0,0,f8050.pdf
0,0,2,2,35,35,7,0,0,19.951171875,0,1,5,2,2,1,5,2,20,1,1,40,1,0,35,14,0,0,106hallpbs.pdf
0,0,1,0,95,95,74,0,0,49.7099609375,0,0,2,1,1,0,39,1,95,0,1,14,1,0,95,10,0,0,fw3_11.pdf
0,0,3,4,20,20,7,0,0,14.9580078125,0,0,1,6,3,2,1,4,21,2,4,21,2,0,20,27,0,0,cert_interim_amendments.pdf
0,0,2,2,59,59,15,1,0,60.478515625,0,1,12,2,2,1,12,2,16,1,1,44,0,0,59,12,0,0,rp-01-60.pdf
0,0,1,1,6,6,2,0,0,69.0263671875,0,0,1,1,1,1,1,0,2,1,1,1,0,0,6,10,1,0,chfind.pdf
0,0,1,2,190,190,81,0,0,112.1220703125,0,0,4,3,1,1,4,2,212,1,2,109,1,0,190,17,0,0,cp259_spanish.pdf
0,0,2,2,97,97,26,0,0,50.689453125,0,1,25,2,2,1,25,2,19,1,1,60,0,0,97,12,0,0,2000_pgp.pdf
0,0,3,0,81,81,72,0,0,104.08984375,0,0,5,3,3,0,26,3,49,0,3,12,1,0,81,19,0,0,f982_accessible.pdf
0,0,2,2,173,173,20,1,0,88.189453125,0,1,13,2,2,1,13,2,124,1,1,45,1,0,173,12,0,0,rr-02-31.pdf
0,0,2,2,42,42,9,0,0,53.6875,0,1,4,3,2,1,4,1,27,2,1,66,1,1,42,11,0,0,n-10-61.pdf
0,0,2,2,65,65,14,0,0,45.2958984375,0,1,8,3,2,1,8,1,81,1,1,38,1,11,65,28,0,0,20110128-Tim-Brooks-ARSC.pdf
0,0,2,2,200,200,11,1,0,81.177734375,0,1,6,2,2,1,6,2,148,1,1,22,1,0,200,12,0,0,rr-02-22.pdf
0,0,2,2,1132,1132,13,1,0,194.1728515625,0,1,4,2,2,1,4,2,702,1,1,53,1,0,1132,22,0,0,life_mou_041220061.pdf
0,0,2,2,47,47,14,0,0,29.5546875,0,1,4,2,2,1,4,2,17,1,1,33,0,0,47,13,0,0,63fr71785.pdf
0,0,5,0,84,84,76,0,0,104.021484375,0,0,3,6,5,0,22,5,48,0,5,10,4,0,84,10,0,0,f720cs.pdf
0,0,2,2,350,350,17,1,0,112.0546875,0,1,11,2,2,1,11,2,312,1,1,35,1,0,350,11,0,0,n-02-17.pdf
0,0,2,2,357,357,14,0,0,63.048828125,0,1,1,2,2,1,1,3,54,1,1,39,1,5,357,13,0,0,66fr64783.pdf
0,0,2,2,42,42,13,0,0,49.64453125,0,1,9,2,2,1,9,2,9,1,1,17,1,0,42,12,0,0,rr-04-37.pdf
0,0,2,2,11,11,3,0,0,28.5595703125,0,1,1,2,2,1,1,2,4,1,1,0,0,0,11,11,1,0,adrianc.pdf
0,0,2,2,26,26,14,0,0,81.673828125,0,1,1,2,2,1,2,1,25,1,1,5,1,0,26,12,0,0,atechllc.pdf
0,0,2,2,21,21,6,0,0,14.2998046875,0,1,2,3,2,1,2,1,18,1,1,32,1,0,21,11,0,0,a-09-62.pdf
0,0,4,6,376,376,87,0,0,198.673828125,0,0,6,7,4,3,49,6,518,3,5,157,3,210,375,12,0,0,f1120pol.pdf
0,0,3,0,366,365,359,0,0,233.04296875,0,0,7,3,3,0,291,3,315,0,3,172,3,0,365,9,0,0,f5227.pdf
0,0,2,2,50,50,5,1,0,30.5703125,0,1,1,2,2,1,1,2,55,1,1,9,1,1,50,11,0,0,a-03-68.pdf
0,0,2,0,844,844,285,0,0,272.8203125,0,0,6,2,2,1,232,2,282,1,2,254,2,0,844,10,0,0,f1120f.pdf
0,0,3,0,46,46,33,0,0,163.5625,0,0,1,3,3,1,3,3,19,1,3,14,2,0,46,17,0,0,arklightmedia.pdf
1,1,7,0,328,328,162,0,0,240.560546875,0,0,2,7,7,1,102,10,275,1,7,95,7,0,328,22,0,1,f1120sb_accessible.pdf
0,0,3,3,56,56,21,0,0,94.5078125,0,0,2,3,3,2,9,2,46,2,2,48,2,2,56,38,0,0,ovdi_memo_use_of_discretion_3-1-11.pdf
0,0,2,2,121,121,29,0,0,147.7080078125,0,1,4,2,2,1,7,1,55,1,1,94,1,2,121,11,0,0,i1065sd.pdf
0,0,2,2,24,24,7,0,0,50.3115234375,0,1,3,2,2,1,3,2,9,1,1,11,1,0,24,11,0,0,n-03-71.pdf
0,0,2,2,35,35,13,0,0,33.18359375,0,1,4,3,2,1,4,1,29,1,1,37,1,1,35,13,0,0,efpps-pia.pdf
0,0,2,2,36,36,11,0,0,51.6015625,0,1,6,2,2,1,6,2,11,1,1,22,1,0,36,12,0,0,rr-02-86.pdf
0,0,3,0,177,177,171,0,0,304.1259765625,0,0,2,4,3,0,134,3,160,0,3,90,2,0,177,19,0,0,fss4_accessible.pdf
0,0,2,2,36,36,9,0,0,16.66796875,0,1,7,2,2,1,7,1,13,1,1,37,1,0,36,12,0,0,rp-05-34.pdf
0,0,2,2,25,25,5,0,0,13.5830078125,0,1,3,2,2,1,3,2,14,1,1,24,1,0,25,7,0,0,105.pdf
0,0,2,2,305,305,37,0,0,243.8857421875,0,1,14,2,2,1,19,1,68,1,1,91,1,10,305,11,0,0,i944xsp.pdf
2,3,3,3,123,123,45,0,0,50.6630859375,0,0,2,3,3,2,40,2,109,2,2,32,2,38,123,8,0,1,f907.pdf
0,0,3,0,45,45,33,0,0,298.2294921875,0,0,1,3,3,0,3,3,18,0,3,14,2,0,45,15,0,0,atakamalabs.pdf
0,0,2,2,32,32,20,0,0,82.2431640625,0,1,1,2,2,1,2,1,31,1,1,5,1,0,32,11,0,0,buiasig.pdf
0,0,2,0,25,25,21,0,0,23.5166015625,0,1,2,2,2,0,0,2,5,0,2,0,1,0,25,11,0,0,12-0043.pdf
0,0,2,2,27,27,8,0,0,55.119140625,0,1,2,2,2,1,2,2,13,1,1,26,1,0,27,11,0,0,n-04-42.pdf
0,0,2,2,32,32,10,0,0,23.1728515625,0,1,5,3,2,1,5,1,20,1,1,25,1,0,32,12,0,0,rp-04-39.pdf
0,0,2,2,41,41,16,0,0,44.8681640625,0,1,5,3,2,1,5,1,36,1,1,44,1,1,41,12,0,0,futa-pia.pdf
0,0,2,0,70,70,57,0,0,90.279296875,0,0,9,3,2,0,24,2,38,0,2,19,1,0,70,9,0,0,f9661.pdf
0,0,3,4,177,177,72,0,0,115.14453125,0,0,4,4,3,2,43,3,206,2,2,143,2,53,176,9,0,0,f8703.pdf
0,0,2,2,37,37,8,0,0,15.1572265625,0,1,6,2,2,1,6,2,16,1,1,41,1,0,37,11,0,0,042307f.pdf
0,0,1,1,6,6,2,0,0,70.7275390625,0,0,1,1,1,1,1,0,2,1,1,1,0,0,6,12,1,0,choicltd.pdf
0,0,2,2,33,33,9,0,0,27.087890625,0,1,2,2,2,1,2,1,20,1,1,55,1,0,33,13,0,0,ir-05-020.pdf
0,0,3,4,190,190,37,0,0,117.7890625,0,0,2,4,3,2,5,3,277,2,2,122,2,108,189,9,0,0,f8606.pdf
0,0,2,2,110,110,36,0,0,70.4970703125,0,1,33,2,2,1,33,1,34,1,1,83,1,3,110,12,0,0,rp-12-25.pdf
0,0,3,0,55,55,49,0,0,91.36328125,0,0,2,3,3,0,2,3,26,0,3,2,1,0,55,20,0,0,f8815_accessible.pdf
2,3,1,2,252,252,131,0,0,250.2373046875,0,0,2,3,1,1,104,3,311,1,2,125,1,86,252,20,0,1,f8886_accessible.pdf
0,0,2,2,11,11,3,0,0,33.3671875,0,1,1,2,2,1,1,2,4,1,1,0,0,0,11,12,1,0,bovillig.pdf
0,0,2,2,25,25,8,0,0,19.14453125,0,1,4,3,2,1,4,1,20,1,1,24,1,0,25,11,0,0,n-06-16.pdf
0,0,2,2,112,112,25,0,0,110.1455078125,0,1,2,2,2,1,5,1,49,1,1,76,1,2,112,10,0,0,i1098c.pdf
0,0,1,1,99,99,25,0,0,139.1826171875,0,0,25,1,1,1,25,1,22,1,1,74,0,0,99,12,0,0,98frrltr.pdf
0,0,2,2,34,34,11,0,0,31.9404296875,0,1,8,3,2,1,8,1,13,2,1,28,1,0,34,11,0,0,n-11-02.pdf
0,0,2,0,123,123,117,0,0,73.2119140625,0,0,2,3,2,0,89,2,106,0,2,22,2,0,123,21,0,0,f14039_accessible.pdf
0,0,2,2,34,34,7,0,0,27.470703125,0,1,4,2,2,1,4,1,19,1,1,65,1,0,34,11,0,0,n-11-22.pdf
0,0,5,0,94,94,84,0,0,174.947265625,0,0,1,6,5,0,29,5,61,0,5,13,4,0,94,9,0,0,f1042.pdf
0,0,2,2,113,113,24,0,0,230.55078125,0,1,1,2,2,1,2,1,86,1,1,57,1,4,113,15,0,0,brownstoner.pdf
0,0,1,1,6,6,2,0,0,76.6328125,0,0,1,1,1,1,1,0,2,1,1,1,0,0,6,13,1,0,ahnmediac.pdf
0,0,1,1,30,30,4,0,0,14.3623046875,0,0,1,1,1,1,1,4,18,1,1,11,1,0,30,25,0,0,Brandon_Etheredge_EFF.pdf
0,0,2,2,11,11,3,0,0,29.5830078125,0,1,1,2,2,1,1,2,4,1,1,0,0,0,11,9,1,0,belcc.pdf
0,0,1,1,6,6,2,0,0,79.896484375,0,0,1,1,1,1,1,0,2,1,1,1,0,0,6,12,1,0,cecotexa.pdf
0,0,2,2,321,321,39,0,0,306.4521484375,0,1,24,2,2,1,24,1,41,1,1,71,1,12,321,12,0,0,irb11-28.pdf
0,0,2,2,11,11,3,0,0,28.634765625,0,1,1,2,2,1,1,2,4,1,1,0,0,0,11,12,1,0,caluthuv.pdf
0,0,1,1,6,6,2,0,0,72.6552734375,0,0,1,1,1,1,1,0,2,1,1,1,0,0,6,12,1,0,bizzukai.pdf
0,0,1,1,29,29,7,0,0,25.2119140625,0,0,6,1,1,1,6,1,11,1,1,27,1,0,29,11,0,0,051001f.pdf
0,0,2,2,55,55,16,0,0,37.173828125,0,1,14,2,2,1,14,1,9,1,1,24,1,0,55,12,0,0,rr-05-74.pdf
0,0,2,2,21,21,7,0,0,61.9912109375,0,1,3,2,2,1,3,2,6,1,1,0,0,0,21,12,0,0,bargielr.pdf
0,0,3,4,170,170,53,0,0,110.501953125,0,0,4,4,3,2,22,3,211,2,2,135,2,66,169,9,0,0,f8843.pdf
0,0,2,2,12,12,4,0,0,16.7578125,0,1,1,2,2,1,1,2,5,1,1,0,1,0,12,12,1,0,charheli.pdf
0,0,2,2,11,11,3,0,0,23.46484375,0,1,1,2,2,1,1,2,4,1,1,0,0,0,11,12,1,0,conectad.pdf
0,0,2,2,48,48,13,0,0,24.091796875,0,1,11,2,2,1,11,1,11,1,1,31,1,0,48,11,0,0,a-06-95.pdf
0,0,1,1,6,6,2,0,0,72.4091796875,0,0,1,1,1,1,1,0,2,1,1,1,0,0,6,14,1,0,CONMERENCE.pdf
0,0,3,0,72,72,64,0,0,86.7470703125,0,0,4,3,3,0,16,3,41,0,3,8,1,0,72,20,0,0,f3903_accessible.pdf
0,0,2,2,177,177,33,0,0,155.3828125,0,1,4,2,2,1,11,1,71,1,1,130,1,1,177,9,0,0,i2220.pdf
0,0,4,0,94,94,86,0,0,90.515625,0,0,2,5,4,1,42,4,71,1,4,16,3,0,94,10,0,0,f8038g.pdf
0,0,2,0,30,30,27,0,0,99.904296875,0,1,1,2,2,0,2,2,10,0,2,1,1,0,30,12,0,0,cacheinc.pdf
0,0,2,2,40,40,10,0,0,17.9814453125,0,0,1,2,2,1,1,2,18,1,1,35,0,0,40,11,0,0,irs2000.pdf
0,0,2,2,49,49,19,0,0,59.3671875,0,1,6,3,2,1,6,1,37,1,1,71,1,1,49,11,0,0,irp-pia.pdf
0,0,1,1,70,70,36,0,0,33.5751953125,0,0,6,1,1,1,8,1,23,1,1,44,1,0,70,11,0,0,093701f.pdf
0,0,3,0,46,46,41,0,0,54.88671875,0,0,1,3,3,0,1,3,23,0,3,1,1,0,46,19,0,0,fw11_accessible.pdf
0,0,2,2,55,55,34,0,0,182.17578125,0,1,2,2,2,1,2,2,21,1,1,7,1,0,55,9,0,0,memo1.pdf
0,0,2,2,11,11,3,0,0,32.177734375,0,1,1,2,2,1,1,2,4,1,1,0,0,0,11,8,1,0,clcs.pdf
0,0,2,2,11,11,3,0,0,28.076171875,0,1,1,2,2,1,1,2,4,1,1,0,0,0,11,10,1,0,comvir.pdf
0,0,1,1,6,6,2,0,0,75.58203125,0,0,1,1,1,1,1,0,2,1,1,1,0,0,6,12,1,0,arts4all.pdf
0,0,2,2,103,103,42,0,0,78.2724609375,0,1,8,2,2,1,8,1,45,1,1,80,1,0,103,9,0,0,i6198.pdf
0,0,2,2,11,11,3,0,0,37.7021484375,0,1,1,2,2,1,1,2,4,1,1,0,0,0,11,12,1,0,augstnac.pdf
0,0,1,1,6,6,2,0,0,74.7685546875,0,0,1,1,1,1,1,0,2,1,1,1,0,0,6,12,1,0,amerrfin.pdf
0,0,2,2,11,11,3,0,0,28.326171875,0,1,1,2,2,1,1,2,4,1,1,0,0,0,11,11,1,0,benedcu.pdf
0,0,2,2,30,30,8,0,0,20.5927734375,0,1,6,2,2,1,6,2,8,1,1,13,1,0,30,7,0,0,165.pdf
0,0,2,2,30,30,7,0,0,21.7568359375,0,1,4,3,2,1,4,1,17,2,1,44,1,0,30,12,0,0,rr-11-10.pdf
0,0,2,2,56,56,27,0,0,57.5693359375,0,1,7,3,2,1,7,1,42,1,1,55,1,1,56,17,0,0,ptin-tpps-pia.pdf
0,0,1,1,13,13,4,0,0,17.7705078125,0,0,1,1,1,1,1,1,5,1,1,9,1,0,13,13,1,0,Christian.pdf
0,0,2,2,27,27,15,0,0,85.140625,0,1,1,2,2,1,2,1,28,1,1,5,1,0,27,11,0,0,alpamei.pdf
0,0,1,1,6,6,2,0,0,80.6162109375,0,0,1,1,1,1,1,0,2,1,1,1,0,0,6,12,1,0,Aptherlc.pdf
0,0,1,1,8,8,3,0,0,25.81640625,0,0,1,1,1,1,1,1,2,1,1,0,0,0,8,27,1,0,20110211-Steven-Smolian.pdf
0,0,2,2,11,11,3,0,0,26.732421875,0,1,1,2,2,1,1,2,4,1,1,0,0,0,11,12,1,0,cainfarg.pdf
0,0,2,2,86,86,54,0,0,54.154296875,0,1,2,3,2,1,8,1,59,1,1,53,1,0,86,17,0,0,cp181_english.pdf
0,0,2,2,39,39,10,0,0,24.9892578125,0,1,8,2,2,1,8,1,13,1,1,38,1,0,39,11,0,0,n-07-34.pdf
0,0,2,0,28,28,25,0,0,60.08203125,0,1,1,2,2,0,1,2,7,0,2,1,1,0,28,15,0,0,Alan_Nelson.pdf
0,0,4,0,110,110,103,0,0,126.392578125,0,0,2,4,4,0,41,4,67,0,4,15,2,0,110,23,0,0,f1065sk1_accessible.pdf
0,0,3,0,58,58,52,0,0,351.6669921875,0,0,2,4,3,2,2,3,29,2,3,2,7,0,58,9,0,0,p3114.pdf
0,0,2,2,363,363,42,0,0,171.736328125,0,1,27,3,2,1,27,1,645,1,1,75,1,118,363,66,0,0,nta_testimony_wmoversight_financiallystrugglingtaxpayers090226.pdf
0,0,2,2,52,52,11,1,0,89.7939453125,0,1,3,2,2,1,3,2,19,1,1,27,1,4,52,16,0,0,088brown_naa.pdf
0,0,2,0,16,16,13,0,0,32.39453125,0,1,1,2,2,0,1,2,7,0,2,1,1,0,16,19,0,0,Claude_Robinson.pdf
0,0,2,2,44,44,13,0,0,28.193359375,0,1,5,2,2,1,5,2,15,1,1,30,0,0,44,13,0,0,64fr66139.pdf
0,0,1,1,6,6,2,0,0,83.9833984375,0,0,1,1,1,1,1,0,2,1,1,1,0,0,6,12,1,0,avidtech.pdf
0,0,1,1,6,6,2,0,0,76.611328125,0,0,1,1,1,1,1,0,2,1,1,1,0,0,6,13,1,0,centrecol.pdf
0,0,2,0,15,15,12,0,0,11.1220703125,0,1,1,2,2,0,1,3,7,0,2,1,1,0,15,22,0,0,app_store_monopoly.pdf
0,0,2,2,165,165,74,0,0,158.068359375,0,0,2,3,2,2,49,2,148,2,2,66,2,47,165,9,0,0,f6197.pdf
0,0,1,1,22,22,3,0,0,18.0126953125,0,0,1,1,1,1,1,1,5,1,1,9,0,0,22,40,0,0,College_of_Imaging_Arts_Greg_Barnett.pdf
0,0,2,2,130,130,58,0,0,170.2470703125,0,1,4,2,2,1,7,2,98,1,1,182,2,0,130,10,0,0,circ08.pdf
0,0,2,2,172,172,28,0,0,133.51953125,0,1,3,2,2,1,7,1,82,1,1,89,1,16,172,15,0,0,i1099div_11.pdf
0,0,3,0,21,21,16,0,0,24.13671875,0,0,2,3,3,1,0,3,8,1,3,0,2,0,21,13,0,0,aod201006.pdf
0,0,1,0,53,53,29,0,0,40.49609375,0,0,7,3,1,1,0,1,68,1,1,14,1,0,53,9,0,0,f3921.pdf
0,0,2,2,27,27,8,0,0,42.0869140625,0,1,4,2,2,1,4,2,9,1,1,12,1,0,27,12,0,0,rr-03-73.pdf
0,0,2,2,16,16,5,0,0,39.9951171875,0,0,2,3,2,1,2,3,14,1,3,18,0,0,16,10,0,0,FY2007.pdf
0,0,3,0,73,73,67,0,0,143.3720703125,0,0,2,3,3,0,19,3,45,0,3,9,1,0,73,20,0,0,f8919_accessible.pdf
0,0,2,2,229,229,12,1,0,96.1201171875,0,1,6,2,2,1,6,2,184,1,1,30,1,0,229,11,0,0,a-03-29.pdf
0,0,1,1,91,91,18,0,0,146.34765625,0,0,10,1,1,1,10,1,21,1,1,66,0,0,91,17,0,0,22-manon-ress.pdf
0,0,3,4,49,49,15,0,0,45.0693359375,0,0,3,6,3,2,4,4,49,2,4,77,2,2,49,15,0,0,epwrkpln_11.pdf
0,0,1,1,6,6,2,0,0,92.9677734375,0,0,1,1,1,1,1,0,2,1,1,1,0,0,6,11,1,0,bresnan.pdf
0,0,2,2,28,28,7,1,0,18.349609375,0,1,6,2,2,1,6,2,7,1,1,13,0,0,28,11,0,0,rr-02-1.pdf
0,0,2,2,98,98,16,0,0,53.8544921875,0,1,3,2,2,1,3,2,56,1,1,43,1,3,98,12,0,0,67fr5213.pdf
0,0,2,2,15,15,5,0,0,10.42578125,0,1,1,3,2,1,1,1,14,1,1,11,1,0,15,11,0,0,n-04-57.pdf
0,0,2,2,25,25,13,0,0,94.9521484375,0,1,1,2,2,1,2,1,24,1,1,5,1,0,25,12,0,0,charscin.pdf
0,0,2,2,134,134,9,1,0,70.279296875,0,1,3,2,2,1,3,2,109,1,1,27,1,0,134,11,0,0,rr-03-3.pdf
0,0,3,0,45,45,33,0,0,183.048828125,0,0,1,3,3,0,3,3,18,0,3,14,2,0,45,14,0,0,citruslane.pdf
0,0,2,2,51,51,15,0,0,29.759765625,0,1,12,2,2,1,12,1,9,1,1,22,1,0,51,11,0,0,n-07-36.pdf
0,0,2,2,92,92,56,0,0,71.07421875,0,1,3,3,2,0,12,1,62,1,1,74,1,0,92,17,0,0,cp772_spanish.pdf
0,0,2,2,37,37,10,0,0,21.1923828125,0,1,8,2,2,1,8,1,11,1,1,28,1,0,37,12,0,0,rr-08-15.pdf
0,0,1,1,52,52,13,0,0,40.2060546875,0,0,13,1,1,1,13,1,9,1,1,23,0,0,52,12,0,0,rp-99-28.pdf
0,0,2,2,42,42,10,0,0,29.4892578125,0,1,3,3,2,1,3,1,25,2,1,47,1,1,42,11,0,0,n-11-94.pdf
0,0,2,2,41,41,10,0,0,103.939453125,0,1,4,2,2,1,4,1,31,1,1,50,1,0,41,11,0,0,ar-1880.pdf
0,0,3,3,39,39,13,0,0,199.0673828125,0,0,2,3,3,2,4,2,28,2,2,26,2,0,39,14,0,0,law103-173.pdf
0,0,2,2,11,11,3,0,0,14.0166015625,0,1,1,2,2,1,1,2,4,1,1,0,0,0,11,9,1,0,bcpub.pdf
0,0,2,2,39,39,12,0,0,63.9755859375,0,1,6,2,2,1,6,2,13,1,1,30,1,0,39,12,0,0,rr-03-83.pdf
0,0,2,2,11,11,3,0,0,31.5849609375,0,1,1,2,2,1,1,2,4,1,1,0,0,0,11,10,1,0,athome.pdf
0,0,1,1,6,6,2,0,0,78.076171875,0,0,1,1,1,1,1,0,2,1,1,1,0,0,6,12,1,0,cathequt.pdf
0,0,1,1,66,66,20,0,0,106.291015625,0,0,15,1,1,1,15,1,28,1,1,55,0,0,66,13,0,0,74fr40614.pdf
0,0,2,2,131,131,9,1,0,60.6728515625,0,1,4,2,2,1,4,2,100,1,1,20,1,1,131,12,0,0,rr-04-29.pdf
0,0,3,4,57,57,26,0,0,86.6279296875,0,0,4,6,3,2,4,4,38,2,4,65,2,1,57,11,0,0,n-12-53.pdf
0,0,4,0,74,74,67,0,0,83.99609375,0,0,2,5,4,0,21,4,51,0,4,9,3,0,74,10,0,0,f8453c.pdf
0,0,2,0,506,506,254,0,0,181.236328125,0,0,4,2,2,1,216,2,282,1,2,198,2,0,506,11,0,0,f8857sp.pdf
0,0,2,2,29,29,10,0,0,21.0478515625,0,1,5,3,2,1,5,1,22,1,1,25,1,0,29,11,0,0,n-12-03.pdf
0,0,3,0,26,26,21,0,0,58.7197265625,0,0,2,3,3,1,2,3,14,1,3,2,2,0,26,13,0,0,aod201201.pdf
0,0,2,2,11,11,3,0,0,23.037109375,0,1,1,2,2,1,1,2,4,1,1,0,0,0,11,12,1,0,apllogam.pdf
0,0,1,1,6,6,2,0,0,83.572265625,0,0,1,1,1,1,1,0,2,1,1,1,0,0,6,11,1,0,cbrinst.pdf
0,0,2,2,16,16,5,0,0,53.58984375,0,1,2,2,2,1,2,2,5,1,1,0,0,0,16,12,0,0,almowire.pdf
0,0,2,2,33,33,12,0,0,25.3193359375,0,1,8,3,2,1,8,1,24,1,1,28,1,0,33,12,0,0,rr-08-18.pdf
0,0,1,1,76,76,24,1,0,91.4013671875,0,0,15,1,1,1,15,1,33,1,1,43,1,0,76,10,0,0,td8818.pdf
0,0,2,2,22,22,10,0,0,86.703125,0,1,1,2,2,1,2,1,21,1,1,5,1,0,22,16,0,0,bluenesiscom.pdf
0,0,2,2,92,92,19,0,0,166.46875,0,1,1,2,2,1,2,1,63,1,1,34,1,2,92,13,0,0,boxee_inc.pdf
0,0,2,2,26,26,7,1,0,18.9658203125,0,1,2,3,2,1,2,1,21,1,1,42,1,0,26,13,0,0,06weisman.pdf
0,0,1,1,23,23,9,0,0,42.509765625,0,0,2,1,1,1,2,1,35,1,1,22,1,0,23,11,0,0,arl-ala.pdf
0,0,3,0,82,82,76,0,0,88.6513671875,0,0,2,3,3,0,32,3,56,0,3,12,1,0,82,22,0,0,f8453eo_accessible.pdf
0,0,1,1,7,6,2,0,0,73.1083984375,0,0,1,1,1,1,1,0,2,1,1,1,0,0,6,11,1,0,bid4vid.pdf
0,0,2,2,189,189,59,0,0,241.9658203125,0,1,47,3,2,1,47,2,22,1,1,79,0,0,189,12,0,0,irb02-34.pdf
0,0,2,2,69,69,36,0,0,140.5126953125,0,1,2,3,2,1,2,1,47,1,1,84,1,0,69,15,0,0,cp45_korean.pdf
0,0,2,2,51,51,14,0,0,26.689453125,0,1,12,2,2,1,12,1,11,1,1,32,1,0,51,11,0,0,n-06-92.pdf
0,0,2,2,11,11,3,0,0,23.6982421875,0,1,1,2,2,1,1,2,4,1,1,0,0,0,11,10,1,0,ashton.pdf
0,0,3,0,53,53,47,0,0,68.814453125,0,0,2,3,3,0,5,3,27,0,3,3,1,0,53,23,0,0,f4506tez_accessible.pdf
0,0,2,2,27,27,8,0,0,69.533203125,0,1,3,2,2,1,3,2,11,1,1,19,1,0,27,11,0,0,n-03-69.pdf
0,0,2,2,28,28,7,1,0,14.12890625,0,1,6,2,2,1,6,2,7,1,1,13,0,0,28,11,0,0,n-00-44.pdf
0,0,2,2,25,25,13,0,0,84.962890625,0,1,1,2,2,1,2,1,26,1,1,5,1,0,25,12,0,0,bankfiac.pdf
0,0,1,1,6,6,2,0,0,74.03515625,0,0,1,1,1,1,1,0,2,1,1,1,0,0,6,12,1,0,amerorth.pdf
0,0,1,1,6,6,2,0,0,73.8701171875,0,0,1,1,1,1,1,0,2,1,1,1,0,0,6,12,1,0,bowiejen.pdf
0,0,2,2,294,294,44,0,0,271.7060546875,0,1,26,3,2,1,26,1,80,1,1,86,1,33,294,12,0,0,irb05-28.pdf
0,0,1,1,28,28,6,0,0,16.2158203125,0,0,5,1,1,1,6,1,7,1,1,13,0,0,28,11,0,0,n-98-29.pdf
0,0,2,0,99,99,94,0,0,185.1279296875,0,1,3,2,2,0,0,2,52,0,2,0,1,0,99,16,0,0,cp71_chinese.pdf
0,0,3,0,295,295,287,0,0,174.3310546875,0,0,4,3,3,0,235,3,260,0,3,81,1,0,295,9,0,0,f8867.pdf
0,0,5,0,130,130,120,0,0,136.94140625,0,0,5,6,5,0,51,5,80,0,5,35,4,0,130,10,0,0,f990sf.pdf
0,0,1,1,50,50,14,0,0,76.88671875,0,0,6,1,1,1,6,1,22,1,1,48,0,0,50,12,0,0,taxchary.pdf
0,0,2,2,29,29,11,0,0,18.9140625,0,1,2,2,2,1,2,1,13,1,1,22,1,0,29,16,0,0,09in01gender.pdf
0,0,2,2,153,153,47,0,0,97.7275390625,0,1,44,2,2,1,44,1,13,1,1,75,1,0,153,12,0,0,rp-06-54.pdf
0,0,3,0,56,56,48,0,0,95.91796875,0,0,4,3,3,0,4,3,26,0,3,4,1,0,56,20,0,0,f8611_accessible.pdf
0,0,3,3,84,84,16,0,0,42.9248046875,0,0,1,3,3,2,13,2,83,2,2,29,2,41,84,10,0,0,f14017.pdf
0,0,2,2,11,11,3,0,0,32.7412109375,0,1,1,2,2,1,1,2,4,1,1,0,0,0,11,12,1,0,allentec.pdf
0,0,6,0,171,171,150,0,0,289.3857421875,0,0,9,7,6,0,73,6,110,0,6,62,5,0,171,9,0,0,f8947.pdf
0,0,2,2,25,25,6,0,0,10.625,0,1,4,2,2,1,4,1,11,1,1,24,1,0,25,12,0,0,rr-05-57.pdf
0,0,2,2,11,11,3,0,0,24.6259765625,0,1,1,2,2,1,1,2,4,1,1,0,0,0,11,12,1,0,chmbcbsr.pdf
0,0,2,0,46,46,42,0,0,75.6953125,0,1,2,2,2,0,2,2,15,0,2,2,1,0,46,10,0,0,92appe.pdf
0,0,3,4,32,32,10,0,0,26.6328125,0,0,4,6,3,2,4,4,30,2,4,44,2,0,32,20,0,0,esop_tar2_110309.pdf
1,1,3,3,95,95,35,0,0,48.201171875,0,0,1,3,3,2,25,2,86,2,2,60,2,28,95,9,0,1,f4996.pdf
0,0,2,2,35,35,7,0,0,19.134765625,0,1,4,3,2,1,4,1,17,2,1,24,1,0,35,12,0,0,rp-11-20.pdf
0,0,4,0,452,452,441,0,0,238.9453125,0,0,6,5,4,0,370,4,398,0,4,225,3,0,452,9,0,0,f3520.pdf
0,0,2,2,23,23,4,1,0,10.7958984375,0,1,3,2,2,1,3,2,11,1,1,24,0,0,23,11,0,0,n-01-79.pdf
0,0,3,0,102,102,93,0,0,176.8857421875,0,0,5,3,3,0,21,3,44,0,3,13,1,0,102,22,0,0,f8804sa_accessible.pdf
0,0,2,2,49,49,17,0,0,33.0908203125,0,1,11,3,2,1,11,1,34,1,1,41,1,1,49,11,0,0,n-08-33.pdf
0,0,2,2,51,51,31,0,0,235.4140625,0,1,2,2,2,1,2,2,20,1,1,7,1,0,51,51,0,0,penalty_policy_reiteration_7-10-03_debbie_nolan.pdf
0,0,3,0,45,45,33,0,0,170.16015625,0,0,1,3,3,0,3,3,18,0,3,14,2,0,45,16,0,0,artechnology.pdf
0,0,2,2,176,176,30,0,0,99.0673828125,0,1,19,3,2,1,19,1,220,1,1,62,1,33,176,37,0,0,annual_report_to_congress_fy_2010.pdf
0,0,1,1,28,28,10,0,0,10.4580078125,0,0,4,1,1,1,5,1,5,1,1,10,0,0,28,12,0,0,rr-99-11.pdf
0,0,2,2,217,217,160,0,0,206.357421875,0,1,7,3,2,1,7,1,140,1,1,66,1,1,217,15,0,0,cp11_korean.pdf
0,0,2,2,406,406,55,0,0,377.625,0,1,35,3,2,1,35,1,108,1,1,111,1,53,406,12,0,0,irb05-39.pdf
0,0,1,1,264,264,78,0,0,155.9521484375,0,0,78,1,1,1,78,1,16,1,1,113,0,0,264,10,0,0,td9075.pdf
0,0,2,2,22,22,6,0,0,136.6962890625,0,0,1,3,2,1,1,3,15,1,3,29,0,0,22,31,0,0,Bryan_Linair_Technolologies.pdf
0,0,2,0,57,57,51,0,0,89.0888671875,0,1,4,2,2,0,4,2,15,0,2,4,1,0,57,8,0,0,n746.pdf
0,0,2,2,126,126,20,0,0,127.1220703125,0,1,2,2,2,1,4,1,57,1,1,62,1,11,126,9,0,0,i8379.pdf
0,0,2,2,11,11,3,0,0,28.1953125,0,1,1,2,2,1,1,2,4,1,1,0,0,0,11,12,1,0,bdcturbn.pdf
0,0,4,0,85,85,77,0,0,82.6552734375,0,0,2,5,4,0,39,4,66,0,4,21,3,0,85,9,0,0,f8862.pdf
0,0,2,2,11,11,3,0,0,28.841796875,0,1,1,2,2,1,1,2,4,1,1,0,0,0,11,12,1,0,bectdksn.pdf
0,0,2,2,23,23,8,0,0,14.990234375,0,1,4,3,2,1,4,1,18,1,1,14,1,0,23,11,0,0,a-06-29.pdf
0,0,1,1,6,6,2,0,0,86.6025390625,0,0,1,1,1,1,1,0,2,1,1,1,0,0,6,12,1,0,brkgmutd.pdf
0,0,1,1,189,189,54,0,0,192.4609375,0,0,54,1,1,1,54,1,19,1,1,96,0,0,189,22,0,0,compensatory_final.pdf
0,0,2,2,725,725,42,1,0,144.2138671875,0,1,37,2,2,1,37,2,476,1,1,61,1,0,725,12,0,0,rp-02-38.pdf
0,0,2,2,97,97,46,0,0,377.943359375,0,1,6,2,2,1,6,2,46,1,1,146,1,0,97,21,0,0,09rplatereturnsps.pdf
0,0,1,1,196,196,63,0,0,290.92578125,0,0,51,1,1,1,51,1,25,1,1,119,1,0,196,11,0,0,a-06-22.pdf
0,0,2,2,93,93,42,0,0,41.3310546875,0,1,1,3,2,1,1,1,46,1,1,54,1,0,93,10,0,0,p2053a.pdf
0,0,2,2,11,11,3,0,0,32.287109375,0,1,1,2,2,1,1,2,4,1,1,0,0,0,11,12,1,0,clrwtrco.pdf
0,0,1,1,6,6,2,0,0,76.06640625,0,0,1,1,1,1,1,0,2,1,1,1,0,0,6,10,1,0,admstf.pdf
0,0,2,2,54,54,23,0,0,72.109375,0,1,7,3,2,1,7,1,38,1,1,72,1,1,54,11,0,0,nds-pia.pdf
0,0,3,0,69,69,63,0,0,78.6455078125,0,0,2,3,3,0,26,3,49,0,3,10,1,0,69,20,0,0,f8948_accessible.pdf
0,0,2,2,11,11,3,0,0,24.78515625,0,1,1,2,2,1,1,2,4,1,1,0,0,0,11,12,1,0,bowrsast.pdf
0,0,3,0,58,58,49,0,0,84.80859375,0,0,5,3,3,0,5,3,23,0,3,5,1,0,58,23,0,0,f1120idk_accessible.pdf
0,0,2,2,11,11,3,0,0,27.3291015625,0,1,1,2,2,1,1,2,4,1,1,0,0,0,11,12,1,0,acorncon.pdf
0,0,3,0,60,60,54,0,0,74.669921875,0,0,2,3,3,0,8,3,33,0,3,4,1,0,60,22,0,0,f8879pe_accessible.pdf
0,0,2,2,33,33,10,0,0,61.5869140625,0,1,5,2,2,1,5,2,11,1,1,21,1,0,33,12,0,0,rp-03-71.pdf
0,0,2,2,41,41,8,0,0,49.9560546875,0,1,4,3,2,1,4,1,26,2,1,65,1,1,41,11,0,0,n-11-67.pdf
0,0,2,2,86,86,14,1,0,53.93359375,0,1,2,2,2,1,2,2,70,1,1,18,1,0,86,11,0,0,a-02-44.pdf
0,0,2,0,180,180,175,0,0,96.060546875,0,1,3,2,2,0,147,2,163,0,2,99,1,0,180,21,0,0,f12508_accessible.pdf
0,0,3,3,39,39,19,0,0,45.1845703125,0,0,2,3,3,2,4,2,61,2,2,28,2,0,39,8,0,0,asmp.pdf
0,0,2,2,11,11,3,0,0,14.181640625,0,1,1,2,2,1,1,2,4,1,1,0,0,0,11,9,1,0,bxcom.pdf
0,0,1,1,6,6,2,0,0,78.603515625,0,0,1,1,1,1,1,0,2,1,1,1,0,0,6,12,1,0,anivlinc.pdf
0,0,2,2,180,180,35,0,0,154.228515625,0,1,26,3,2,1,26,1,219,1,1,76,1,51,180,7,0,0,bsa.pdf
0,0,2,2,45,45,18,1,0,59.2861328125,0,1,2,2,2,1,2,1,35,1,1,62,1,0,45,13,0,0,71fr74565.pdf
0,0,2,2,26,26,14,0,0,81.302734375,0,1,1,2,2,1,2,1,25,1,1,5,1,0,26,13,0,0,aftermark.pdf
0,0,2,2,50,50,16,0,0,50.3974609375,0,1,3,2,2,1,3,2,27,1,1,44,1,0,50,13,0,0,66fr38324.pdf
0,0,2,2,11,11,3,0,0,24.9482421875,0,1,1,2,2,1,1,2,4,1,1,0,0,0,11,12,1,0,bowrsitc.pdf
0,0,1,1,6,6,2,0,0,75.71875,0,0,1,1,1,1,1,0,2,1,1,1,0,0,6,12,1,0,brinkshs.pdf
0,0,2,0,23,23,20,0,0,24.96484375,0,1,1,2,2,0,0,2,9,0,2,1,1,0,23,29,0,0,Embassy_Specific_Info_SAA.pdf
0,0,3,3,31,31,9,0,0,73.10546875,0,0,3,3,3,4,3,2,15,4,2,25,2,0,31,13,0,0,aod201001.pdf
0,0,3,4,459,459,72,0,0,278.6220703125,0,0,16,11,3,2,17,4,859,2,4,114,2,153,459,9,0,0,spr08.pdf
0,0,2,2,433,433,61,0,0,249.447265625,0,1,18,3,2,1,23,1,51,1,1,100,1,0,433,11,0,0,i1040sf.pdf
0,0,1,1,34,34,8,0,0,22.455078125,0,0,7,1,1,1,8,1,7,1,1,15,0,0,34,12,0,0,not97-63.pdf
0,0,1,1,17,17,2,0,0,20.3720703125,0,0,2,1,1,1,2,1,12,1,1,25,0,0,17,13,0,0,63fr67703.pdf
0,0,2,0,21,21,18,0,0,21.44921875,0,1,1,2,2,0,0,2,4,0,2,0,1,0,21,14,0,0,07ubgraph1.pdf
0,0,2,2,39,39,11,0,0,29.6884765625,0,1,8,2,2,1,8,1,11,1,1,28,1,0,39,12,0,0,rr-09-30.pdf
0,0,3,0,44,44,38,0,0,63.064453125,0,0,2,3,3,0,2,3,23,0,3,2,1,0,44,20,0,0,f8596_accessible.pdf
0,0,3,4,539,539,66,0,0,160.15234375,0,0,23,6,3,2,46,4,466,2,4,100,2,0,539,32,0,0,esop_phoneforum_presentation.pdf
0,0,2,2,75,75,22,0,0,40.2373046875,0,1,20,2,2,1,20,1,11,1,1,40,1,0,75,12,0,0,rp-07-66.pdf
0,0,2,0,31,31,28,0,0,119.931640625,0,1,1,2,2,0,2,2,10,0,2,1,1,0,31,16,0,0,artist_arena.pdf
0,0,2,2,39,39,10,0,0,27.7744140625,0,1,6,2,2,1,6,2,15,1,1,27,1,0,39,19,0,0,115iverson_sony.pdf
0,0,2,2,27,27,8,0,0,48.3017578125,0,1,3,2,2,1,3,2,11,1,1,19,1,0,27,11,0,0,n-04-20.pdf
0,0,2,2,25,25,7,0,0,16.041015625,0,1,3,2,2,1,3,2,10,1,1,13,1,0,25,13,0,0,rr-03-107.pdf
0,0,3,0,81,81,71,0,0,123.8603515625,0,0,6,3,3,0,30,3,53,0,3,14,1,0,81,23,0,0,f1099a12_accessible.pdf
0,0,2,2,11,11,3,0,0,27.2275390625,0,1,1,2,2,1,1,2,4,1,1,0,0,0,11,12,1,0,blaxnint.pdf
0,0,2,2,45,45,16,0,0,48.736328125,0,1,5,3,2,1,5,1,36,1,1,69,1,1,45,13,0,0,aqetl-pia.pdf
0,0,2,2,21,21,7,0,0,88.576171875,0,1,3,2,2,1,3,2,6,1,1,0,0,0,21,12,0,0,beneteci.pdf
0,0,2,2,32,32,11,0,0,19.8349609375,0,1,5,3,2,1,5,1,25,1,1,33,1,0,32,11,0,0,n-12-33.pdf
0,0,2,2,61,61,31,0,0,126.2265625,0,1,2,3,2,1,2,1,39,1,1,79,1,0,61,19,0,0,cp31_vietnamese.pdf
0,0,2,2,546,546,27,0,0,361.26953125,0,1,12,2,2,1,12,1,41,1,1,73,1,2,546,12,0,0,irb10-09.pdf
0,0,2,2,28,28,8,0,0,60.134765625,0,0,5,3,2,1,5,3,21,1,3,32,0,0,28,34,0,0,2010IncomingCaseStats4-27-2011.pdf
0,0,2,2,11,11,3,0,0,24.61328125,0,1,1,2,2,1,1,2,4,1,1,0,0,0,11,12,1,0,acnielsn.pdf
0,0,2,2,40,40,11,1,0,14.2138671875,0,1,10,2,2,1,10,2,7,1,1,14,0,0,40,12,0,0,rp-01-36.pdf
0,0,2,2,16,16,5,1,0,10.4296875,0,1,1,3,2,1,1,1,15,1,1,11,1,0,16,12,0,0,byrd-sum.pdf
0,0,2,2,25,25,6,0,0,18.1572265625,0,1,5,2,2,1,5,2,8,1,1,11,0,0,25,12,0,0,rr-00-36.pdf
0,0,3,0,43,43,35,0,0,47.4228515625,0,0,5,3,3,0,5,3,18,0,3,5,2,0,43,16,0,0,VASchecklist.pdf
0,0,2,2,37,37,16,0,0,56.0478515625,0,1,2,2,2,1,2,1,29,1,1,48,1,0,37,13,0,0,72fr45071.pdf
0,0,1,1,6,6,2,0,0,79.6904296875,0,0,1,1,1,1,1,0,2,1,1,1,0,0,6,13,1,0,brofinsol.pdf
0,0,2,2,122,122,11,1,0,66.2412109375,0,1,5,2,2,1,5,2,93,1,1,29,1,0,122,11,0,0,n-02-21.pdf
0,0,2,2,340,340,52,0,0,295.6806640625,0,1,31,3,2,1,31,1,104,1,1,103,1,51,340,12,0,0,irb04-17.pdf
0,0,2,2,44,44,11,0,0,22.818359375,0,1,9,2,2,1,9,1,15,1,1,49,1,0,44,12,0,0,rr-05-55.pdf
0,0,2,2,450,450,18,1,0,150.95703125,0,1,9,2,2,1,9,2,344,1,1,57,1,0,450,11,0,0,a-03-36.pdf
0,0,1,1,6,6,2,0,0,76.4912109375,0,0,1,1,1,1,1,0,2,1,1,1,0,0,6,12,1,0,charrose.pdf
0,0,2,2,28,28,7,0,0,14.2392578125,0,1,4,2,2,1,4,1,14,1,1,35,1,0,28,12,0,0,rr-10-18.pdf
0,0,2,0,36,36,33,0,0,196.138671875,0,1,1,2,2,0,2,2,10,0,2,1,1,0,36,15,0,0,canyon_gate.pdf
0,0,1,1,26,26,6,0,0,10.5673828125,0,0,6,1,1,1,6,1,6,1,1,10,0,0,26,11,0,0,not98-3.pdf
0,0,2,2,428,428,48,0,0,285.5009765625,0,1,22,2,2,2,22,1,419,2,1,79,0,0,428,16,0,0,forum08_401k.pdf
0,0,1,1,6,6,2,0,0,88.65234375,0,0,1,1,1,1,1,0,2,1,1,1,0,0,6,12,1,0,bebuyent.pdf
1,2,2,2,397,397,33,1,0,323.73046875,0,1,2,2,2,1,5,6,437,1,1,83,1,59,397,20,0,1,f8329_accessible.pdf
0,0,1,1,15,15,8,0,0,180.4189453125,0,0,4,1,1,1,4,0,5,1,1,4,0,0,15,11,0,0,beasley.pdf
0,0,2,2,36,36,11,0,0,64.171875,0,1,5,2,2,1,5,2,13,1,1,29,1,0,36,12,0,0,rr-04-51.pdf
0,0,2,2,27,27,15,0,0,83.8701171875,0,1,1,2,2,1,2,1,26,1,1,5,1,0,27,13,0,0,citizchar.pdf
0,0,2,2,27,27,15,0,0,79.9169921875,0,1,1,2,2,1,2,1,28,1,1,5,1,0,27,13,0,0,behavenet.pdf
0,0,2,2,114,114,34,0,0,56.7412109375,0,1,31,2,2,1,31,1,13,1,1,61,1,0,114,12,0,0,rp-05-78.pdf
0,0,3,0,58,58,53,0,0,79.2421875,0,0,1,3,3,0,7,3,27,0,3,3,1,0,58,22,0,0,f8865so_accessible.pdf
0,0,2,2,11,11,3,0,0,27.1689453125,0,1,1,2,2,1,1,2,4,1,1,0,0,0,11,8,1,0,bolt.pdf
0,0,3,3,578,578,278,0,0,183.8896484375,0,0,8,4,3,2,246,2,538,2,2,116,2,224,578,12,0,0,f5305ase.pdf
0,0,2,2,33,33,15,0,0,97.177734375,0,1,5,2,2,1,5,1,18,1,1,20,1,0,33,11,0,0,ar-1878.pdf
0,0,1,1,6,6,2,0,0,81.9267578125,0,0,1,1,1,1,1,0,2,1,1,1,0,0,6,16,1,0,brdcastinter.pdf
0,0,1,1,6,6,2,0,0,73.330078125,0,0,1,1,1,1,1,0,2,1,1,1,0,0,6,12,1,0,baygroup.pdf
0,0,2,2,125,125,33,0,0,126.5966796875,0,1,25,3,2,1,25,2,38,1,1,81,1,0,125,12,0,0,irb02-42.pdf
0,0,1,1,6,6,2,0,0,78.482421875,0,0,1,1,1,1,1,0,2,1,1,1,0,0,6,11,1,0,abd3llc.pdf
0,0,3,0,95,95,85,0,0,124.4677734375,0,0,6,3,3,0,48,3,69,0,3,20,1,0,95,24,0,0,f5498sa12_accessible.pdf
0,0,2,2,11,11,3,0,0,24.982421875,0,1,1,2,2,1,1,2,4,1,1,0,0,0,11,12,1,0,brdbndig.pdf
0,0,2,2,231,231,7,1,0,39.2265625,0,1,3,2,2,1,3,2,156,1,1,13,1,0,231,12,0,0,rr-03-16.pdf
0,0,2,2,155,155,11,1,0,77.353515625,0,1,5,2,2,1,5,2,130,1,1,29,1,0,155,12,0,0,rp-03-50.pdf
0,0,2,2,12,12,4,0,0,17.1826171875,0,1,1,2,2,1,1,2,5,1,1,0,1,0,12,12,1,0,chtcment.pdf
0,0,2,2,42,42,12,0,0,22.19140625,0,1,9,2,2,1,9,1,11,1,1,29,1,0,42,11,0,0,n-05-99.pdf
0,0,1,1,6,6,2,0,0,91.576171875,0,0,1,1,1,1,1,0,2,1,1,1,0,0,6,11,1,0,amrrsch.pdf
0,0,2,2,103,103,30,0,0,56.6181640625,0,1,27,2,2,1,27,1,15,1,1,67,1,0,103,11,0,0,n-08-13.pdf
0,0,2,0,31,31,28,0,0,163.591796875,0,1,1,2,2,0,2,2,9,0,2,1,1,0,31,16,0,0,bandoo_media.pdf
0,0,2,2,38,38,9,1,0,21.505859375,0,1,7,2,2,1,7,2,19,1,1,30,0,0,38,11,0,0,n-02-08.pdf
0,0,1,1,74,74,19,0,0,66.30078125,0,0,18,1,1,1,18,1,22,1,1,60,1,0,74,11,0,0,071801f.pdf
0,0,2,2,11,11,3,0,0,29.509765625,0,1,1,2,2,1,1,2,4,1,1,0,0,0,11,10,1,0,buymed.pdf
0,0,2,2,37,37,10,1,0,11.361328125,0,1,2,2,2,1,2,2,13,1,1,30,0,0,37,11,0,0,rr94_16.pdf
0,0,2,2,11,11,3,0,0,30.998046875,0,1,1,2,2,1,1,2,4,1,1,0,0,0,11,12,1,0,colgclub.pdf
0,0,2,2,46,46,18,0,0,50.5361328125,0,1,6,3,2,1,6,1,40,1,1,55,1,1,46,13,0,0,ibmis-pia.pdf
0,0,2,2,147,147,30,0,0,153.6240234375,0,1,4,2,2,1,8,1,55,1,1,98,1,1,147,12,0,0,i1120ssd.pdf
0,0,1,1,6,6,2,0,0,72.75390625,0,0,1,1,1,1,1,0,2,1,1,1,0,0,6,10,1,0,coceve.pdf
0,0,2,2,36,36,11,0,0,70.5654296875,0,1,4,2,2,1,4,2,15,1,1,36,1,0,36,10,0,0,n-04-8.pdf
0,0,3,4,20,20,7,0,0,14.578125,0,0,1,6,3,2,1,4,21,2,4,21,2,0,20,27,0,0,5330_phoneforum_outline.pdf
0,0,1,1,6,6,2,0,0,79.935546875,0,0,1,1,1,1,1,0,2,1,1,1,0,0,6,12,1,0,bhutecin.pdf
0,0,2,2,12,12,4,0,0,26.0341796875,0,1,1,2,2,1,1,2,5,1,1,0,1,0,12,12,1,0,aahuberc.pdf
0,0,2,2,54,54,18,0,0,32.0380859375,0,1,4,2,2,1,4,2,22,1,1,30,1,0,54,10,0,0,iw8eci.pdf
0,0,2,2,11,11,3,0,0,24.6865234375,0,1,1,2,2,1,1,2,4,1,1,0,0,0,11,12,1,0,cnsmrsrh.pdf
0,0,2,2,31,31,11,0,0,22.7666015625,0,1,7,3,2,1,7,1,23,1,1,27,1,0,31,11,0,0,n-09-79.pdf
0,0,1,1,6,6,2,0,0,83.9482421875,0,0,1,1,1,1,1,0,2,1,1,1,0,0,6,8,1,0,ccpl.pdf
2,3,1,2,215,215,31,0,0,79.3017578125,0,0,1,4,1,0,1,3,190,1,2,66,1,64,215,22,0,1,f5471sn_accessible.pdf
0,0,2,2,60,60,28,0,0,75.005859375,0,1,10,3,2,1,10,1,50,1,1,56,1,1,60,12,0,0,eris-pia.pdf
0,0,2,0,419,419,413,0,0,396.236328125,0,0,2,3,2,0,380,2,395,0,2,2,2,0,419,10,0,0,f13206.pdf
0,0,2,2,28,28,16,0,0,90.6328125,0,1,1,2,2,1,2,1,27,1,1,5,1,0,28,15,0,0,comsportnet.pdf
0,0,2,2,18,18,5,0,0,13.80078125,0,1,2,2,2,1,2,1,12,1,1,10,1,0,18,11,0,0,a-08-63.pdf
0,0,2,2,34,34,13,0,0,26.3115234375,0,1,3,3,2,1,3,1,28,1,1,43,1,0,34,22,0,0,internal_directive.pdf
0,0,2,2,59,59,17,0,0,29.908203125,0,1,16,2,2,1,16,2,7,1,1,20,0,0,59,12,0,0,rp-99-43.pdf
0,0,3,0,50,50,45,0,0,66.28125,0,0,1,3,3,0,1,3,26,0,3,1,1,0,50,20,0,0,f4626_accessible.pdf
0,0,1,1,6,6,2,0,0,72.3603515625,0,0,1,1,1,1,1,0,2,1,1,1,0,0,6,14,1,0,artiorkinc.pdf
0,0,2,2,54,54,42,0,0,154.2802734375,0,1,1,2,2,1,2,1,55,1,1,5,1,0,54,12,0,0,bldgblog.pdf
0,0,2,2,39,39,8,0,0,46.2666015625,0,0,3,2,2,2,3,2,32,2,2,36,2,4,39,13,0,0,66fr54789.pdf
0,0,4,0,124,124,22,0,0,38.447265625,0,0,2,4,4,2,2,4,106,2,4,10,3,0,124,13,0,0,aod201105.pdf
0,0,1,1,6,6,2,0,0,91.8701171875,0,0,1,1,1,1,1,0,2,1,1,1,0,0,6,11,1,0,bridges.pdf
1,2,2,2,259,259,67,0,0,251.689453125,0,1,2,2,2,1,44,4,258,1,1,93,1,21,259,20,0,1,f8842_accessible.pdf
0,0,3,0,85,85,79,0,0,77.541015625,0,0,2,3,3,0,38,3,60,0,3,14,1,0,85,22,0,0,f1120sn_accessible.pdf
0,0,4,4,1312,1312,54,3,0,324.63671875,0,0,12,4,4,4,35,3,1072,4,3,74,2,0,1312,11,0,0,gentrda.pdf
0,0,2,2,29,29,12,0,0,23.859375,0,1,7,3,2,1,7,1,19,1,1,17,1,0,29,11,0,0,n-06-11.pdf
0,0,1,1,18,18,2,0,0,19.810546875,0,0,2,1,1,1,2,1,13,1,1,27,0,0,18,13,0,0,64fr59140.pdf
0,0,1,1,7,6,2,0,0,66.6123046875,0,0,1,1,1,1,1,0,2,1,1,1,0,0,6,12,1,0,chatxmag.pdf
0,0,2,2,32,32,20,0,0,82.4736328125,0,1,1,2,2,1,2,1,31,1,1,5,1,0,32,13,0,0,alexlemon.pdf
0,0,1,0,6,6,5,0,0,34.880859375,0,0,1,1,1,1,0,1,2,1,1,0,0,0,6,19,1,0,Burton_Betchart.pdf
0,0,2,2,21,21,4,0,0,11.3984375,0,1,2,2,2,1,2,1,13,1,1,32,1,0,21,11,0,0,1790act.pdf
0,0,2,2,27,27,15,0,0,88.6591796875,0,1,1,2,2,1,2,1,26,1,1,5,1,0,27,12,0,0,bakerboy.pdf
0,0,2,2,54,54,25,0,0,86.4658203125,0,1,4,3,2,1,4,1,33,1,1,66,1,1,54,11,0,0,n-10-40.pdf
0,0,3,0,49,49,43,0,0,60.5048828125,0,0,2,4,3,0,5,3,32,0,3,3,2,0,49,9,0,0,f8846.pdf
0,0,2,2,126,126,24,0,0,191.9580078125,0,1,1,2,2,1,2,1,87,1,1,57,1,2,126,14,0,0,alert_chef.pdf
0,0,2,2,86,86,27,0,0,107.8505859375,0,1,20,2,2,1,20,2,15,1,1,52,1,0,86,12,0,0,rp-04-34.pdf
0,0,2,2,113,113,18,0,0,109.4326171875,0,1,1,2,2,1,2,1,81,1,1,24,1,1,113,13,0,0,convertro.pdf
0,0,2,2,30,30,6,0,0,18.626953125,0,1,4,2,2,1,4,2,17,1,1,32,1,0,30,16,0,0,114gross_eff.pdf
0,0,2,2,28,28,7,0,0,23.6025390625,0,1,4,3,2,1,4,1,15,2,1,34,1,0,28,11,0,0,n-11-86.pdf
0,0,4,0,50,50,38,0,0,348.623046875,0,0,7,4,4,1,7,4,33,1,4,7,3,0,50,10,0,0,f13981.pdf
0,0,1,1,6,6,2,0,0,76.7919921875,0,0,1,1,1,1,1,0,2,1,1,1,0,0,6,12,1,0,apprinst.pdf
0,0,1,1,6,6,2,0,0,77.2802734375,0,0,1,1,1,1,1,0,2,1,1,1,0,0,6,12,1,0,clairaco.pdf
0,0,2,2,24,24,6,0,0,15.234375,0,1,3,2,2,1,3,1,11,1,1,23,1,0,24,11,0,0,n-09-94.pdf
0,0,2,2,51,51,7,0,0,15.1083984375,0,1,2,2,2,0,2,2,53,1,1,18,1,0,51,7,0,0,296.pdf
0,0,2,2,24,24,5,0,0,14.5126953125,0,1,3,2,2,1,3,1,13,1,1,33,1,0,24,11,0,0,n-05-84.pdf
0,0,2,0,14,14,11,0,0,10.9541015625,0,1,1,2,2,0,1,2,7,0,2,1,1,0,14,16,1,0,Bryan_Caudle.pdf
0,0,3,4,211,211,83,0,0,344.6796875,0,0,49,6,3,3,98,4,184,3,4,155,2,1,211,16,0,0,2007-2008pgp.pdf
0,1,2,2,201,201,37,0,0,223.4736328125,0,1,5,2,2,1,22,1,180,1,1,66,1,128,201,11,0,0,f8849s2.pdf
0,0,3,0,107,107,97,0,0,133.4296875,0,0,6,3,3,0,57,3,79,0,3,23,1,0,107,23,0,0,f1098t11_accessible.pdf
0,0,1,1,6,6,2,0,0,76.7734375,0,0,1,1,1,1,1,0,2,1,1,1,0,0,6,11,1,0,colony1.pdf
0,0,2,0,30,30,27,0,0,162.8251953125,0,1,1,2,2,0,0,2,5,0,2,0,1,0,30,26,0,0,Artists_Bill_of_Rights.pdf
0,0,1,1,6,6,2,0,0,81.01953125,0,0,1,1,1,1,1,0,2,1,1,1,0,0,6,12,1,0,amafrell.pdf
0,0,1,1,18,18,6,0,0,47.5419921875,0,0,2,1,1,1,2,1,7,1,1,11,1,0,18,20,0,0,bus_schedule_all.pdf
0,0,2,2,11,11,3,0,0,26.2080078125,0,1,1,2,2,1,1,2,4,1,1,0,0,0,11,12,1,0,comsnjuc.pdf
0,0,2,0,34,34,31,0,0,181.181640625,0,1,1,2,2,0,2,2,10,0,2,1,1,0,34,16,0,0,bitter_media.pdf
0,0,5,8,87,87,15,0,0,36.9228515625,0,0,1,12,5,4,2,10,90,4,10,41,4,2,87,42,0,0,dutch_certification_pensions_agreement.pdf
0,0,2,2,54,54,25,0,0,81.865234375,0,1,4,3,2,1,4,5,34,1,1,63,1,1,54,11,0,0,n-12-10.pdf
0,0,2,2,27,27,15,0,0,84.5244140625,0,1,1,2,2,1,2,1,26,1,1,5,1,0,27,12,0,0,bidyourc.pdf
0,0,3,0,87,87,80,0,0,83.0634765625,0,0,3,3,3,0,42,3,62,0,3,16,1,0,87,21,0,0,f4461b_accessible.pdf
0,0,2,2,226,226,49,0,0,405.791015625,0,1,2,2,2,1,2,1,217,1,1,122,1,0,226,9,0,0,p4407.pdf
0,0,2,2,139,139,42,0,0,102.458984375,0,1,37,2,2,1,37,1,19,1,1,85,1,0,139,37,0,0,rc2005atg2irsgovrepublished1_2008.pdf
0,0,1,0,39,39,29,0,0,109.876953125,0,1,8,2,1,0,8,1,29,0,1,8,1,0,39,20,0,0,miller-04nov2011.pdf
0,0,2,2,156,156,13,1,0,73.1103515625,0,1,7,2,2,1,7,2,118,1,1,31,1,0,156,11,0,0,n-02-67.pdf
0,0,2,2,27,27,15,0,0,82.267578125,0,1,1,2,2,1,2,1,26,1,1,5,1,0,27,14,0,0,audiblemag.pdf
0,0,2,2,191,191,58,0,0,141.9638671875,0,1,51,2,2,1,51,1,25,1,1,136,1,0,191,11,0,0,n-07-52.pdf
0,0,2,2,39,39,10,0,0,110.3955078125,0,1,4,2,2,1,4,1,29,1,1,46,1,0,39,11,0,0,ar-1884.pdf
0,0,2,2,97,97,30,0,0,107.361328125,0,1,23,2,2,1,23,2,16,1,1,57,1,0,97,12,0,0,rp-04-10.pdf
1,0,2,2,26,26,14,0,0,82.015625,0,1,1,2,2,1,2,1,25,1,1,5,1,0,26,11,0,0,azureus.pdf
0,0,5,0,58,58,50,0,0,97.8974609375,0,0,3,6,5,0,4,5,32,0,5,4,4,0,58,9,0,0,f4255.pdf
0,0,2,2,70,70,15,0,0,41.087890625,0,1,13,2,2,1,13,2,26,1,1,83,1,0,70,11,0,0,042308f.pdf
0,0,2,2,12,12,4,0,0,22.62890625,0,1,1,2,2,1,1,2,5,1,1,0,1,0,12,12,1,0,cafwbhst.pdf
0,0,2,2,54,54,25,0,0,81.8486328125,0,1,4,3,2,1,4,1,34,1,1,63,1,1,54,11,0,0,n-12-16.pdf
0,0,1,1,73,73,20,0,0,42.23046875,0,0,18,1,1,1,20,1,7,1,1,30,0,0,73,11,0,0,eemeals.pdf
0,0,2,2,28,28,7,0,0,17.009765625,0,1,4,2,2,1,4,1,16,1,1,32,1,0,28,12,0,0,rr-08-52.pdf
0,0,3,4,179,179,67,0,0,105.2509765625,0,0,2,4,3,2,38,3,198,2,2,145,2,52,178,12,0,0,f1040sce.pdf
0,0,2,2,156,156,33,0,0,280.9072265625,0,1,1,2,2,1,2,1,100,1,1,96,1,2,156,23,0,0,cast_communications.pdf
0,0,1,1,6,6,2,0,0,65.6806640625,0,0,1,1,1,1,1,0,2,1,1,1,0,0,6,13,1,0,churcomin.pdf
0,0,3,0,214,214,206,0,0,196.208984375,0,0,4,3,3,0,141,3,165,0,3,133,1,0,214,20,0,0,f4136_accessible.pdf
0,0,2,2,36,36,23,0,0,104.9423828125,0,1,2,2,2,1,3,1,44,1,1,5,1,0,36,13,0,0,4wallsllc.pdf
0,0,3,3,242,242,41,0,0,110.888671875,0,0,7,3,3,2,14,2,208,2,2,130,2,0,242,39,0,0,executive_summary_actgovernancerept.pdf
0,0,2,2,147,147,30,0,0,198.990234375,0,0,28,2,2,1,28,1,26,1,2,74,0,0,147,12,0,0,irb99-17.pdf
0,0,1,1,6,6,2,0,0,82.06640625,0,0,1,1,1,1,1,0,2,1,1,1,0,0,6,12,1,0,arvigent.pdf
0,0,1,1,6,6,2,0,0,84.2509765625,0,0,1,1,1,1,1,0,2,1,1,1,0,0,6,13,1,0,artelcomp.pdf
0,0,2,2,30,30,18,0,0,103.8720703125,0,1,1,2,2,1,2,1,29,1,1,5,1,0,30,13,0,0,copysales.pdf
0,0,2,2,41,41,13,0,0,176.0947265625,0,0,1,2,2,2,2,2,31,2,2,75,3,0,41,22,0,0,Hindi_CNAstatement.pdf
0,0,2,2,35,35,9,1,0,18.4091796875,0,1,7,2,2,1,7,2,10,1,1,22,0,0,35,12,0,0,rp-02-12.pdf
0,0,2,2,105,105,32,0,0,52.9873046875,0,1,29,2,2,1,29,1,11,1,1,49,1,0,105,12,0,0,rp-06-49.pdf
0,0,2,2,101,101,44,0,0,84.802734375,0,1,38,3,2,1,38,1,56,1,1,68,1,0,101,12,0,0,rp-09-37.pdf
0,0,2,2,140,140,9,1,0,62.869140625,0,1,4,2,2,1,4,2,99,1,1,20,1,1,140,12,0,0,rr-04-27.pdf
0,0,3,0,27,27,22,0,0,41.6142578125,0,0,1,3,3,0,1,3,15,0,3,1,1,0,27,10,0,0,f14242.pdf
0,0,2,2,16,16,5,0,0,59.5166015625,0,1,2,2,2,1,2,2,5,1,1,0,0,0,16,12,0,0,cincbell.pdf
0,0,3,0,65,65,59,0,0,79.4599609375,0,0,2,3,3,0,17,3,40,0,3,7,1,0,65,21,0,0,f8453f_accessible.pdf
0,0,3,3,345,345,112,0,0,203.986328125,0,0,91,3,3,2,97,2,20,2,2,146,2,0,345,21,0,0,ea2b_0510_revised.pdf
0,0,2,2,42,42,17,0,0,55.8740234375,0,1,2,2,2,1,2,1,33,1,1,59,1,0,42,13,0,0,70fr17320.pdf
0,0,1,1,6,6,2,0,0,73.1875,0,0,1,1,1,1,1,0,2,1,1,1,0,0,6,12,1,0,buzzoinc.pdf
0,0,3,0,56,56,49,0,0,76.837890625,0,0,3,3,3,0,3,3,23,0,3,3,1,0,56,20,0,0,f8820_accessible.pdf
0,0,2,2,124,124,25,0,0,125.4580078125,0,1,2,2,2,1,5,1,48,1,1,76,1,2,124,12,0,0,i1097btc.pdf
0,0,2,0,388,388,137,0,0,161.982421875,0,0,4,2,2,1,93,2,136,1,2,131,2,0,388,12,0,0,f1120ric.pdf
0,0,1,1,163,163,49,0,0,186.6171875,0,0,49,1,1,1,49,1,9,1,1,59,0,0,163,10,0,0,n-99-8.pdf
0,0,2,2,27,27,6,0,0,11.03125,0,1,4,2,2,1,4,1,13,1,1,34,1,0,27,12,0,0,rr-07-57.pdf
0,0,2,0,83,83,77,0,0,198.083984375,0,1,4,2,2,0,0,2,34,0,2,0,1,0,83,20,0,0,cp523_vietnamese.pdf
0,0,2,2,40,40,19,0,0,36.8212890625,0,1,6,3,2,1,6,1,23,1,1,36,1,0,40,13,0,0,rr-04-112.pdf
0,0,1,1,75,75,18,0,0,52.390625,0,0,18,1,1,1,18,1,22,1,1,67,0,0,75,9,0,0,mazur.pdf
0,0,2,2,12,12,4,0,0,21.876953125,0,1,1,2,2,1,1,2,5,1,1,0,1,0,12,12,1,0,aircvrnt.pdf
0,0,2,0,25,25,21,0,0,23.0693359375,0,1,2,2,2,0,0,2,5,0,2,0,1,0,25,11,0,0,12-0032.pdf
0,0,2,2,42,42,11,0,0,19.5009765625,0,1,9,2,2,1,9,1,13,1,1,39,1,0,42,12,0,0,rp-07-47.pdf
0,0,2,2,77,77,22,0,0,110.619140625,0,1,1,2,2,1,3,1,39,1,1,66,1,0,77,13,0,0,i5498e_11.pdf
0,0,2,2,58,58,24,0,0,42.734375,0,1,17,3,2,1,17,1,37,1,1,56,1,0,58,12,0,0,rp-04-53.pdf
0,0,1,1,6,6,2,0,0,73.880859375,0,0,1,1,1,1,1,0,2,1,1,1,0,0,6,12,1,0,amhvlsch.pdf
0,0,3,3,182,182,63,0,0,157.5146484375,0,0,24,3,3,2,24,2,65,2,2,116,2,2,182,11,0,0,i5500sf.pdf
0,0,1,1,13,13,3,1,0,16.9296875,0,0,1,1,1,1,1,1,4,1,1,9,0,0,13,19,1,0,Charles_Shapiro.pdf
0,0,6,0,78,78,69,0,0,92.462890625,0,0,1,7,6,0,14,6,45,0,6,8,5,0,78,11,0,0,f8865so.pdf
0,0,1,1,114,114,35,0,0,244.5615234375,0,0,30,1,1,1,30,1,11,1,1,70,0,0,114,9,0,0,tbor2.pdf
0,0,2,2,150,150,10,1,0,62.2509765625,0,1,4,2,2,1,4,2,127,1,1,28,1,0,150,13,0,0,rr-03-119.pdf
0,0,2,2,67,67,15,0,0,140.443359375,0,0,1,2,2,2,6,2,60,2,2,60,1,2,67,13,0,0,76fr72982.pdf
0,0,1,1,26,26,6,0,0,35.763671875,0,0,2,1,1,1,2,1,22,1,1,37,0,0,26,13,0,0,66fr19094.pdf
0,0,2,2,30,30,6,0,0,19.3935546875,0,1,4,2,2,1,4,2,19,1,1,32,1,0,30,16,0,0,073oram_cpsr.pdf
0,0,2,2,28,28,7,0,0,21.1162109375,0,1,4,3,2,1,4,1,15,2,1,34,1,0,28,12,0,0,rr-11-22.pdf
0,0,5,0,98,98,89,0,0,99.2177734375,0,0,3,6,5,0,40,5,70,0,5,18,4,0,98,9,0,0,f8945.pdf
0,0,2,0,34,34,29,0,0,298.962890625,0,1,3,2,2,0,3,2,14,0,2,3,1,0,34,50,0,0,aacsla_response_letter_regarding_exemption_7_8.pdf
0,0,1,1,35,35,7,0,0,25.1201171875,0,0,6,1,1,1,6,1,22,1,1,48,1,0,35,11,0,0,070401f.pdf
0,0,1,1,33,33,10,0,0,20.0341796875,0,0,1,1,1,1,1,1,25,1,1,49,1,0,33,12,0,0,67fr9045.pdf
0,0,2,2,12,12,4,0,0,17.3037109375,0,1,1,2,2,1,1,2,5,1,1,0,1,0,12,12,1,0,chtchcap.pdf
0,0,2,2,71,71,7,1,0,49.1455078125,0,1,2,2,2,1,2,2,59,1,1,18,1,0,71,11,0,0,n-04-43.pdf
0,0,2,0,37,37,34,0,0,201.087890625,0,1,1,2,2,0,2,2,10,0,2,1,1,0,37,12,0,0,axel_ltd.pdf
0,0,4,0,264,264,253,0,0,166.8134765625,0,0,6,5,4,0,199,4,226,0,4,106,3,0,264,10,0,0,fss8pr.pdf
0,0,2,2,52,52,13,0,0,24.12109375,0,1,11,2,2,1,11,1,15,1,1,51,1,0,52,11,0,0,n-07-43.pdf
0,0,2,2,58,58,20,0,0,64.5234375,0,1,3,2,2,1,3,1,49,1,1,71,1,3,58,13,0,0,72fr33690.pdf
0,0,2,2,36,36,12,0,0,28.6201171875,0,1,9,3,2,1,9,1,13,2,1,29,1,0,36,11,0,0,n-11-76.pdf
0,0,2,2,195,195,57,0,0,266.8935546875,0,1,48,2,2,1,48,2,26,1,1,94,0,0,195,22,0,0,irb1999-12.032299..pdf
0,0,3,0,53,53,47,0,0,65.21875,0,0,2,3,3,0,5,3,29,0,3,3,1,0,53,20,0,0,f8846_accessible.pdf
0,0,3,0,252,252,241,0,0,295.466796875,0,0,7,3,3,0,147,3,173,0,3,113,1,0,252,8,0,0,f720.pdf
0,0,2,2,59,59,18,0,0,81.318359375,0,1,13,2,2,1,13,2,11,1,1,29,1,0,59,11,0,0,rr-04-4.pdf
0,0,2,2,100,100,29,0,0,63.7998046875,0,1,26,3,2,1,26,2,16,1,1,51,1,0,100,12,0,0,matching.pdf
0,0,2,2,11,11,3,0,0,21.810546875,0,1,1,2,2,1,1,2,4,1,1,0,0,0,11,12,1,0,chrfiblk.pdf
0,0,3,4,43,43,24,0,0,54.162109375,0,0,4,6,3,2,4,4,26,2,4,34,2,0,43,24,0,0,nonbank_trustee_list.pdf
0,0,2,2,55,55,22,0,0,47.3603515625,0,1,3,2,2,1,3,1,39,1,1,59,1,0,55,9,0,0,i8883.pdf
0,0,2,2,11,11,3,0,0,27.1943359375,0,1,1,2,2,1,1,2,4,1,1,0,0,0,11,12,1,0,acctwrld.pdf
0,0,2,2,19,19,5,0,0,11.111328125,0,1,2,2,2,1,2,1,9,1,1,12,1,0,19,12,0,0,a-07-114.pdf
0,0,2,2,21,21,6,0,0,41.748046875,0,1,1,2,2,1,1,2,11,1,1,17,1,0,21,11,0,0,a-04-35.pdf
0,0,1,1,214,214,60,0,0,372.5087890625,0,0,60,1,1,1,60,1,25,1,1,116,0,0,214,11,0,0,99spart.pdf
0,0,3,0,64,64,56,0,0,96.515625,0,0,4,3,3,0,10,3,31,0,3,6,1,0,64,21,0,0,f1120x_accessible.pdf
0,0,2,2,192,192,31,0,0,159.3876953125,0,1,5,2,2,1,9,1,59,1,1,99,1,3,192,10,0,0,i990sd.pdf
0,0,2,2,11,11,3,0,0,25.9765625,0,1,1,2,2,1,1,2,4,1,1,0,0,0,11,8,1,0,atgs.pdf
0,0,1,1,6,6,1,1,0,0.8056640625,0,0,1,1,1,0,1,0,2,0,0,1,0,0,6,20,1,0,Self_Print_print.pdf
0,0,2,2,39,39,17,0,0,100.0029296875,0,1,1,3,2,1,1,1,27,1,1,44,1,1,39,15,0,0,ir-09-84_kr.pdf
0,0,2,2,114,114,23,0,0,199.2685546875,0,1,1,2,2,1,2,1,83,1,1,55,1,1,114,16,0,0,bright_funds.pdf
0,0,3,0,133,133,125,0,0,129.830078125,0,0,4,3,3,0,67,3,90,0,3,25,1,0,133,22,0,0,f1120so_accessible.pdf
0,0,2,2,61,61,26,0,0,68.568359375,0,1,11,3,2,1,11,1,52,1,1,57,1,1,61,12,0,0,acds-pia.pdf
0,0,2,2,25,25,6,0,0,22.44140625,0,1,3,3,2,1,3,1,15,2,1,13,1,1,25,11,0,0,a-11-62.pdf
0,0,2,2,30,30,6,0,0,19.8720703125,0,1,4,2,2,1,4,2,17,1,1,32,1,0,30,7,0,0,069.pdf
0,0,2,2,30,30,18,0,0,85.64453125,0,1,1,2,2,1,2,1,29,1,1,5,1,0,30,15,0,0,arsalontech.pdf
0,0,1,1,15,15,3,0,0,19.3173828125,0,0,1,1,1,1,1,1,3,1,1,9,0,0,15,22,0,0,20101109-D-Walters.pdf
0,0,1,1,6,6,2,0,0,56.6279296875,0,0,1,1,1,1,1,0,2,1,1,1,0,0,6,12,1,0,acsolinc.pdf
0,0,2,2,56,56,18,0,0,34.19140625,0,1,3,2,2,1,3,2,27,1,1,39,1,0,56,9,0,0,i8734.pdf
0,0,1,1,6,6,2,0,0,81.7041015625,0,0,1,1,1,1,1,0,2,1,1,1,0,0,6,12,1,0,campusol.pdf
0,0,2,2,85,85,14,1,0,52.599609375,0,1,2,2,2,1,2,2,62,1,1,18,1,0,85,11,0,0,n-04-25.pdf
0,0,3,3,151,151,21,0,0,182.431640625,0,0,1,3,3,2,3,2,118,2,2,27,2,0,151,22,0,0,cerniumcorporation.pdf
0,0,2,2,36,36,12,0,0,29.3525390625,0,1,4,3,2,1,4,1,34,1,1,42,1,1,36,15,0,0,aims_rr-pia.pdf
0,0,2,2,78,78,9,1,0,79.958984375,0,1,2,2,2,1,2,2,74,1,1,34,1,0,78,10,0,0,n-03-3.pdf
0,0,2,2,11,11,3,0,0,24.609375,0,1,1,2,2,1,1,2,4,1,1,0,0,0,11,12,1,0,ceinetwk.pdf
0,0,2,0,402,402,392,0,0,235.6796875,0,1,8,2,2,0,319,2,339,0,2,7,1,0,402,22,0,0,f433aoi_accessible.pdf
0,0,1,1,31,31,14,0,0,54.30859375,0,0,3,1,1,1,3,1,51,1,1,31,1,0,31,9,0,0,asmp2.pdf
0,0,3,0,74,74,66,0,0,81.626953125,0,0,4,3,3,0,23,3,47,0,3,12,2,0,74,8,0,0,fct1.pdf
0,0,2,2,112,112,21,1,0,110.98046875,0,1,3,2,2,1,3,1,82,1,1,61,1,0,112,21,0,0,14granick_WAreply.pdf
0,0,2,2,143,143,28,0,0,133.259765625,0,1,4,2,2,1,7,1,50,1,1,86,1,1,143,11,0,0,i8804sa.pdf
0,0,3,0,91,91,82,0,0,88.83203125,0,0,5,3,3,0,38,3,60,0,3,16,1,0,91,23,0,0,f1097btc_accessible.pdf
0,0,2,0,30,30,26,0,0,149.4921875,0,1,2,2,2,0,0,2,7,0,2,2,1,0,30,10,0,0,urgent.pdf
0,0,2,2,18,18,5,0,0,21.326171875,0,0,1,3,2,1,1,3,13,1,3,20,0,0,18,23,0,0,20101105-C-Chartier.pdf
0,0,2,2,21,21,8,0,0,34.46484375,0,1,1,3,2,1,1,1,17,1,1,25,1,0,21,22,0,0,20101109-J-Dickson.pdf
0,0,2,2,21,21,6,0,0,34.650390625,0,1,2,2,2,1,2,2,9,1,1,10,1,0,21,11,0,0,n-04-26.pdf
0,0,2,2,12,12,4,0,0,16.71875,0,1,1,2,2,1,1,2,5,1,1,0,1,0,12,12,1,0,ccviiipg.pdf
0,0,1,1,62,62,16,0,0,44.9111328125,0,0,15,1,1,1,16,1,9,1,1,27,0,0,62,10,0,0,a98-99.pdf
1,2,2,2,288,288,56,0,0,266.427734375,0,1,4,2,2,1,40,6,296,1,1,87,1,28,288,20,0,1,f8855_accessible.pdf
0,0,2,2,210,210,33,0,0,171.923828125,0,1,9,2,2,1,12,1,49,1,1,91,1,1,210,11,0,0,i1120so.pdf
0,0,2,2,11,11,3,0,0,24.111328125,0,1,1,2,2,1,1,2,4,1,1,0,0,0,11,12,1,0,advtcgva.pdf
0,0,3,3,35,35,9,0,0,34.2333984375,0,0,6,3,3,2,6,2,19,2,2,27,2,0,35,11,0,0,102601f.pdf
0,0,2,2,109,109,16,0,0,103.6259765625,0,1,1,2,2,1,2,1,83,1,1,20,1,2,109,14,0,0,atmel_corp.pdf
2,3,1,2,118,118,41,0,0,56.3203125,0,0,1,4,1,1,10,3,98,1,2,80,1,8,118,20,0,1,f8718_accessible.pdf
0,0,1,1,6,6,2,0,0,81.5400390625,0,0,1,1,1,1,1,0,2,1,1,1,0,0,6,12,1,0,clsfdvnt.pdf
0,0,3,3,451,451,59,0,0,104.7197265625,0,0,2,5,3,3,42,3,538,3,3,93,3,49,451,7,0,0,fw3.pdf
0,0,2,2,69,69,19,0,0,45.0341796875,0,1,15,2,2,1,15,1,17,1,1,66,1,0,69,12,0,0,rp-05-14.pdf
0,0,1,0,50,50,28,0,0,43.9833984375,0,0,6,2,1,0,0,1,67,0,1,15,1,0,50,15,0,0,f1099oid_11.pdf
0,0,5,0,79,79,69,0,0,79.9326171875,0,0,2,6,5,0,35,5,66,0,5,2,5,0,79,10,0,0,f5434a.pdf
0,0,2,2,11,11,3,0,0,24.751953125,0,1,1,2,2,1,1,2,4,1,1,0,0,0,11,12,1,0,aplohstg.pdf
0,0,2,2,134,134,19,1,0,129.54296875,0,1,1,2,2,1,1,2,111,1,1,49,1,0,134,12,0,0,ir-02-18.pdf
0,0,2,2,39,39,12,0,0,59.666015625,0,1,5,2,2,1,5,2,15,1,1,37,1,0,39,12,0,0,rp-04-31.pdf
0,0,2,2,117,117,27,0,0,121.9365234375,0,1,2,2,2,1,6,1,56,1,1,88,1,3,117,12,0,0,i1099cap.pdf
0,0,2,2,84,84,16,0,0,50.5322265625,0,1,2,2,2,1,4,2,60,1,1,38,1,18,84,13,0,0,68fr32381.pdf
0,0,2,2,87,87,17,0,0,110.8759765625,0,1,1,2,2,1,2,1,70,1,1,22,1,2,87,16,0,0,capital_univ.pdf
0,0,1,1,6,6,2,0,0,77.615234375,0,0,1,1,1,1,1,0,2,1,1,1,0,0,6,12,1,0,atsolutn.pdf
0,0,2,2,146,146,30,0,0,279.666015625,0,1,1,2,2,1,2,1,109,1,1,83,1,2,146,14,0,0,10-13_comm.pdf
0,0,1,1,18,18,4,0,0,21.3388671875,0,0,2,1,1,1,2,1,6,1,1,10,1,0,18,16,0,0,Andrew_Huang.pdf
0,0,2,2,26,26,6,0,0,15.7607421875,0,1,3,2,2,1,3,1,13,1,1,33,1,0,26,12,0,0,rp-04-51.pdf
0,0,2,2,24,24,6,0,0,16.2021484375,0,1,3,3,2,1,3,1,13,2,1,23,1,0,24,11,0,0,n-11-78.pdf
2,3,3,3,315,315,181,0,0,280.61328125,0,0,2,3,3,2,170,2,306,2,2,150,2,93,315,9,0,1,f8851.pdf
0,0,2,2,11,11,3,0,0,25.3505859375,0,1,1,2,2,1,1,2,4,1,1,0,0,0,11,12,1,0,amtelcrp.pdf
0,0,2,2,77,77,24,0,0,98.671875,0,1,18,2,2,1,18,2,13,1,1,42,1,0,77,12,0,0,rp-04-15.pdf
0,0,2,2,29,29,9,0,0,56.97265625,0,1,3,2,2,1,3,1,13,1,1,27,1,0,29,17,0,0,qiattachitaly.pdf
1,1,3,3,87,87,4,0,0,41.806640625,0,0,1,3,3,2,1,2,80,2,2,36,2,48,87,9,0,1,f6467.pdf
0,0,2,2,44,44,14,0,0,26.5634765625,0,1,9,2,2,1,9,1,17,1,1,25,1,0,44,12,0,0,rr-05-62.pdf
0,0,2,2,86,86,50,0,0,136.71484375,0,1,3,2,2,1,3,1,55,1,1,83,1,0,86,16,0,0,cp22a_korean.pdf
0,0,1,1,24,24,6,0,0,126.0,0,0,3,1,1,1,3,1,11,1,1,31,0,0,24,13,0,0,65fr14227.pdf
0,0,2,2,47,47,12,0,0,22.734375,0,1,10,2,2,1,10,1,15,1,1,50,1,0,47,11,0,0,n-07-17.pdf
0,0,1,1,46,46,11,0,0,57.26171875,0,0,3,1,1,1,3,1,44,1,1,65,0,3,46,13,0,0,73fr37838.pdf
0,0,2,2,35,35,12,0,0,27.2861328125,0,1,4,3,2,1,4,1,18,2,1,35,1,0,35,12,0,0,rr-10-26.pdf
0,0,1,1,6,6,2,0,0,77.0400390625,0,0,1,1,1,1,1,0,2,1,1,1,0,0,6,13,1,0,berlaninc.pdf
2,3,3,3,106,106,39,0,0,231.1611328125,0,0,2,3,3,2,21,2,83,2,2,66,2,20,106,9,0,1,f8882.pdf
0,0,2,2,181,181,134,0,0,107.19140625,0,1,4,3,2,1,14,1,129,1,1,77,1,0,181,16,0,0,cp62_english.pdf
0,0,1,1,43,43,14,1,0,333.662109375,0,0,4,1,1,1,1,1,17,1,1,43,0,0,43,24,0,0,6-nirmita-narasimhan.pdf
0,0,2,2,36,36,13,0,0,34.001953125,0,1,10,3,2,1,10,1,11,2,1,20,1,0,36,11,0,0,n-11-53.pdf
0,0,2,2,35,35,10,0,0,19.962890625,0,1,8,2,2,1,8,1,9,1,1,18,1,0,35,11,0,0,n-10-49.pdf
2,3,1,2,101,101,36,0,0,45.0048828125,0,0,2,3,1,1,14,2,88,1,2,64,1,10,101,21,0,1,f5305a_accessible.pdf
0,0,3,4,134,134,72,0,0,390.15625,0,0,2,6,3,2,2,4,101,2,4,185,9,0,134,9,0,0,p4789.pdf
0,0,5,8,495,495,173,0,0,221.3271484375,0,0,2,11,5,4,140,9,759,4,8,194,4,278,494,10,0,0,f8038b.pdf
0,0,2,2,70,70,20,0,0,43.3349609375,0,1,16,2,2,1,16,1,15,1,1,57,1,0,70,12,0,0,rr-11-05.pdf
0,0,2,2,12,12,4,0,0,20.6669921875,0,1,1,2,2,1,1,2,5,1,1,0,1,0,12,12,1,0,centrlr3.pdf
0,0,2,2,33,33,10,0,0,62.5166015625,0,1,4,2,2,1,4,2,13,1,1,28,1,0,33,11,0,0,n-03-36.pdf
0,0,2,0,55,55,46,0,0,395.0595703125,0,1,6,3,2,0,6,2,9,1,2,6,1,0,55,25,0,0,PrintingOrder-Chinese.pdf
0,0,1,1,6,6,2,0,0,69.7841796875,0,0,1,1,1,1,1,0,2,1,1,1,0,0,6,12,1,0,campulai.pdf
0,0,2,2,35,35,11,0,0,20.88671875,0,1,7,3,2,1,7,1,20,1,1,17,1,0,35,12,0,0,rp-05-63.pdf
0,0,2,2,11,11,3,0,0,26.2060546875,0,1,1,2,2,1,1,2,4,1,1,0,0,0,11,10,1,0,ashldu.pdf
0,0,2,2,29,29,7,0,0,15.6455078125,0,1,5,2,2,1,5,2,11,1,1,19,1,0,29,11,0,0,058hull.pdf
0,0,2,2,121,121,78,0,0,104.4111328125,0,1,6,3,2,1,11,1,82,1,1,82,1,0,121,16,0,0,cp09_english.pdf
0,0,2,2,133,133,39,0,0,101.765625,0,1,36,2,2,1,36,1,17,1,1,86,1,0,133,11,0,0,n-05-01.pdf
0,0,2,2,302,302,30,1,0,138.220703125,0,1,16,2,2,1,16,2,182,1,1,48,1,0,302,12,0,0,rp-02-22.pdf
0,0,2,2,73,73,21,0,0,40.4501953125,0,1,18,2,2,1,18,1,15,1,1,51,1,0,73,11,0,0,n-10-46.pdf
0,0,2,2,43,43,6,0,0,13.1826171875,0,1,2,2,2,0,2,2,37,1,1,11,1,0,43,7,0,0,290.pdf
0,0,2,2,48,48,5,1,0,35.95703125,0,1,1,2,2,1,1,2,50,1,1,9,1,0,48,10,0,0,n-03-1.pdf
0,0,1,1,93,93,27,0,0,91.0400390625,0,0,22,1,1,1,22,1,27,1,1,68,0,0,93,13,0,0,reg_416-1.pdf
0,0,3,3,39,39,14,0,0,39.8857421875,0,0,1,4,3,2,1,3,19,2,2,9,2,0,39,9,0,0,p3961.pdf
0,0,2,2,39,39,14,0,0,30.8408203125,0,1,12,2,2,1,12,1,13,1,1,33,1,0,39,12,0,0,rp-06-22.pdf
0,0,3,0,39,39,28,0,0,44.38671875,0,0,8,3,3,1,0,3,7,1,3,0,2,0,39,11,0,0,114702f.pdf
0,0,3,0,111,111,104,0,0,121.853515625,0,0,3,3,3,0,54,3,75,0,3,20,1,0,111,20,0,0,f8038_accessible.pdf
0,0,3,0,83,83,77,0,0,89.869140625,0,0,2,3,3,0,38,3,59,0,3,14,1,0,83,20,0,0,f8862_accessible.pdf
0,0,2,2,10,10,4,0,0,79.40625,0,1,1,2,2,1,1,2,5,1,1,1,1,0,10,12,1,0,atlcbbd1.pdf
0,0,2,2,359,359,55,0,0,335.8212890625,0,1,33,3,2,1,33,1,87,1,1,101,1,36,359,12,0,0,irb04-29.pdf
0,0,2,2,79,79,13,1,0,48.5693359375,0,1,1,2,2,1,1,2,65,1,1,17,1,0,79,11,0,0,n-02-61.pdf
0,0,2,2,39,39,15,0,0,22.2119140625,0,1,3,2,2,1,3,2,9,1,1,13,1,0,39,7,0,0,235.pdf
0,0,2,2,29,29,8,0,0,18.490234375,0,1,6,2,2,1,6,1,9,1,1,16,1,0,29,11,0,0,n-08-71.pdf
0,0,1,1,23,23,5,0,0,33.7978515625,0,0,1,1,1,1,1,1,22,1,1,36,0,0,23,13,0,0,68fr70039.pdf
0,0,2,2,27,27,10,0,0,21.2421875,0,1,4,3,2,1,4,1,21,1,1,35,1,0,27,12,0,0,rr-09-01.pdf
0,0,2,2,40,40,13,0,0,123.9765625,0,1,2,2,2,1,2,2,15,1,1,32,0,0,40,13,0,0,65fr77393.pdf
0,0,2,2,35,35,8,0,0,18.72265625,0,1,5,2,2,1,5,1,17,1,1,56,1,0,35,12,0,0,rp-04-66.pdf
0,0,2,2,47,47,12,0,0,21.7626953125,0,1,10,2,2,1,10,1,15,1,1,50,1,0,47,12,0,0,rp-07-69.pdf
0,0,2,2,32,32,20,0,0,74.67578125,0,1,1,2,2,1,2,1,33,1,1,5,1,0,32,12,0,0,bestdoci.pdf
0,0,1,1,214,214,67,0,0,240.6259765625,0,0,65,1,1,1,65,1,12,1,1,85,1,0,214,12,0,0,rp-00-12.pdf
0,0,2,2,11,11,3,0,0,25.14453125,0,1,1,2,2,1,1,2,4,1,1,0,0,0,11,12,1,0,canoninf.pdf
0,0,2,2,11,11,3,0,0,24.5556640625,0,1,1,2,2,1,1,2,4,1,1,0,0,0,11,12,1,0,chammult.pdf
0,0,1,1,9,9,2,0,0,25.068359375,0,0,1,1,1,1,1,1,5,1,1,11,0,0,9,24,1,0,purepdf_hellounicode.pdf
0,0,2,2,31,31,10,1,0,11.427734375,0,1,2,2,2,1,2,2,7,1,1,9,0,0,31,12,0,0,a-01-103.pdf
0,0,1,1,6,6,2,0,0,82.1015625,0,0,1,1,1,1,1,0,2,1,1,1,0,0,6,12,1,0,ciscosys.pdf
0,0,2,2,30,30,9,0,0,59.318359375,0,1,3,2,2,1,3,2,13,1,1,27,1,0,30,49,0,0,japanes_investment_trust_management_companies.pdf
0,0,2,2,11,11,3,0,0,24.4375,0,1,1,2,2,1,1,2,4,1,1,0,0,0,11,12,1,0,agenitch.pdf
0,0,2,2,155,155,11,1,0,79.033203125,0,1,5,2,2,1,5,2,119,1,1,29,1,0,155,13,0,0,rr-03-125.pdf
0,0,2,2,172,172,27,0,0,159.052734375,0,1,6,2,2,1,9,1,50,1,1,83,1,4,172,13,0,0,i706na_10.pdf
0,0,2,2,67,67,18,0,0,32.2255859375,0,1,16,2,2,1,16,1,15,1,1,56,1,0,67,11,0,0,n-12-13.pdf
0,0,2,0,14,14,11,0,0,22.017578125,0,1,1,2,2,0,1,2,7,0,2,1,1,0,14,18,1,0,Benjamen_Scott.pdf
0,0,2,2,63,63,15,0,0,172.935546875,0,0,1,2,2,2,7,2,55,2,2,61,1,1,63,13,0,0,76fr41075.pdf
0,0,2,2,114,114,8,1,0,29.7568359375,0,1,4,2,2,1,4,2,109,1,1,14,1,0,114,12,0,0,rp-02-31.pdf
0,0,1,1,24,24,4,0,0,22.9697265625,0,0,1,1,1,1,1,1,5,1,1,9,0,0,24,21,0,0,20101130-L-Hooker.pdf
0,0,2,2,63,63,26,0,0,59.0791015625,0,1,21,3,2,1,21,1,37,1,1,41,1,0,63,11,0,0,n-08-41.pdf
0,0,2,0,87,87,81,0,0,208.6728515625,0,1,4,2,2,0,0,2,41,0,2,0,1,0,87,16,0,0,cp523_korean.pdf
0,0,3,3,54,54,21,0,0,77.552734375,0,0,6,3,3,2,6,2,34,2,2,58,2,0,54,13,0,0,72fr16306.pdf
0,0,2,2,99,99,31,0,0,182.7509765625,0,1,23,2,2,1,23,2,17,1,1,63,1,0,99,35,0,0,nta_sfc_testimony_tax_gap062104.pdf
0,0,2,2,157,157,110,0,0,93.13671875,0,1,4,3,2,1,15,1,110,1,1,86,1,0,157,17,0,0,cp51a_english.pdf
0,0,2,2,140,140,13,1,0,48.7353515625,0,1,6,2,2,1,6,2,102,1,1,38,1,0,140,11,0,0,n-02-72.pdf
0,0,2,2,22,22,5,0,0,10.5078125,0,1,3,2,2,1,3,1,11,1,1,23,1,0,22,11,0,0,a-10-16.pdf
0,0,2,2,12,12,5,0,0,138.5244140625,0,1,1,2,2,1,0,1,9,1,1,0,1,1,12,19,1,0,3D_castle-3DPDF.pdf
0,0,4,0,182,182,146,0,0,108.572265625,0,0,3,7,4,0,88,4,184,0,4,21,4,2,182,9,0,0,f1096.pdf
1,1,2,2,212,212,84,0,0,73.2177734375,0,0,4,2,2,2,82,2,184,2,2,91,2,76,212,10,0,1,f13656.pdf
0,0,3,4,292,292,60,0,0,147.5517578125,0,0,6,4,3,2,18,2,384,2,2,99,2,161,291,10,0,0,f13976.pdf
0,0,4,4,133,133,55,0,0,304.4033203125,0,0,2,5,4,3,6,3,100,3,3,164,3,0,133,12,0,0,p4346bcn.pdf
0,0,3,3,60,60,15,0,0,45.8447265625,0,0,2,3,3,2,2,3,40,2,2,35,2,6,60,13,0,0,67fr18148.pdf
0,0,4,6,81,81,29,0,0,52.7802734375,0,0,18,9,4,3,21,7,75,3,7,61,3,4,81,23,0,0,5330_phoneforum_qas.pdf
0,0,2,2,178,178,42,0,0,284.88671875,0,0,39,2,2,2,41,2,103,2,2,91,2,25,178,11,0,0,97scorp.pdf
0,0,2,2,118,118,23,0,0,205.625,0,1,1,2,2,1,2,1,91,1,1,55,1,3,118,11,0,0,bonfire.pdf
0,0,1,1,6,6,2,0,0,85.0107421875,0,0,1,1,1,1,1,0,2,1,1,1,0,0,6,12,1,0,calgoinc.pdf
0,0,3,4,112,112,31,0,0,49.7890625,0,0,21,6,3,2,21,4,62,2,4,41,2,0,112,33,0,0,loans_phoneforum_presentation.pdf
0,0,2,2,21,21,5,0,0,10.6845703125,0,1,3,2,2,1,3,2,8,1,1,10,1,0,21,7,0,0,183.pdf
0,0,1,1,6,6,2,0,0,76.966796875,0,0,1,1,1,1,1,0,2,1,1,1,0,0,6,14,1,0,chitelcorp.pdf
0,0,2,2,12,12,4,0,0,83.1376953125,0,1,1,2,2,1,1,2,5,1,1,0,1,0,12,12,1,0,atlantbd.pdf
0,0,2,2,197,197,30,0,0,147.1875,0,1,6,2,2,1,9,1,52,1,1,88,1,2,197,12,0,0,i8955ssa.pdf
0,1,2,2,307,307,149,0,0,293.064453125,0,1,4,2,2,1,132,1,291,1,1,81,1,122,307,11,0,0,f8849s1.pdf
20,20,2,2,283,283,116,0,0,139.4638671875,0,1,2,2,2,1,99,2,226,1,1,72,1,85,283,11,0,1,DS-3013.pdf
0,0,3,0,221,221,211,0,0,233.8173828125,0,0,6,3,3,0,135,3,159,0,3,49,1,0,221,12,0,0,f1120icd.pdf
0,0,2,2,30,30,18,0,0,75.5205078125,0,1,1,2,2,1,2,1,29,1,1,5,1,0,30,15,0,0,betavisions.pdf
0,0,2,2,28,28,16,0,0,74.720703125,0,1,1,2,2,1,2,1,29,1,1,5,1,0,28,10,0,0,bokdog.pdf
1,2,2,2,403,403,117,0,0,109.931640625,0,1,1,2,2,1,95,32,438,1,1,148,1,48,403,20,0,1,f8609_accessible.pdf
0,0,2,2,81,81,23,0,0,54.904296875,0,1,21,2,2,1,21,1,13,1,1,51,1,0,81,12,0,0,rr-08-07.pdf
0,0,2,0,75,75,69,0,0,45.1181640625,0,0,2,3,2,0,53,2,64,0,2,4,2,0,75,10,0,0,f14039.pdf
0,0,2,2,42,42,13,0,0,79.7626953125,0,1,6,2,2,1,6,2,15,1,1,38,1,0,42,11,0,0,a-04-43.pdf
0,0,3,3,259,259,29,1,0,171.1279296875,0,0,5,3,3,2,10,2,241,2,2,56,2,0,259,12,0,0,n2011_20.pdf
0,0,2,2,295,295,7,1,0,45.3984375,0,1,3,2,2,1,3,2,174,1,1,13,1,0,295,12,0,0,rr-03-94.pdf
0,0,2,2,99,99,62,0,0,64.5244140625,0,1,3,3,2,1,8,1,71,1,1,78,1,0,99,16,0,0,cp27_english.pdf
0,0,2,2,134,134,27,0,0,201.564453125,0,1,1,2,2,1,2,1,91,1,1,70,1,2,134,14,0,0,comsol_inc.pdf
0,0,2,2,59,59,43,0,0,168.4072265625,0,1,5,2,2,1,8,1,78,1,1,5,1,0,59,14,0,0,citisports.pdf
0,0,2,2,81,81,40,0,0,72.2421875,0,1,4,3,2,0,14,1,59,1,1,66,1,0,81,18,0,0,cp504b_english.pdf
0,0,2,2,23,23,12,0,0,395.255859375,0,0,5,2,2,2,5,2,9,2,2,5,2,0,23,12,0,0,atltcbbd.pdf
0,0,2,2,278,278,82,0,0,401.50390625,0,1,59,3,2,1,63,1,78,1,1,236,1,0,278,20,0,0,08fallbulsolprop.pdf
0,0,2,2,28,28,8,0,0,21.638671875,0,1,3,3,2,1,3,1,22,1,1,44,1,0,28,11,0,0,n-04-66.pdf
0,0,3,0,121,121,114,0,0,96.8115234375,0,0,3,3,3,0,75,3,94,0,3,27,1,0,121,22,0,0,f8554ep_accessible.pdf
0,0,1,1,9,9,4,0,0,16.2099609375,0,0,1,1,1,1,1,1,11,1,1,0,1,0,9,12,1,0,amerphys.pdf
0,0,3,0,85,85,79,0,0,78.2080078125,0,0,2,3,3,0,38,3,60,0,3,16,1,0,85,11,0,0,f1120sn.pdf
0,0,2,2,29,29,17,0,0,76.3232421875,0,1,1,2,2,1,2,1,28,1,1,5,1,0,29,18,0,0,checkpointsllc.pdf
0,0,2,2,37,37,10,0,0,19.353515625,0,1,7,2,2,1,7,1,13,1,1,38,1,0,37,12,0,0,rp-05-46.pdf
0,0,1,1,69,69,14,0,0,143.1728515625,0,0,7,1,1,1,7,1,16,1,1,47,0,0,69,33,0,0,041211-arl-ala-reply-comments.pdf
0,0,2,2,204,204,66,0,0,130.4365234375,0,1,52,2,2,1,52,1,30,1,1,149,1,0,204,29,0,0,ea2b_2008_exam_jb_revised.pdf
0,0,2,2,40,40,9,0,0,17.826171875,0,1,5,3,2,1,5,1,26,1,1,15,1,0,40,12,0,0,rp-08-63.pdf
0,0,2,2,27,27,15,0,0,101.4482421875,0,1,1,2,2,1,2,1,26,1,1,5,1,0,27,12,0,0,conunite.pdf
0,0,1,1,6,6,2,0,0,77.994140625,0,0,1,1,1,1,1,0,2,1,1,1,0,0,6,12,1,0,cablvsys.pdf
0,0,2,2,12,12,4,0,0,21.9287109375,0,1,1,2,2,1,1,2,5,1,1,0,1,0,12,12,1,0,cntnavan.pdf
0,0,2,2,58,58,23,0,0,149.96875,0,0,4,3,2,1,4,3,60,1,3,64,0,4,58,42,0,0,RequestforLegalAssistance2012bilingual.pdf
0,0,1,0,61,61,55,0,0,77.80078125,0,1,4,2,1,0,10,1,32,0,1,8,1,0,61,22,0,0,f8849s1_accessible.pdf
0,0,1,1,6,6,2,0,0,92.6103515625,0,0,1,1,1,1,1,0,2,1,1,1,0,0,6,10,1,0,affint.pdf
0,0,2,2,30,30,18,0,0,79.5234375,0,1,1,2,2,1,4,1,29,1,1,5,1,0,30,12,0,0,bestadlt.pdf
0,1,5,5,242,242,93,0,0,104.689453125,0,0,2,6,5,4,72,5,239,4,4,74,4,108,242,9,0,0,f8819.pdf
0,0,4,6,186,186,57,0,0,136.640625,0,0,42,9,4,3,53,7,189,3,7,101,3,18,186,17,0,0,reg_133223_08.pdf
0,0,2,2,299,299,57,0,0,277.3251953125,0,1,33,3,2,1,33,1,78,1,1,117,1,19,299,12,0,0,irb04-48.pdf
0,0,2,2,31,31,10,0,0,19.7275390625,0,1,6,3,2,1,6,1,24,1,1,36,1,0,31,11,0,0,n-06-59.pdf
0,0,2,2,41,41,8,0,0,51.0517578125,0,1,4,3,2,1,4,1,26,2,1,65,1,1,41,11,0,0,n-10-76.pdf
0,0,2,2,125,125,30,0,0,154.4345703125,0,1,4,2,2,1,8,1,68,1,1,126,1,1,125,11,0,0,i9465sp.pdf
0,0,1,1,38,38,10,0,0,14.11328125,0,0,8,1,1,1,9,1,7,1,1,16,0,0,38,12,0,0,rp-98-23.pdf
0,0,2,2,48,48,15,0,0,28.4384765625,0,1,10,2,2,1,10,1,13,1,1,33,1,0,48,11,0,0,a-11-06.pdf
0,0,2,2,62,62,7,1,0,41.8173828125,0,1,3,2,2,1,3,2,58,1,1,11,1,0,62,11,0,0,n-03-54.pdf
0,0,1,1,6,6,2,0,0,73.7314453125,0,0,1,1,1,1,1,0,2,1,1,1,0,0,6,12,1,0,bizdoorc.pdf
1,2,1,1,39,39,5,0,0,51.55859375,0,0,1,4,1,1,1,1,31,2,1,41,1,0,39,12,0,1,p1--1998.pdf
0,0,2,2,109,109,24,0,0,208.0595703125,0,1,1,2,2,1,2,1,83,1,1,57,1,2,109,12,0,0,blue_fin.pdf
0,0,2,2,384,384,42,0,0,187.18359375,0,1,24,3,2,1,24,1,680,1,1,90,1,118,384,44,0,0,testimony_house_oversight_comm_4-19-2012.pdf
0,0,2,0,36,36,29,0,0,66.947265625,0,1,5,2,2,0,5,2,12,0,2,5,1,0,36,13,0,0,75fr67777.pdf
0,0,2,2,25,25,6,0,0,11.4609375,0,1,4,2,2,1,4,1,11,1,1,24,1,0,25,12,0,0,rp-10-17.pdf
0,0,2,2,106,106,30,0,0,69.826171875,0,1,25,2,2,1,25,1,23,1,1,93,1,0,106,11,0,0,n-09-68.pdf
0,0,2,2,347,347,45,0,0,256.890625,0,1,19,2,2,1,23,1,71,1,1,113,1,9,347,10,0,0,i1042s.pdf
0,0,2,2,46,46,16,0,0,35.275390625,0,1,11,3,2,1,11,1,31,1,1,51,1,0,46,12,0,0,rp-09-45.pdf
0,0,2,2,12,12,4,0,0,23.5751953125,0,1,1,2,2,1,1,2,5,1,1,0,1,0,12,11,1,0,brobaba.pdf
0,0,1,1,6,6,2,0,0,72.1015625,0,0,1,1,1,1,1,0,2,1,1,1,0,0,6,9,1,0,attnc.pdf
0,0,1,1,6,6,2,0,0,76.9619140625,0,0,1,1,1,1,1,0,2,1,1,1,0,0,6,12,1,0,clinheal.pdf
0,0,2,2,55,55,15,1,0,23.3642578125,0,1,1,2,2,1,1,1,38,1,1,36,1,0,55,13,0,0,25mccomas.pdf
0,0,2,2,29,29,10,1,0,11.2236328125,0,1,1,2,2,1,1,2,9,1,1,8,1,0,29,7,0,0,055.pdf
0,0,3,0,36,36,32,0,0,150.423828125,0,0,1,3,3,1,2,3,13,1,3,2,2,0,36,13,0,0,chart_pak.pdf
0,0,1,1,6,6,2,0,0,73.6865234375,0,0,1,1,1,1,1,0,2,1,1,1,0,0,6,15,1,0,battmeminst.pdf
1,0,2,2,12,12,4,0,0,222.4765625,0,1,1,2,2,1,1,2,6,1,1,0,1,0,12,7,1,0,041.pdf
0,0,5,0,65,65,56,0,0,85.6708984375,0,0,2,6,5,2,15,5,47,2,5,7,4,0,65,9,0,0,f4852.pdf
0,0,2,2,45,45,12,0,0,45.4091796875,0,1,7,3,2,1,7,1,27,2,1,50,1,2,45,11,0,0,n-11-73.pdf
0,0,3,0,65,65,59,0,0,68.451171875,0,0,2,3,3,0,20,3,40,0,3,8,1,0,65,20,0,0,f8850_accessible.pdf
0,0,2,2,11,11,3,0,0,26.7109375,0,1,1,2,2,1,1,2,4,1,1,0,0,0,11,12,1,0,aafamphy.pdf
0,0,2,2,194,194,30,0,0,165.498046875,0,1,6,2,2,1,9,1,51,1,1,88,1,2,194,9,0,0,i5329.pdf
0,0,2,2,61,61,20,1,0,127.9765625,0,1,9,2,2,1,9,1,26,1,1,49,1,0,61,13,0,0,am2009003.pdf
0,0,3,0,58,58,53,0,0,63.4853515625,0,0,1,3,3,0,13,3,33,0,3,5,1,0,58,20,0,0,f8288_accessible.pdf
0,0,2,2,11,11,3,0,0,25.740234375,0,1,1,2,2,1,1,2,4,1,1,0,0,0,11,12,1,0,centelis.pdf
0,0,1,1,6,6,2,0,0,76.21484375,0,0,1,1,1,1,1,0,2,1,1,1,0,0,6,12,1,0,ameracad.pdf
0,0,2,0,107,107,99,0,0,68.33984375,0,1,6,2,2,0,66,2,79,0,2,26,1,0,107,9,0,0,f5498.pdf
0,0,4,6,42,42,15,0,0,34.17578125,0,0,2,9,4,3,4,7,44,3,7,43,3,1,42,27,0,0,509a3guidesheetchoimemo.pdf
0,0,2,2,119,119,72,0,0,249.2314453125,0,1,5,3,2,1,5,1,82,1,1,110,1,1,119,16,0,0,cp59_chinese.pdf
0,0,2,2,11,11,3,0,0,28.1416015625,0,1,1,2,2,1,1,2,4,1,1,0,0,0,11,12,1,0,aubrnunv.pdf
1,2,2,2,204,204,50,0,0,106.6328125,0,1,3,3,2,1,24,1,308,1,1,64,1,114,204,23,0,1,f706gsd1_accessible.pdf
0,0,2,2,88,88,24,1,0,68.6904296875,0,1,22,2,2,1,22,2,15,1,1,52,0,0,88,10,0,0,n-02-3.pdf
0,0,2,2,11,11,3,0,0,26.62890625,0,1,1,2,2,1,1,2,4,1,1,0,0,0,11,9,1,0,corcc.pdf
0,0,1,1,6,6,2,0,0,87.85546875,0,0,1,1,1,1,1,0,2,1,1,1,0,0,6,10,1,0,blunto.pdf
0,0,2,2,68,68,25,0,0,76.341796875,0,1,18,3,2,1,18,1,50,1,1,56,1,2,68,30,0,0,401k_phoneforum_transcript.pdf
0,0,2,2,39,39,13,0,0,123.5703125,0,1,2,2,2,1,2,2,13,1,1,30,0,0,39,13,0,0,65fr39818.pdf
0,0,3,0,140,140,134,0,0,312.9404296875,0,0,2,3,3,0,105,3,120,0,3,52,2,0,140,21,0,0,f3949a_accessible.pdf
0,0,1,1,15,15,5,0,0,233.525390625,0,0,1,1,1,0,1,0,10,0,0,21,0,0,15,16,0,0,Brian_Neenan.pdf
1,1,2,2,49,49,7,0,0,35.2744140625,0,0,1,2,2,2,5,2,38,2,2,38,2,9,49,10,0,1,f12451.pdf
0,0,1,1,6,6,2,0,0,84.796875,0,0,1,1,1,1,1,0,2,1,1,1,0,0,6,10,1,0,chefk9.pdf
0,0,2,0,84,84,49,0,0,74.7666015625,0,0,4,2,2,1,12,2,59,1,2,105,2,0,84,9,0,0,f3903.pdf
0,0,1,2,106,106,44,0,0,145.890625,0,0,35,3,1,1,35,2,118,1,2,78,1,0,106,24,0,0,2005ComplianceReport.pdf
0,0,2,2,54,54,15,1,0,36.1904296875,0,1,14,2,2,1,14,2,7,1,1,21,0,0,54,12,0,0,rp-00-42.pdf
0,0,2,2,146,146,45,0,0,87.96484375,0,1,40,2,2,1,40,1,17,1,1,83,1,0,146,12,0,0,n-07-100.pdf
0,0,2,2,45,45,14,0,0,57.8525390625,0,1,9,2,2,1,9,2,11,1,1,25,1,0,45,12,0,0,rr-04-60.pdf
0,0,2,2,307,307,47,0,0,265.5283203125,0,1,25,2,2,1,27,1,42,1,1,98,1,0,307,12,0,0,i1120fm3.pdf
0,0,1,1,146,146,49,0,0,97.193359375,0,0,9,2,1,1,9,1,99,1,1,158,1,0,146,25,0,0,Appendices_and_Tables.pdf
0,0,2,2,199,199,24,0,0,238.259765625,0,1,1,2,2,1,2,1,157,1,1,57,1,0,199,24,0,0,backyard_mississippi.pdf
0,0,2,2,83,83,13,0,0,85.7197265625,0,1,2,2,2,1,3,1,67,1,1,22,1,0,83,10,0,0,atomic.pdf
0,0,2,2,27,27,15,0,0,82.9560546875,0,1,1,2,2,1,2,1,26,1,1,5,1,0,27,13,0,0,citzglobc.pdf
0,0,2,2,361,361,11,1,0,94.57421875,0,1,6,2,2,1,6,2,271,1,1,22,1,0,361,12,0,0,rr-02-12.pdf
0,0,2,0,42,42,29,0,0,42.048828125,0,1,11,2,2,0,0,2,4,0,2,0,1,0,42,52,0,0,20111212_survey_state_criminal_laws_ ARL_ CO_ v2.pdf
0,0,2,2,95,95,17,0,0,111.0654296875,0,1,1,2,2,1,3,1,82,1,1,14,1,6,95,13,0,0,connected.pdf
0,0,2,2,47,47,9,1,0,55.791015625,0,1,2,2,2,1,2,1,34,2,1,18,1,0,47,10,0,0,24khaw.pdf
0,0,1,1,12,12,6,0,0,182.4404296875,0,0,3,1,1,1,3,0,4,1,1,3,0,0,12,12,1,0,conceiwl.pdf
0,0,2,2,11,11,3,0,0,28.19921875,0,1,1,2,2,1,1,2,4,1,1,0,0,0,11,10,1,0,ccsd15.pdf
0,0,1,1,6,6,2,0,0,73.6103515625,0,0,1,1,1,1,1,0,2,1,1,1,0,0,6,12,1,0,carealtr.pdf
0,0,6,0,77,77,68,0,0,118.400390625,0,0,2,7,6,0,12,6,46,0,6,6,5,0,77,15,0,0,f8606--2010.pdf
0,0,1,1,10,10,1,0,0,1.658203125,0,0,1,1,1,1,1,1,7,1,1,11,0,0,10,23,1,0,purepdf_helloworld2.pdf
0,0,2,2,398,398,124,1,0,230.2314453125,0,1,123,2,2,1,123,2,11,1,1,141,0,0,398,15,0,0,1201-503rev.pdf
0,0,2,2,24,24,12,0,0,77.96875,0,1,1,2,2,1,2,1,23,1,1,5,1,0,24,10,0,0,beyond.pdf
0,0,2,2,11,11,3,0,0,23.0888671875,0,1,1,2,2,1,1,2,4,1,1,0,0,0,11,11,1,0,bcplnet.pdf
0,0,2,2,30,30,7,0,0,14.7724609375,0,1,5,2,2,1,5,1,13,1,1,35,1,0,30,11,0,0,n-08-01.pdf
0,0,5,0,53,53,47,0,0,80.1142578125,0,0,1,6,5,0,8,5,36,0,5,4,4,0,53,9,0,0,f8828.pdf
0,0,2,2,11,11,3,0,0,27.2685546875,0,1,1,2,2,1,1,2,4,1,1,0,0,0,11,11,1,0,cacheon.pdf
0,0,2,2,33,33,10,0,0,68.5283203125,0,1,3,2,2,1,3,2,15,1,1,35,1,0,33,12,0,0,rr-03-88.pdf
0,0,2,2,11,11,3,0,0,32.5810546875,0,1,1,2,2,1,1,2,4,1,1,0,0,0,11,8,1,0,carm.pdf
0,0,1,1,17,17,3,0,0,13.28515625,0,0,1,1,1,1,1,1,3,1,1,9,0,0,17,20,0,0,20101109-B-Irwin.pdf
1,1,1,1,342,342,131,0,0,89.6748046875,0,0,4,1,1,1,130,1,203,1,1,102,1,180,342,13,0,1,form13750.pdf
0,0,2,2,52,52,12,0,0,39.8251953125,0,1,10,2,2,1,10,2,20,1,1,45,1,0,52,16,0,0,084doyle_amp.pdf
0,0,2,2,66,66,30,0,0,66.392578125,0,1,8,3,2,1,8,1,52,1,1,85,1,1,66,11,0,0,ftd-pia.pdf
0,0,2,2,78,78,31,1,0,155.462890625,0,1,12,3,2,1,12,1,68,1,1,106,1,1,78,35,0,0,fy2012_eo_work_plan_2011_annrpt.pdf
0,0,2,2,119,119,21,0,0,198.5078125,0,0,6,2,2,2,11,2,139,2,2,73,1,21,119,13,0,0,76fr32316.pdf
0,0,2,2,29,29,8,0,0,22.5322265625,0,1,4,3,2,1,4,1,16,2,1,35,1,0,29,12,0,0,rr-10-20.pdf
0,0,3,3,58,58,24,0,0,100.8828125,0,0,1,4,3,2,2,2,34,3,2,58,2,0,58,20,0,0,roth_differences.pdf
0,0,2,2,29,29,7,1,0,16.2421875,0,1,5,2,2,1,5,2,10,1,1,20,0,0,29,24,0,0,lmsb_sbse_memorandum.pdf
0,0,1,1,42,42,8,0,0,73.4228515625,0,0,2,1,1,1,2,1,17,1,1,42,0,0,42,54,0,0,andrew_huang_response_letter_regarding_exemption_3.pdf
0,0,4,0,51,51,44,0,0,70.75390625,0,0,2,5,4,0,3,4,31,0,4,3,3,0,51,9,0,0,f8908.pdf
0,0,2,2,30,30,18,0,0,76.1337890625,0,1,1,2,2,1,2,1,31,1,1,5,1,0,30,12,0,0,comediva.pdf
0,0,2,2,11,11,3,0,0,26.7470703125,0,1,1,2,2,1,1,2,4,1,1,0,0,0,11,11,1,0,bay9inc.pdf
0,0,2,2,90,90,50,0,0,115.8564453125,0,1,24,3,2,1,24,1,41,1,1,55,1,0,90,12,0,0,rp-09-56.pdf
0,0,2,2,11,11,3,0,0,23.4716796875,0,1,1,2,2,1,1,2,4,1,1,0,0,0,11,12,1,0,audoglxy.pdf
0,0,2,0,91,91,67,0,0,164.0546875,0,1,22,2,2,0,22,2,18,0,2,22,1,0,91,11,0,0,92chap5.pdf
0,0,1,1,21,21,6,1,0,55.6142578125,0,0,2,1,1,1,1,1,7,1,1,17,0,0,21,23,0,0,Christopher_Meacham.pdf
0,0,3,0,154,154,87,0,0,94.025390625,0,0,2,5,3,2,54,3,101,2,3,117,3,0,154,11,0,0,f1040sh.pdf
0,0,1,1,6,6,2,0,0,75.873046875,0,0,1,1,1,1,1,0,2,1,1,1,0,0,6,12,1,0,coproinc.pdf
0,0,4,0,55,55,48,0,0,259.86328125,0,0,2,5,4,0,4,4,32,0,4,3,3,0,55,9,0,0,f8905.pdf
0,0,1,1,60,60,15,0,0,292.6806640625,0,0,1,1,1,1,2,1,41,1,1,46,3,0,60,15,0,0,092005-lore.pdf
0,0,3,0,33,33,27,0,0,34.9541015625,0,0,1,4,3,0,2,3,15,0,3,2,2,0,33,9,0,0,n1015.pdf
0,0,2,0,42,42,39,0,0,205.58984375,0,1,1,2,2,0,2,2,10,0,2,2,1,0,42,10,0,0,aptara.pdf
0,0,2,2,63,63,26,0,0,53.1064453125,0,1,21,3,2,1,21,1,37,1,1,41,1,0,63,12,0,0,rp-06-16.pdf
0,0,2,2,78,78,29,0,0,86.552734375,0,1,6,2,2,1,7,1,48,1,1,59,1,1,78,13,0,0,76fr11816.pdf
0,0,7,0,212,212,193,0,0,140.6064453125,0,0,3,7,7,4,136,7,176,4,7,70,6,0,212,9,0,0,f5306.pdf
0,0,3,0,56,56,50,0,0,73.4091796875,0,0,2,3,3,0,8,3,28,0,3,4,1,0,56,22,0,0,f5713sb_accessible.pdf
2,3,3,3,181,181,85,0,0,84.01171875,0,0,2,4,3,2,65,2,158,2,2,109,2,36,181,10,0,1,fw8imy.pdf
0,0,2,2,33,33,9,0,0,18.166015625,0,1,8,2,2,1,8,2,7,1,1,12,0,0,33,11,0,0,rr99-44.pdf
0,0,2,2,43,43,11,0,0,21.2333984375,0,1,9,2,2,1,9,2,9,1,1,17,1,0,43,16,0,0,091macarthur.pdf
0,0,2,2,51,51,14,0,0,32.9794921875,0,1,12,2,2,1,12,2,10,1,1,20,0,0,51,11,0,0,a-00-21.pdf
0,0,2,2,12,12,4,0,0,16.7177734375,0,1,1,2,2,1,1,2,5,1,1,0,1,0,12,12,1,0,chtcbloc.pdf
0,0,1,1,6,6,2,0,0,76.2685546875,0,0,1,1,1,1,1,0,2,1,1,1,0,0,6,11,1,0,bisdesa.pdf
0,0,1,1,6,6,2,0,0,85.3056640625,0,0,1,1,1,1,1,0,2,1,1,1,0,0,6,12,1,0,cirnomag.pdf
0,0,5,0,55,55,47,0,0,81.1376953125,0,0,3,6,5,0,4,5,34,0,5,4,4,0,55,10,0,0,f990so.pdf
0,0,2,2,52,52,35,0,0,52.8505859375,0,1,2,2,2,0,21,1,34,1,1,31,1,0,52,17,0,0,cp565_spanish.pdf
0,0,1,1,18,18,11,0,0,128.0458984375,0,0,2,1,1,1,2,1,8,1,1,0,0,0,18,11,0,0,1233023.pdf
0,0,1,0,55,55,34,0,0,44.5947265625,0,0,6,3,1,0,0,1,67,0,1,14,1,0,55,13,0,0,f1099q_11.pdf
0,0,2,2,63,63,17,0,0,32.48828125,0,1,14,2,2,1,14,1,15,1,1,54,1,0,63,11,0,0,n-07-46.pdf
0,0,2,0,11,11,8,0,0,27.5732421875,0,1,1,2,2,0,1,2,5,0,2,0,1,0,11,12,1,0,caltech1.pdf
0,0,2,2,11,11,3,0,0,25.03125,0,1,1,2,2,1,1,2,4,1,1,0,0,0,11,12,1,0,aristotl.pdf
0,0,2,2,38,38,12,0,0,73.6591796875,0,1,3,2,2,1,3,2,19,1,1,45,1,0,38,12,0,0,rr-04-10.pdf
0,0,1,1,442,442,33,0,0,146.501953125,0,0,25,1,1,2,26,1,360,2,1,45,1,1,442,14,0,0,eotopicp99.pdf
0,0,2,2,38,38,10,0,0,249.6328125,0,0,4,3,2,1,4,3,44,1,3,41,0,6,38,33,0,0,Afghan_SIV_COM_Approval_Guide.pdf
0,0,2,0,81,81,75,0,0,249.77734375,0,1,4,2,2,0,6,2,36,0,2,4,1,0,81,11,0,0,circ56a.pdf
0,0,1,1,6,6,2,0,0,74.8095703125,0,0,1,1,1,1,1,0,2,1,1,1,0,0,6,12,1,0,ciscolin.pdf
0,0,2,2,54,54,25,0,0,86.7451171875,0,1,4,3,2,1,4,1,33,1,1,66,1,1,54,11,0,0,n-09-16.pdf
0,0,2,2,117,117,36,0,0,129.0810546875,0,1,20,2,2,1,20,2,37,1,1,83,0,0,117,9,0,0,p3920.pdf
0,0,2,2,27,27,5,0,0,22.32421875,0,1,4,2,2,1,4,2,15,1,1,29,0,0,27,13,0,0,63fr43830.pdf
0,0,1,1,9,9,4,0,0,108.7783203125,0,0,2,1,1,1,2,0,3,1,1,2,0,0,9,12,1,0,blkcrowm.pdf
0,0,3,0,117,117,109,0,0,233.1328125,0,0,4,3,3,0,41,3,65,0,3,18,1,0,117,11,0,0,f1040ss.pdf
0,0,2,2,54,54,20,0,0,49.91015625,0,1,13,3,2,1,13,1,36,1,1,43,1,1,54,11,0,0,n-06-14.pdf
0,0,4,0,75,75,67,0,0,82.7119140625,0,0,3,5,4,0,22,4,51,0,4,10,3,0,75,10,0,0,f8453i.pdf
0,0,2,2,74,74,12,0,0,39.484375,0,1,2,2,2,0,2,2,85,1,1,33,1,0,74,7,0,0,303.pdf
0,0,3,4,562,562,42,0,0,243.9375,0,0,3,4,3,2,3,3,843,2,2,100,2,394,561,9,0,0,f8825.pdf
0,0,2,2,33,33,21,0,0,105.05078125,0,1,1,2,2,1,2,1,32,1,1,5,1,0,33,10,0,0,bestbu.pdf
0,0,2,2,59,59,29,0,0,382.154296875,0,1,2,3,2,1,2,1,39,1,1,75,3,0,59,9,0,0,p4167.pdf
0,0,2,2,186,186,30,0,0,162.8671875,0,1,6,2,2,1,9,1,49,1,1,88,1,1,186,10,0,0,i990sr.pdf
0,0,3,3,48,48,16,0,0,225.734375,0,0,1,4,3,2,1,3,22,2,2,25,0,0,48,18,0,0,Guide_addendum.pdf
0,0,1,1,6,6,2,0,0,73.486328125,0,0,1,1,1,1,1,0,2,1,1,1,0,0,6,12,1,0,beathive.pdf
0,0,2,2,23,23,4,0,0,10.9697265625,0,1,2,2,2,1,2,1,15,1,1,42,1,0,23,11,0,0,a-11-20.pdf
0,0,2,2,65,65,33,0,0,208.4208984375,0,1,5,2,2,1,5,2,28,1,1,86,1,0,65,18,0,0,08rpgangiunece.pdf
0,0,2,2,228,228,24,0,0,205.142578125,0,1,1,2,2,1,2,1,192,1,1,57,1,2,228,20,0,0,activity_network.pdf
0,0,2,2,40,40,9,1,0,24.81640625,0,1,8,2,2,1,8,2,9,1,1,22,0,0,40,12,0,0,n-00-43a.pdf
0,1,2,2,114,114,33,0,0,263.5244140625,0,1,4,2,2,1,16,1,101,1,1,83,1,46,114,8,0,0,f730.pdf
0,0,2,2,84,84,24,0,0,40.71875,0,1,22,2,2,1,22,1,13,1,1,52,1,0,84,12,0,0,rp-07-46.pdf
0,0,4,0,95,95,88,0,0,85.84765625,0,0,2,5,4,0,48,4,73,0,4,22,3,0,95,11,0,0,f1120fs.pdf
0,0,1,1,58,58,16,0,0,25.5009765625,0,0,16,1,1,1,16,1,6,1,1,20,0,0,58,10,0,0,a-99-1.pdf
0,0,2,2,52,52,17,0,0,55.1689453125,0,1,5,2,2,1,5,2,24,1,1,40,1,0,52,13,0,0,66fr14099.pdf
1,2,2,2,217,217,27,0,0,83.765625,0,1,1,2,2,1,19,10,278,1,1,44,1,75,217,22,0,1,f13815_accessible..pdf
0,0,1,1,6,6,2,0,0,82.73046875,0,0,1,1,1,1,1,0,2,1,1,1,0,0,6,10,1,0,betplc.pdf
0,0,1,1,22,22,4,0,0,20.1904296875,0,0,2,1,1,1,2,0,12,1,0,29,0,0,22,13,0,0,63fr23475.pdf
0,0,2,2,43,43,18,0,0,57.1650390625,0,1,2,2,2,1,2,1,33,1,1,59,1,0,43,13,0,0,70fr12242.pdf
0,0,1,1,6,6,2,0,0,78.9599609375,0,0,1,1,1,1,1,0,2,1,1,1,0,0,6,12,1,0,brandmov.pdf
0,0,2,2,22,22,10,0,0,79.193359375,0,1,1,2,2,1,2,1,21,1,1,5,1,0,22,12,0,0,abercrom.pdf
0,0,2,0,33,33,30,0,0,146.10546875,0,1,1,2,2,0,2,2,10,0,2,1,1,0,33,20,0,0,constant_hosting.pdf
0,0,2,2,44,44,11,1,0,34.0322265625,0,1,10,2,2,1,10,2,29,1,1,31,0,0,44,11,0,0,n-01-43.pdf
30,31,2,2,463,463,61,0,0,367.9306640625,0,0,2,2,2,2,38,5,430,2,2,52,2,47,463,10,0,1,f13978.pdf
0,0,2,2,290,290,53,0,0,282.552734375,0,1,33,3,2,1,33,1,77,1,1,93,1,30,290,12,0,0,irb04-52.pdf
0,0,2,2,42,42,11,0,0,19.3955078125,0,1,9,2,2,1,9,1,13,1,1,39,1,0,42,13,0,0,rr-04-109.pdf
0,0,2,2,29,29,17,0,0,72.79296875,0,1,1,2,2,1,2,1,30,1,1,5,1,0,29,12,0,0,adgarden.pdf
0,0,2,2,103,103,18,0,0,117.5712890625,0,1,1,2,2,1,2,1,79,1,1,24,1,2,103,17,0,0,adobe_systems.pdf
0,0,3,3,84,84,36,0,0,45.0498046875,0,0,2,3,3,2,17,2,62,2,2,40,2,15,84,9,0,0,f921i.pdf
0,0,2,2,41,41,12,0,0,32.216796875,0,1,9,2,2,1,9,1,13,1,1,27,1,0,41,12,0,0,rp-04-42.pdf
0,0,2,2,108,108,37,0,0,106.5302734375,0,1,19,3,2,1,19,2,27,1,1,47,2,0,108,9,0,0,p4492.pdf
0,0,2,2,53,53,35,0,0,34.3330078125,0,1,1,3,2,1,1,1,36,1,1,34,1,0,53,16,0,0,cp42_english.pdf
0,0,2,2,63,63,23,0,0,89.900390625,0,1,4,3,2,0,4,1,65,1,1,52,1,8,63,39,0,0,ExchangeVisitorVisaUpdate-April2010.pdf
0,0,2,2,39,39,10,0,0,19.37109375,0,1,8,2,2,1,8,1,13,1,1,38,1,0,39,11,0,0,n-07-29.pdf
0,0,2,2,35,35,9,0,0,22.833984375,0,1,6,2,2,1,6,1,13,1,1,36,1,0,35,11,0,0,n-05-53.pdf
0,0,2,2,23,23,8,0,0,18.6162109375,0,1,3,3,2,1,3,1,17,1,1,23,1,0,23,11,0,0,n-08-29.pdf
0,0,1,2,59,59,14,0,0,78.4169921875,0,0,6,3,1,1,6,2,51,1,2,35,1,0,59,21,0,0,us-swiss_pensions.pdf
1,2,2,2,380,380,25,0,0,97.666015625,0,1,2,2,2,1,2,15,415,1,1,59,1,98,380,21,0,1,f8275r_accessible.pdf
0,0,1,1,6,6,2,0,0,69.3017578125,0,0,1,1,1,1,1,0,2,1,1,1,0,0,6,12,1,0,cookwkat.pdf
0,0,2,2,11,11,3,0,0,24.4814453125,0,1,1,2,2,1,1,2,4,1,1,0,0,0,11,12,1,0,brnsnobl.pdf
0,0,2,2,100,100,29,0,0,127.595703125,0,1,25,2,2,1,25,1,18,1,1,76,1,0,100,14,0,0,041412arsc.pdf
0,0,2,2,38,38,14,0,0,36.72265625,0,1,4,3,2,1,4,1,32,1,1,53,1,1,38,14,0,0,ss8icp-pia.pdf
0,0,3,0,76,76,71,0,0,79.24609375,0,0,1,3,3,0,28,3,52,0,3,10,1,0,76,20,0,0,f8615_accessible.pdf
0,0,5,0,158,158,148,0,0,271.9775390625,0,0,2,5,5,2,112,5,116,2,5,44,4,0,158,11,0,0,f8862sp.pdf
0,0,2,2,50,50,14,0,0,26.666015625,0,1,11,2,2,1,11,1,11,1,1,31,1,0,50,11,0,0,n-07-14.pdf
0,0,4,6,61,61,15,0,0,34.154296875,0,0,2,9,4,3,4,7,56,3,7,32,3,0,61,50,0,0,china_us_article_19_final_tax_media_drop_3_1_1.pdf
0,0,3,4,70,70,14,0,0,35.451171875,0,0,4,6,3,2,8,4,102,2,4,36,2,13,70,24,0,0,139d_faqs_final_2_oc.pdf
0,0,2,2,102,102,22,0,0,106.8642578125,0,1,2,2,2,1,4,1,40,1,1,59,1,2,102,10,0,0,i2210f.pdf
0,0,2,0,22,22,19,0,0,65.5244140625,0,1,1,2,2,0,0,2,7,0,2,1,1,0,22,29,0,0,Embassy_Specific_Info-GUZ.pdf
0,0,2,2,11,11,3,0,0,26.984375,0,1,1,2,2,1,1,2,4,1,1,0,0,0,11,12,1,0,cassinet.pdf
0,0,1,1,9,9,4,0,0,125.607421875,0,0,2,1,1,1,2,0,3,1,1,2,0,0,9,12,1,0,cbstelev.pdf
0,0,3,4,75,75,23,0,0,51.126953125,0,0,15,6,3,2,30,4,73,2,4,60,2,1,75,12,0,0,rp-11-25.pdf
0,0,2,2,22,22,10,0,0,85.8076171875,0,1,1,2,2,1,2,1,21,1,1,5,1,0,22,12,0,0,cnxcorpn.pdf
0,0,2,2,74,74,17,0,0,143.681640625,0,0,4,2,2,2,10,2,68,2,2,64,1,4,74,13,0,0,75fr62345.pdf
0,0,2,2,28,28,7,0,0,14.005859375,0,1,5,2,2,1,5,1,11,1,1,25,1,0,28,12,0,0,rr-07-08.pdf
0,0,2,2,12,12,4,0,0,16.7548828125,0,1,1,2,2,1,1,2,5,1,1,0,1,0,12,12,1,0,chartvii.pdf
0,0,2,2,301,301,18,0,0,123.6298828125,0,1,1,2,2,1,2,1,286,1,1,24,1,2,301,16,0,0,bank_america.pdf
0,0,3,0,26,26,22,0,0,20.6396484375,0,0,1,3,3,0,0,3,11,0,3,1,2,0,26,30,0,0,NRSA_Stipend_History_Graph.pdf
0,0,2,2,36,36,12,0,0,119.4453125,0,1,1,2,2,1,1,2,13,1,1,29,0,0,36,13,0,0,65fr25894.pdf
0,0,4,0,74,74,65,0,0,312.0439453125,0,0,2,4,4,2,35,4,51,2,4,18,3,0,74,10,0,0,f13315.pdf
0,0,4,0,64,64,57,0,0,158.140625,0,0,2,5,4,0,9,4,37,0,4,9,3,0,64,11,0,0,f1041si.pdf
0,0,1,1,6,6,2,0,0,73.0771484375,0,0,1,1,1,1,1,0,2,1,1,1,0,0,6,12,1,0,caprepts.pdf
0,0,2,2,794,794,40,0,0,240.7822265625,0,1,15,2,2,1,15,1,773,1,1,75,1,0,794,13,0,0,71fr64303.pdf
0,0,2,2,11,11,3,0,0,32.94140625,0,1,1,2,2,1,1,2,4,1,1,0,0,0,11,12,1,0,ascomllc.pdf
0,0,2,2,12,12,4,0,0,16.7236328125,0,1,1,2,2,1,1,2,5,1,1,0,1,0,12,12,1,0,charonln.pdf
0,0,15,15,91,91,30,0,0,370.681640625,0,0,15,15,15,0,15,1,30,0,1,0,0,0,91,20,0,0,copyright-owners.pdf
0,0,1,1,56,56,15,0,0,45.01171875,0,0,15,1,1,1,15,1,7,1,1,21,0,0,56,12,0,0,rp-99-32.pdf
0,0,2,2,199,199,19,1,0,76.1611328125,0,1,5,2,2,1,7,9,72,3,1,48,1,10,199,13,0,0,68fr39837.pdf
0,0,2,2,30,30,7,0,0,21.173828125,0,1,5,2,2,1,5,2,12,1,1,26,1,0,30,11,0,0,044101f.pdf
0,0,4,0,88,88,75,0,0,85.3720703125,0,0,8,4,4,0,26,4,50,0,4,20,3,0,88,11,0,0,fw2g_11.pdf
0,0,2,2,46,46,15,0,0,171.1884765625,0,0,1,2,2,2,2,2,30,2,2,77,3,0,46,22,0,0,Greek_CNAstatement.pdf
0,0,1,1,21,21,4,0,0,10.451171875,0,0,4,1,1,1,4,1,7,1,1,10,0,0,21,12,0,0,rp-98-42.pdf
2,3,3,3,68,68,18,0,0,41.2099609375,0,0,2,3,3,2,13,2,54,2,2,33,2,11,68,8,0,1,f921.pdf
0,0,1,1,80,80,22,0,0,70.7041015625,0,0,22,1,1,1,22,1,9,1,1,32,0,0,80,12,0,0,rp-99-26.pdf
0,0,3,0,130,130,122,0,0,116.951171875,0,0,4,3,3,0,86,3,100,0,3,8,1,0,130,9,0,0,f8498.pdf
0,0,2,2,136,136,21,0,0,168.7578125,0,1,1,2,2,1,2,1,100,1,1,36,1,0,136,11,0,0,abbott2.pdf
0,0,2,2,320,320,117,0,0,375.767578125,0,1,58,3,2,1,58,1,162,1,1,216,1,1,320,9,0,0,p1437.pdf
0,0,2,0,18,18,14,0,0,19.41015625,0,1,2,2,2,0,0,2,5,0,2,0,1,0,18,11,0,0,12-0035.pdf
0,0,1,1,6,6,2,0,0,73.7958984375,0,0,1,1,1,1,1,0,2,1,1,1,0,0,6,12,1,0,caremgmt.pdf
0,0,3,0,84,84,78,0,0,310.89453125,0,0,2,3,3,0,44,3,65,0,3,16,1,0,84,20,0,0,f2063_accessible.pdf
0,0,1,1,6,6,2,0,0,81.4052734375,0,0,1,1,1,1,1,0,2,1,1,1,0,0,6,15,1,0,campusventr.pdf
0,0,2,2,12,12,4,0,0,23.2021484375,0,1,1,2,2,1,1,2,5,1,1,0,1,0,12,12,1,0,austamst.pdf
0,0,1,1,8,8,1,0,0,1.48046875,0,0,1,1,1,1,1,1,4,1,1,7,0,0,8,25,1,0,purepdf_headerfooter1.pdf
0,0,1,0,27,27,24,0,0,44.283203125,0,1,1,2,1,0,1,1,10,0,1,1,1,0,27,11,0,0,p4141sp.pdf
0,0,2,2,35,35,13,0,0,30.0380859375,0,1,4,3,2,1,4,1,32,1,1,32,1,1,35,17,0,0,bmf-ccnip-pia.pdf
0,0,2,2,36,36,9,0,0,19.37109375,0,1,6,2,2,1,6,1,15,1,1,47,1,0,36,12,0,0,rp-05-37.pdf
0,0,1,1,6,6,2,0,0,90.5634765625,0,0,1,1,1,1,1,0,2,1,1,1,0,0,6,12,1,0,cntrnfos.pdf
0,0,2,2,29,29,17,0,0,75.888671875,0,1,1,2,2,1,2,1,30,1,1,5,1,0,29,17,0,0,blackrosetech.pdf
0,0,2,2,210,210,33,0,0,175.4599609375,0,1,8,2,2,1,11,1,51,1,1,98,1,0,210,11,0,0,i1120fi.pdf
0,0,3,0,64,64,55,0,0,70.8896484375,0,0,5,3,3,0,23,3,41,0,3,11,1,0,64,21,0,0,f8288a_accessible.pdf
0,0,2,2,28,28,7,0,0,13.283203125,0,1,5,2,2,1,5,1,11,1,1,25,1,0,28,12,0,0,rp-11-55.pdf
0,0,2,2,76,76,31,0,0,64.7958984375,0,1,5,2,2,1,5,1,43,1,1,69,1,0,76,10,0,0,i8804c.pdf
0,0,2,2,110,110,43,0,0,157.0068359375,0,1,24,3,2,1,24,2,50,1,1,129,1,0,110,25,0,0,11eo07busintaxwinbull.pdf
0,0,2,2,147,147,9,1,0,64.8134765625,0,1,4,2,2,1,4,2,105,1,1,20,1,1,147,12,0,0,rr-04-28.pdf
0,0,2,2,25,25,6,0,0,14.9228515625,0,1,4,2,2,1,4,1,11,1,1,24,1,0,25,11,0,0,n-04-78.pdf
0,1,4,4,291,291,99,0,0,124.73046875,0,0,2,5,4,3,78,4,279,3,3,94,3,150,291,10,0,0,f4876a.pdf
0,0,2,0,31,31,28,0,0,146.22265625,0,1,1,2,2,0,2,2,10,0,2,1,1,0,31,15,0,0,black_tooth.pdf
0,0,3,0,68,68,62,0,0,80.701171875,0,0,2,3,3,0,17,3,41,0,3,7,1,0,68,22,0,0,f8879ex_accessible.pdf
0,0,1,0,120,120,82,0,0,340.84765625,0,1,36,2,1,0,32,1,44,0,1,32,1,0,120,9,0,0,p1635.pdf
0,0,2,2,111,111,18,0,0,115.6630859375,0,1,1,2,2,1,3,1,101,1,1,22,1,9,111,22,0,0,breakdown_services.pdf
0,0,2,2,45,45,15,0,0,42.63671875,0,1,2,2,2,1,2,2,25,1,1,37,1,0,45,13,0,0,66fr20482.pdf
0,0,2,2,11,11,3,0,0,28.302734375,0,1,1,2,2,1,1,2,4,1,1,0,0,0,11,8,1,0,amug.pdf
0,0,2,2,117,117,16,0,0,137.5263671875,0,1,1,2,2,1,2,1,84,1,1,21,1,1,117,22,0,0,ca-or_broadcasting.pdf
0,0,3,0,132,132,111,0,0,98.8818359375,0,0,6,6,3,1,60,3,131,1,3,34,3,0,132,10,0,0,f1099q.pdf
0,0,2,2,47,47,20,0,0,29.744140625,0,1,1,3,2,1,4,1,35,1,1,49,1,0,47,16,0,0,cp32_english.pdf
0,0,1,1,25,25,3,0,0,15.0029296875,0,0,1,1,1,1,1,1,4,1,1,9,0,0,25,18,0,0,Brandon_Harter.pdf
0,0,1,1,6,6,2,0,0,86.259765625,0,0,1,1,1,1,1,0,2,1,1,1,0,0,6,11,1,0,adwedes.pdf
0,0,2,2,23,23,6,0,0,11.3935546875,0,1,2,3,2,1,2,1,18,1,1,32,1,0,23,13,0,0,n-2005-68.pdf
0,0,2,0,39,39,28,0,0,38.103515625,0,1,9,2,2,0,9,2,23,0,2,9,1,0,39,13,0,0,041413nab.pdf
1,0,2,2,535,535,47,0,0,379.55859375,0,1,24,2,2,1,24,1,76,1,1,93,1,31,535,12,0,0,irb12-03.pdf
2,3,3,3,111,111,40,0,0,73.09375,0,0,2,4,3,2,21,2,88,2,2,81,2,10,111,12,0,1,f5305sep.pdf
0,0,4,0,47,47,40,0,0,61.162109375,0,0,2,5,4,0,3,4,26,0,4,3,3,0,47,12,0,0,f1065sb1.pdf
0,0,2,2,100,100,22,0,0,104.48828125,0,1,2,2,2,1,4,1,38,1,1,59,1,1,100,10,0,0,i1099g.pdf
0,0,1,1,6,6,2,0,0,95.0224609375,0,0,1,1,1,1,1,0,2,1,1,1,0,0,6,13,1,0,casesldr2.pdf
0,0,2,2,11,11,3,0,0,29.25390625,0,1,1,2,2,1,1,2,4,1,1,0,0,0,11,12,1,0,buckeyec.pdf
0,0,2,2,145,145,33,0,0,169.4267578125,0,1,23,3,2,1,23,2,32,1,1,78,0,0,145,12,0,0,p3--1998.pdf
0,0,2,2,12,12,4,0,0,23.7548828125,0,1,1,2,2,1,1,2,5,1,1,0,1,0,12,8,1,0,anet.pdf
0,0,2,2,102,102,30,0,0,56.212890625,0,1,28,2,2,1,28,1,13,1,1,58,1,0,102,12,0,0,rp-06-45.pdf
0,0,2,2,38,38,7,0,0,15.12109375,0,1,3,3,2,1,3,1,24,1,1,13,1,0,38,12,0,0,rp-06-39.pdf
0,0,2,2,47,47,18,0,0,67.7021484375,0,1,9,3,2,1,9,1,34,1,1,53,1,1,47,11,0,0,n-12-26.pdf
0,0,2,2,36,36,11,0,0,34.177734375,0,1,2,2,2,1,2,1,17,1,1,32,1,0,36,6,0,0,p5.pdf
0,0,4,0,39,39,33,0,0,59.5830078125,0,0,1,5,4,0,0,4,26,0,4,0,4,0,39,10,0,0,f8596a.pdf
0,0,2,2,42,42,13,0,0,26.197265625,0,1,9,3,2,1,9,1,27,1,1,19,1,0,42,12,0,0,rr-08-16.pdf
0,0,3,3,60,60,30,0,0,311.38671875,0,0,5,3,3,2,5,3,30,2,2,73,4,0,60,10,0,0,p966sp.pdf
0,0,1,1,6,6,2,0,0,67.33203125,0,0,1,1,1,1,1,0,2,1,1,1,0,0,6,12,1,0,bluefrog.pdf
0,0,2,0,39,39,29,0,0,44.4296875,0,1,8,4,2,0,8,2,15,0,2,8,1,0,39,15,0,0,f1099ltc_11.pdf
0,0,2,2,33,33,13,0,0,30.357421875,0,1,7,3,2,1,7,1,23,1,1,27,1,0,33,11,0,0,n-09-12.pdf
0,0,2,2,25,25,7,0,0,15.810546875,0,1,3,3,2,1,3,1,21,1,1,43,1,0,25,19,0,0,belguim_revised.pdf
0,0,2,2,24,24,7,0,0,42.244140625,0,1,2,2,2,1,2,2,11,1,1,18,1,0,24,11,0,0,n-03-35.pdf
0,0,2,2,52,52,40,0,0,118.4677734375,0,1,1,2,2,1,2,1,51,1,1,5,1,0,52,12,0,0,auriclec.pdf
0,0,3,0,260,260,251,0,0,270.99609375,0,0,5,3,3,0,167,3,194,0,3,59,1,0,260,22,0,0,f1040nr_accessible.pdf
0,0,3,0,73,73,65,0,0,110.2783203125,0,0,4,3,3,0,16,3,40,0,3,8,1,0,73,9,0,0,f6781.pdf
0,0,2,2,117,117,10,1,0,67.95703125,0,1,4,2,2,1,4,2,83,1,1,28,1,0,117,11,0,0,a-02-96.pdf
0,0,2,0,83,83,78,0,0,92.1123046875,0,1,3,2,2,0,21,2,37,0,2,9,1,0,83,14,0,0,f8949--dft.pdf
0,0,1,0,14,14,11,0,0,11.2783203125,0,1,1,2,1,0,1,1,7,0,1,1,1,0,14,11,1,0,ffc101a.pdf
0,0,2,2,46,46,17,0,0,37.423828125,0,1,12,3,2,1,12,1,30,1,1,42,1,0,46,11,0,0,n-08-51.pdf
0,0,2,2,11,11,3,0,0,31.2529296875,0,1,1,2,2,1,1,2,4,1,1,0,0,0,11,12,1,0,busnseng.pdf
0,0,2,2,27,27,8,0,0,42.8828125,0,1,3,2,2,1,3,2,11,1,1,19,1,0,27,11,0,0,n-03-33.pdf
0,0,3,0,79,79,73,0,0,109.876953125,0,0,2,3,3,0,20,3,42,0,3,8,1,0,79,23,0,0,f8865sk1_accessible.pdf
0,0,2,2,24,24,7,0,0,13.9140625,0,1,2,3,2,1,2,1,17,1,1,22,1,0,24,11,0,0,a-10-32.pdf
0,0,2,2,39,39,12,0,0,57.0166015625,0,1,5,2,2,1,5,2,15,1,1,37,1,0,39,12,0,0,rp-04-38.pdf
0,0,4,6,174,174,50,0,0,134.4921875,0,0,4,7,4,3,16,6,232,3,5,136,3,76,173,11,0,0,fw4p_11.pdf
0,0,1,1,6,6,2,0,0,72.0771484375,0,0,1,1,1,1,1,0,2,1,1,1,0,0,6,12,1,0,agnition.pdf
0,0,2,2,37,37,25,0,0,88.7861328125,0,1,1,2,2,1,2,1,38,1,1,5,1,0,37,12,0,0,broadbca.pdf
0,0,3,0,67,67,57,0,0,182.9345703125,0,0,6,3,3,0,21,3,43,0,3,11,1,0,67,22,0,0,f109812_accessible.pdf
0,0,1,1,6,6,2,0,0,76.150390625,0,0,1,1,1,1,1,0,2,1,1,1,0,0,6,11,1,0,chiroba.pdf
0,0,2,2,11,11,3,0,0,27.5693359375,0,1,1,2,2,1,1,2,4,1,1,0,0,0,11,12,1,0,chgmusnt.pdf
0,0,1,1,54,54,14,0,0,44.2568359375,0,0,14,1,1,1,14,1,8,1,1,22,0,0,54,11,0,0,a-99-76.pdf
0,0,2,2,207,207,58,0,0,385.572265625,0,1,42,2,2,1,42,2,42,1,1,138,1,0,207,17,0,0,cea-ccia-hrrc.pdf
0,0,2,2,24,24,7,0,0,45.8125,0,1,3,2,2,1,3,2,9,1,1,11,1,0,24,11,0,0,n-03-56.pdf
0,0,1,1,50,50,13,0,0,16.4501953125,0,0,13,1,1,1,13,1,7,1,1,19,0,0,50,11,0,0,rp98-12.pdf
0,0,6,6,283,283,36,0,0,105.990234375,0,0,7,6,6,6,22,5,196,7,9,127,7,0,283,19,0,0,caa_netherlands.pdf
0,0,2,2,42,42,16,0,0,44.69921875,0,1,6,3,2,1,6,1,33,1,1,49,1,1,42,18,0,0,auto_6020b-pia.pdf
0,0,4,0,53,53,46,0,0,77.4619140625,0,0,2,5,4,0,6,4,33,0,4,4,3,0,53,9,0,0,f4029.pdf
0,0,2,2,25,25,6,0,0,10.7470703125,0,1,4,2,2,1,4,1,11,1,1,24,1,0,25,12,0,0,rr-06-55.pdf
0,0,1,1,6,6,2,0,0,82.890625,0,0,1,1,1,1,1,0,2,1,1,1,0,0,6,12,1,0,choicmed.pdf
0,0,1,1,6,6,2,0,0,69.375,0,0,1,1,1,1,1,0,2,1,1,1,0,0,6,12,1,0,conmanin.pdf
0,0,1,1,6,6,2,0,0,74.70703125,0,0,1,1,1,1,1,0,2,1,1,1,0,0,6,12,1,0,A2Hostng.pdf
0,0,2,0,104,104,98,0,0,99.6904296875,0,0,2,3,2,0,53,2,74,0,2,19,1,0,104,9,0,0,f2848.pdf
0,0,2,0,35,35,32,0,0,186.6640625,0,1,1,2,2,0,3,2,11,0,2,1,1,0,35,16,0,0,beatmash_net.pdf
0,0,2,2,42,42,10,0,0,24.4384765625,0,1,8,2,2,1,8,2,14,1,1,29,1,0,42,19,0,0,105reedelsevier.pdf
0,0,1,1,54,54,12,0,0,35.9619140625,0,0,12,1,1,1,12,1,19,1,1,54,0,0,54,14,0,0,report2-54.pdf
0,0,1,1,6,6,2,0,0,73.744140625,0,0,1,1,1,1,1,0,2,1,1,1,0,0,6,12,1,0,bmarphin.pdf
0,0,2,2,11,11,3,0,0,24.83984375,0,1,1,2,2,1,1,2,4,1,1,0,0,0,11,11,1,0,amerefi.pdf
0,1,2,2,91,91,36,0,0,192.583984375,0,1,2,2,2,1,28,1,86,1,1,60,1,26,91,11,0,0,f8849s6.pdf
0,0,3,0,94,94,87,0,0,82.2236328125,0,0,3,4,3,0,45,3,71,0,3,17,2,0,94,9,0,0,f8944.pdf
0,0,2,2,11,11,3,0,0,24.6142578125,0,1,1,2,2,1,1,2,4,1,1,0,0,0,11,10,1,0,carhof.pdf
0,0,2,2,136,136,26,0,0,143.33203125,0,1,4,2,2,1,6,1,54,1,1,77,1,6,136,9,0,0,i8835.pdf
0,0,2,2,34,34,22,0,0,78.9560546875,0,1,1,2,2,1,2,1,35,1,1,5,1,0,34,10,0,0,althig.pdf
0,0,2,2,37,37,11,0,0,20.4853515625,0,1,8,2,2,1,8,1,9,1,1,18,1,0,37,11,0,0,n-07-39.pdf
0,0,2,2,30,30,9,0,0,66.0810546875,0,1,3,2,2,1,3,2,13,1,1,27,1,0,30,11,0,0,n-04-10.pdf
0,0,2,2,40,40,16,0,0,44.2998046875,0,1,9,3,2,1,9,1,27,1,1,49,1,0,40,11,0,0,n-05-95.pdf
0,0,2,2,39,39,9,0,0,33.513671875,0,1,4,2,2,1,4,1,25,1,1,66,1,1,39,11,0,0,n-08-93.pdf
0,0,2,2,25,25,13,0,0,84.2841796875,0,1,1,2,2,1,2,1,26,1,1,5,1,0,25,11,0,0,cdkitch.pdf
0,0,2,2,53,53,13,1,0,28.6728515625,0,1,12,2,2,1,12,2,12,1,1,35,0,0,53,11,0,0,rp00-45.pdf
0,0,2,2,54,54,13,1,0,29.294921875,0,1,12,2,2,1,12,2,13,1,1,40,0,0,54,10,0,0,n-01-1.pdf
0,0,2,2,11,11,3,0,0,26.3818359375,0,1,1,2,2,1,1,2,4,1,1,0,0,0,11,12,1,0,airswtch.pdf
0,0,2,2,26,26,5,1,0,13.271484375,0,1,3,2,2,1,3,2,13,1,1,26,0,0,26,12,0,0,a-01-120.pdf
0,0,1,0,16,16,14,0,0,242.716796875,0,0,1,1,1,0,0,1,9,0,1,0,1,0,16,12,0,0,f8955ssa.pdf
0,0,4,0,104,104,95,0,0,151.779296875,0,0,4,4,4,1,46,4,73,1,4,4,3,0,104,8,0,0,f656.pdf
0,0,2,2,27,27,15,0,0,88.4033203125,0,1,1,2,2,1,2,1,26,1,1,5,1,0,27,12,0,0,cakecent.pdf
0,0,1,1,6,6,2,0,0,73.9501953125,0,0,1,1,1,1,1,0,2,1,1,1,0,0,6,12,1,0,C4PcmLLC.pdf
0,0,1,1,6,6,2,0,0,74.392578125,0,0,1,1,1,1,1,0,2,1,1,1,0,0,6,13,1,0,artsonllc.pdf
0,0,2,2,11,11,3,0,0,30.5966796875,0,1,1,2,2,1,1,2,4,1,1,0,0,0,11,12,1,0,artstsrt.pdf
0,0,1,1,21,21,3,0,0,28.4677734375,0,0,1,1,1,1,1,1,4,1,1,9,0,0,21,20,0,0,Charles_Thompson.pdf
0,0,1,1,133,133,40,0,0,58.23828125,0,0,40,1,1,1,40,1,7,1,1,46,0,0,133,11,0,0,rp97-61.pdf
0,0,3,0,278,278,266,0,0,226.6484375,0,0,8,3,3,0,206,3,225,0,3,74,1,0,278,21,0,0,f90221_accessible.pdf
0,0,2,2,225,225,26,1,0,108.90625,0,1,19,2,2,1,19,2,177,1,1,51,1,0,225,11,0,0,n-02-79.pdf
0,0,2,2,32,32,13,0,0,25.4013671875,0,1,4,3,2,1,4,1,22,1,1,35,1,0,32,12,0,0,rr-09-33.pdf
0,0,2,2,34,34,10,0,0,21.26171875,0,1,5,3,2,1,5,1,28,1,1,35,1,1,34,12,0,0,rp-09-32.pdf
0,0,2,2,115,115,34,0,0,102.189453125,0,1,19,3,2,1,19,1,105,1,1,72,1,12,115,11,0,0,n-09-98.pdf
0,0,2,2,50,50,38,0,0,136.986328125,0,1,1,2,2,1,2,1,49,1,1,5,1,0,50,11,0,0,broolaw.pdf
0,0,3,0,72,72,63,0,0,148.1923828125,0,0,5,3,3,0,5,3,33,0,3,5,1,0,72,12,0,0,f1040esp.pdf
0,0,1,1,8,8,4,0,0,6.4296875,0,0,1,1,1,1,1,1,5,1,1,0,0,0,8,23,1,0,purepdf_animatedgif.pdf
0,0,2,0,114,114,108,0,0,204.4921875,0,1,4,2,2,0,0,2,61,0,2,0,1,0,114,21,0,0,cp504b_vietnamese.pdf
0,0,1,1,6,6,2,0,0,74.1435546875,0,0,1,1,1,1,1,0,2,1,1,1,0,0,6,12,1,0,binaries.pdf
0,0,2,2,11,11,3,0,0,24.10546875,0,1,1,2,2,1,1,2,4,1,1,0,0,0,11,12,1,0,bestintc.pdf
0,0,1,1,98,98,26,0,0,71.3271484375,0,0,27,1,1,1,27,1,18,1,1,61,0,0,98,11,0,0,ritsema.pdf
0,0,2,2,11,11,3,0,0,25.5537109375,0,1,1,2,2,1,1,2,4,1,1,0,0,0,11,9,1,0,arnet.pdf
0,0,2,2,27,27,6,0,0,11.0966796875,0,1,4,2,2,1,4,1,13,1,1,34,1,0,27,12,0,0,rr-07-63.pdf
0,0,1,1,6,6,2,0,0,80.828125,0,0,1,1,1,1,1,0,2,1,1,1,0,0,6,12,1,0,andiamos.pdf
0,0,1,1,21,21,4,0,0,24.3251953125,0,0,4,1,1,1,4,1,7,1,1,10,0,0,21,11,0,0,9901036.pdf
0,0,2,2,11,11,3,0,0,23.482421875,0,1,1,2,2,1,1,2,4,1,1,0,0,0,11,10,1,0,augstu.pdf
0,0,2,2,309,309,40,0,0,234.66015625,0,1,18,2,2,1,20,1,44,1,1,91,1,1,309,12,0,0,i1120ss3.pdf
0,0,4,0,81,81,74,0,0,95.033203125,0,0,2,4,4,0,20,4,45,0,4,8,2,0,81,21,0,0,f4506t_accessible.pdf
0,0,2,2,43,43,14,0,0,37.9814453125,0,1,5,3,2,1,5,1,39,1,1,48,1,1,43,13,0,0,casts-pia.pdf
0,0,2,2,11,11,3,0,0,21.47265625,0,1,1,2,2,1,1,2,4,1,1,0,0,0,11,10,1,0,chattv.pdf
0,0,1,1,993,993,48,0,0,322.6474609375,0,0,29,1,1,1,29,1,68,1,1,99,1,23,993,12,0,0,irb06-12.pdf
0,0,2,2,28,28,11,0,0,20.470703125,0,1,6,3,2,1,6,1,20,1,1,26,1,0,28,32,0,0,luxembourg_lates_attachment2.pdf
0,0,2,2,55,55,24,0,0,59.673828125,0,1,15,3,2,1,15,1,30,1,1,25,1,0,55,12,0,0,rr-11-24.pdf
0,0,2,2,31,31,19,0,0,85.9697265625,0,1,1,2,2,1,2,1,32,1,1,5,1,0,31,11,0,0,asocfre.pdf
0,0,2,2,73,73,18,0,0,181.8564453125,0,0,3,2,2,2,8,2,60,2,2,70,1,1,73,13,0,0,75fr26278.pdf
0,0,2,2,72,72,16,0,0,267.71875,0,1,7,2,2,1,7,1,56,1,1,97,1,0,72,11,0,0,ar-1885.pdf
0,0,2,2,11,11,3,0,0,25.546875,0,1,1,2,2,1,1,2,4,1,1,0,0,0,11,12,1,0,blinkcom.pdf
0,0,3,0,48,48,42,0,0,65.966796875,0,0,2,3,3,0,2,3,25,0,3,2,1,0,48,20,0,0,f8908_accessible.pdf
0,0,2,2,126,126,21,0,0,161.1025390625,0,1,1,2,2,1,2,1,99,1,1,44,1,6,126,15,0,0,andre_nasib.pdf
0,0,2,2,41,41,10,0,0,16.96875,0,1,7,2,2,1,7,1,17,1,1,58,1,0,41,12,0,0,rp-05-30.pdf
0,0,1,1,118,118,57,0,0,275.1318359375,0,0,49,1,1,1,49,1,12,1,2,76,4,0,118,27,0,0,FY2004_NIV_Detail_Table.pdf
0,0,2,2,21,21,6,0,0,43.857421875,0,1,1,2,2,1,1,2,11,1,1,17,1,0,21,11,0,0,n-03-58.pdf
2,3,1,2,315,315,150,0,0,120.4833984375,0,0,2,3,1,1,128,3,376,1,2,145,1,93,315,20,0,1,f8851_accessible.pdf
0,0,2,2,36,36,8,0,0,32.41796875,0,1,4,2,2,1,4,1,19,1,1,65,1,0,36,11,0,0,n-07-82.pdf
0,0,1,1,9,9,4,0,0,21.3359375,0,0,1,1,1,1,1,1,11,1,1,0,1,0,9,12,1,0,bogameri.pdf
0,0,3,3,84,84,31,0,0,57.4404296875,0,0,2,3,3,2,15,2,74,2,2,71,2,11,84,10,0,0,f5305r.pdf
0,0,2,2,114,114,9,0,0,25.5791015625,0,1,2,2,2,1,2,1,104,1,1,34,1,0,114,60,0,0,reissuance_soft_contact_letter_-_internet_version_042012.pdf
0,0,1,1,6,6,1,0,0,1.375,0,0,1,1,1,1,1,1,2,1,1,3,0,0,6,32,1,0,purepdf_pdfptablecellheights.pdf
0,0,4,6,38,38,17,2,0,26.0458984375,0,0,1,9,4,3,1,7,31,3,7,21,3,0,38,24,0,0,eo_org_chart_04_2012.pdf
0,0,1,1,79,79,19,0,0,253.9697265625,0,0,8,1,1,1,8,1,29,1,1,85,1,0,79,18,0,0,19-allan-adler.pdf
0,0,1,1,66,66,18,0,0,40.8486328125,0,0,18,1,1,1,18,1,8,1,1,26,0,0,66,11,0,0,n-99-30.pdf
0,0,2,2,29,29,11,0,0,20.0634765625,0,1,7,3,2,1,7,1,21,1,1,17,1,0,29,11,0,0,n-08-66.pdf
0,0,2,2,38,38,14,0,0,34.6220703125,0,1,4,3,2,1,4,1,34,1,1,42,1,1,38,11,0,0,crd-pia.pdf
0,0,3,0,48,48,43,0,0,61.2529296875,0,0,1,3,3,0,1,3,25,0,3,1,1,0,48,21,0,0,fw11sp_accessible.pdf
0,0,1,1,6,6,2,0,0,74.9755859375,0,0,1,1,1,1,1,0,2,1,1,1,0,0,6,11,1,0,auballc.pdf
0,0,1,1,16,16,2,0,0,2.654296875,0,0,2,1,1,1,2,1,11,1,1,4,0,0,16,25,0,0,purepdf_taggedcontent.pdf
0,0,2,2,16,16,6,0,0,28.5126953125,0,1,1,3,2,1,1,1,14,1,1,12,1,0,16,23,0,0,20101215-H-Sapoznik.pdf
0,0,2,2,11,11,3,0,0,18.0205078125,0,1,1,2,2,1,1,2,4,1,1,0,0,0,11,10,1,0,comcen.pdf
0,0,2,2,11,11,3,0,0,26.85546875,0,1,1,2,2,1,1,2,4,1,1,0,0,0,11,12,1,0,austincc.pdf
0,0,3,0,49,49,43,0,0,69.4619140625,0,0,2,3,3,0,2,3,25,0,3,2,1,0,49,25,0,0,f4506tezsp_accessible.pdf
0,0,2,2,120,120,33,0,0,248.9443359375,0,0,19,2,2,2,24,2,87,2,2,78,1,10,120,13,0,0,77fr44179.pdf
0,0,2,2,60,60,26,0,0,30.8642578125,0,1,6,2,2,1,8,2,18,1,1,35,1,0,60,11,0,0,074401f.pdf
0,0,2,0,27,27,22,0,0,21.482421875,0,1,3,2,2,0,0,2,4,0,2,0,1,0,27,11,0,0,12-0019.pdf
0,0,2,2,45,45,33,0,0,93.9013671875,0,1,1,2,2,1,2,1,44,1,1,5,1,0,45,12,0,0,assocont.pdf
0,0,1,1,9,9,4,0,0,123.0439453125,0,0,2,1,1,1,2,0,3,1,1,2,0,0,9,12,1,0,cleamedi.pdf
0,0,2,2,333,333,41,0,0,256.01953125,0,1,12,2,2,1,18,1,100,1,1,114,1,19,333,10,0,0,i940pr.pdf
0,0,5,0,173,173,163,0,0,117.9453125,0,0,5,6,5,0,114,5,143,0,5,78,4,0,173,10,0,0,f990se.pdf
0,0,2,2,30,30,6,0,0,20.916015625,0,1,2,2,2,1,2,1,21,1,1,65,1,0,30,11,0,0,a-05-84.pdf
0,0,1,1,6,6,2,0,0,77.23828125,0,0,1,1,1,1,1,0,2,1,1,1,0,0,6,12,1,0,beachgre.pdf
0,1,4,6,288,288,92,0,0,160.0751953125,0,0,3,7,4,3,57,5,388,3,5,122,3,138,287,9,0,0,f8038.pdf
0,0,2,2,81,81,40,0,0,71.888671875,0,1,4,3,2,0,14,1,61,1,1,66,1,0,81,17,0,0,cp504_english.pdf
0,0,2,2,11,11,3,0,0,33.634765625,0,1,1,2,2,1,1,2,4,1,1,0,0,0,11,12,1,0,advwebcr.pdf
0,0,2,2,184,184,24,0,0,207.916015625,0,1,1,2,2,1,2,1,151,1,1,57,1,2,184,14,0,0,brian_case.pdf
0,0,7,12,2492,2492,50,1,0,365.5185546875,0,0,5,18,7,6,15,16,1997,6,16,85,6,824,2492,31,0,0,labor_lifecyclechart_090811.pdf
0,0,2,2,35,35,8,0,0,27.6474609375,0,1,4,2,2,1,4,1,21,1,1,63,1,0,35,11,0,0,n-12-43.pdf
0,0,1,1,75,75,21,0,0,38.5673828125,0,0,21,1,1,1,21,1,8,1,1,35,0,0,75,11,0,0,doc7394.pdf
0,0,1,1,6,6,2,0,0,79.90625,0,0,1,1,1,1,1,0,2,1,1,1,0,0,6,10,1,0,brycol.pdf
0,0,2,2,820,820,74,0,0,322.994140625,0,1,34,3,2,0,34,1,1536,0,1,119,1,279,820,22,0,0,sarsep_fixit_guide.pdf
0,0,2,2,12,12,4,0,0,17.25,0,1,1,2,2,1,1,2,5,1,1,0,1,0,12,12,1,0,chavideo.pdf
0,0,2,2,11,11,3,0,0,30.251953125,0,1,1,2,2,1,1,2,4,1,1,0,0,0,11,10,1,0,buzsaw.pdf
0,0,3,0,46,46,41,0,0,57.892578125,0,0,1,3,3,0,1,3,15,0,3,1,1,0,46,11,0,0,f13424j.pdf
0,0,2,2,44,44,32,0,0,106.3525390625,0,1,1,2,2,1,2,1,43,1,1,5,1,0,44,15,0,0,bairmcgarry.pdf
0,0,2,2,84,84,34,0,0,97.9453125,0,1,22,3,2,1,22,1,51,1,1,75,1,2,84,11,0,0,a-04-71.pdf
0,0,2,2,60,60,17,0,0,37.458984375,0,1,12,2,2,1,12,1,17,1,1,50,1,0,60,11,0,0,n-09-82.pdf
0,0,2,2,16,16,5,0,0,23.45703125,0,1,2,2,2,1,2,2,5,1,1,0,0,0,16,12,0,0,browseup.pdf
0,1,4,4,159,159,70,0,0,297.205078125,0,0,4,4,4,3,51,3,131,3,3,102,3,48,159,9,0,0,f8849.pdf
0,0,2,2,11,11,3,0,0,15.2919921875,0,1,1,2,2,1,1,2,4,1,1,0,0,0,11,11,1,0,columtc.pdf
0,0,4,0,86,86,77,0,0,115.4658203125,0,0,4,4,4,0,16,4,42,0,4,8,2,0,86,20,0,0,f6765_accessible.pdf
0,0,1,1,6,6,2,0,0,89.455078125,0,0,1,1,1,1,1,0,2,1,1,1,0,0,6,12,1,0,brynmawr.pdf
0,0,2,0,99,99,94,0,0,152.34765625,0,1,3,2,2,0,0,2,55,0,2,0,1,0,99,15,0,0,cp12_korean.pdf
0,0,3,3,43,43,5,0,0,31.8330078125,0,0,2,3,3,2,2,2,36,2,2,16,2,13,43,9,0,0,f4669.pdf
0,0,2,2,52,52,15,0,0,23.2900390625,0,1,1,3,2,1,1,1,54,1,1,69,1,5,52,33,0,0,oc_-_sept-mid_aca_cust_091710.pdf
0,0,2,2,48,48,23,0,0,181.890625,0,1,1,3,2,1,1,1,33,1,1,53,1,1,48,17,0,0,cp166_chinese.pdf
0,0,3,0,107,107,101,0,0,141.0732421875,0,0,2,3,3,0,44,3,65,0,3,16,1,0,107,22,0,0,f1040se_accessible.pdf
0,0,4,4,294,294,27,2,0,175.1982421875,0,0,2,4,4,3,4,6,202,3,3,39,3,0,294,13,0,0,rp2007_27.pdf
0,0,2,2,30,30,8,0,0,15.236328125,0,1,4,3,2,1,4,1,21,1,1,24,1,0,30,12,0,0,rp-09-22.pdf
1,0,2,2,80,80,27,0,0,156.1357421875,0,1,7,2,2,1,7,1,41,1,1,123,1,0,80,15,0,0,07rppscecco.pdf
0,0,2,2,33,33,8,0,0,13.4775390625,0,1,6,2,2,1,6,1,13,1,1,36,1,0,33,12,0,0,rr-07-04.pdf
0,0,2,0,50,50,47,0,0,231.474609375,0,1,1,2,2,0,2,2,10,0,2,1,1,0,50,14,0,0,blurtt_inc.pdf
0,0,2,2,136,136,24,0,0,199.0400390625,0,1,1,2,2,1,2,1,101,1,1,57,1,2,136,23,0,0,bloomberg_tradebook.pdf
0,0,2,2,51,51,14,0,0,27.24609375,0,1,12,2,2,1,12,1,11,1,1,32,1,0,51,11,0,0,n-10-04.pdf
0,0,2,2,1618,1618,30,1,0,378.6376953125,0,1,12,2,2,1,12,2,960,1,1,76,1,0,1618,11,0,0,a-02-54.pdf
2,3,1,2,71,71,12,0,0,37.84765625,0,0,1,3,1,1,1,2,78,1,2,44,1,11,71,23,0,1,f1120idq_accessible.pdf
0,0,2,2,11,11,3,0,0,24.2373046875,0,1,1,2,2,1,1,2,4,1,1,0,0,0,11,11,1,0,altcult.pdf
0,0,2,2,60,60,48,0,0,153.6123046875,0,1,1,2,2,1,2,1,59,1,1,5,1,0,60,14,0,0,aulacoillc.pdf
0,0,2,2,11,11,3,0,0,26.623046875,0,1,1,2,2,1,1,2,4,1,1,0,0,0,11,12,1,0,baylrfan.pdf
0,0,2,2,26,26,11,0,0,11.568359375,0,1,2,2,2,1,2,1,12,1,1,22,1,0,26,10,0,0,FY2006.pdf
0,1,2,2,173,173,75,0,0,229.412109375,0,1,6,2,2,1,60,1,144,1,1,97,1,56,173,8,0,0,f637.pdf
0,0,1,1,104,104,26,0,0,190.869140625,0,0,26,1,1,1,26,1,23,1,1,75,0,0,104,12,0,0,95perwel.pdf
0,0,3,0,53,53,47,0,0,67.478515625,0,0,2,3,3,0,5,3,27,0,3,3,1,0,53,18,0,0,f4506tez--2012.pdf
0,0,2,2,42,42,13,0,0,24.6337890625,0,1,9,3,2,1,9,1,27,1,1,29,1,0,42,12,0,0,rr-10-05.pdf
0,0,1,1,6,6,2,0,0,76.314453125,0,0,1,1,1,1,1,0,2,1,1,1,0,0,6,12,1,0,coassist.pdf
0,0,2,2,33,33,10,0,0,62.0810546875,0,1,5,2,2,1,5,2,11,1,1,21,1,0,33,11,0,0,n-02-76.pdf
0,0,2,2,59,59,6,1,0,48.125,0,1,1,2,2,1,1,2,57,1,1,17,1,0,59,11,0,0,n-03-08.pdf
0,0,2,2,28,28,7,0,0,14.912109375,0,1,4,2,2,1,4,1,13,1,1,35,1,0,28,11,0,0,a-05-45.pdf
0,0,2,2,24,24,7,0,0,42.12109375,0,1,2,2,2,1,2,2,11,1,1,18,1,0,24,11,0,0,n-03-52.pdf
0,0,2,2,104,104,14,1,0,73.2216796875,0,1,2,2,2,1,2,2,81,1,1,18,1,0,104,11,0,0,rp88-10.pdf
0,0,2,2,40,40,8,0,0,27.5439453125,0,1,6,2,2,1,6,2,23,1,1,48,1,0,40,7,0,0,204.pdf
0,0,3,0,138,138,126,0,0,149.986328125,0,0,8,3,3,0,86,3,107,0,3,34,1,0,138,23,0,0,f1099l12_accessible.pdf
0,0,2,2,11,11,3,0,0,25.26171875,0,1,1,2,2,1,1,2,4,1,1,0,0,0,11,12,1,0,alpinecm.pdf
0,0,3,0,64,64,56,0,0,158.9208984375,0,0,4,3,3,0,8,3,32,0,3,8,1,0,64,9,0,0,f8834.pdf
0,0,1,1,6,6,2,0,0,77.0791015625,0,0,1,1,1,1,1,0,2,1,1,1,0,0,6,12,1,0,banflixc.pdf
0,0,2,2,67,67,22,0,0,54.353515625,0,1,8,2,2,1,8,2,23,1,1,36,1,0,67,9,0,0,i5310.pdf
0,0,1,1,6,6,2,0,0,72.5419921875,0,0,1,1,1,1,1,0,2,1,1,1,0,0,6,12,1,0,anmlsllc.pdf
0,0,3,0,69,69,63,0,0,94.29296875,0,0,2,3,3,0,20,3,41,0,3,8,1,0,69,9,0,0,f8697.pdf
0,0,2,2,44,44,11,1,0,27.068359375,0,1,9,2,2,1,9,2,13,1,1,25,0,2,44,11,0,0,n-01-14.pdf
0,0,2,2,136,136,23,0,0,175.4482421875,0,1,1,2,2,1,2,1,102,1,1,40,1,1,136,9,0,0,audio.pdf
0,0,1,1,6,6,2,0,0,72.232421875,0,0,1,1,1,1,1,0,2,1,1,1,0,0,6,12,1,0,chrqlinc.pdf
0,0,2,2,38,38,16,0,0,47.84375,0,1,3,3,2,1,3,1,26,1,1,43,1,1,38,35,0,0,xml_error-troubleshooting_guide.pdf
1,2,2,2,100,100,29,0,0,47.23828125,0,1,1,3,2,1,13,1,134,1,1,44,1,42,100,21,0,1,f14017_accessible.pdf
0,0,5,8,222,222,57,0,0,143.2978515625,0,0,4,11,5,4,23,9,310,4,8,115,4,112,221,9,0,0,f8914.pdf
0,0,2,2,84,84,28,0,0,80.79296875,0,1,24,2,2,1,24,1,22,1,1,75,1,0,84,12,0,0,rp-09-18.pdf
0,0,2,0,46,46,33,0,0,332.3359375,0,1,11,2,2,0,11,2,16,0,2,11,1,0,46,11,0,0,attaway.pdf
0,0,2,2,374,374,48,0,0,312.37109375,0,1,26,3,2,1,26,1,77,1,1,94,1,26,374,12,0,0,irb04-38.pdf
0,0,2,2,182,182,74,0,0,379.2822265625,0,1,54,4,2,1,54,1,59,1,1,164,1,0,182,17,0,0,10sumbulcoftc.pdf
0,0,3,0,63,63,55,0,0,77.796875,0,0,4,3,3,0,16,3,37,0,3,8,1,0,63,20,0,0,f1127_accessible.pdf
0,0,2,0,41,41,37,0,0,140.0771484375,0,1,2,2,2,0,3,2,13,0,2,2,1,0,41,23,0,0,clorox_professional.pdf
0,0,1,1,6,6,2,0,0,77.4912109375,0,0,1,1,1,1,1,0,2,1,1,1,0,0,6,11,1,0,castmed.pdf
0,0,2,0,26,26,21,0,0,54.8369140625,0,1,3,2,2,0,0,2,5,0,2,0,1,0,26,21,0,0,ir-2011-14_german.pdf
0,0,2,2,71,71,22,0,0,127.9296875,0,1,15,2,2,1,15,2,15,1,1,47,1,0,71,34,0,0,ntatestimonyhouse_approps03906.pdf
0,0,3,3,522,522,39,0,0,335.8046875,0,0,8,3,3,2,17,2,507,2,2,130,2,1,522,12,0,0,eqrs-pia.pdf
0,0,1,1,6,6,2,0,0,77.623046875,0,0,1,1,1,1,1,0,2,1,1,1,0,0,6,12,1,0,broadjam.pdf
0,0,3,0,89,89,78,0,0,169.36328125,0,0,7,3,3,0,11,3,34,0,3,11,1,0,89,9,0,0,f990w.pdf
0,0,2,2,17,17,4,0,0,26.892578125,0,0,1,3,2,1,1,3,21,1,3,17,0,3,17,29,0,0,Embassy_Specific_Info-AMM.pdf
0,0,2,0,31,31,28,0,0,200.81640625,0,1,1,2,2,0,2,2,9,0,2,1,1,0,31,20,0,0,butterfly_dreams.pdf
0,0,1,1,6,6,2,0,0,75.34375,0,0,1,1,1,1,1,0,2,1,1,1,0,0,6,8,1,0,berk.pdf
0,0,2,2,291,291,43,0,0,249.46484375,0,1,22,2,2,1,22,1,85,1,1,92,1,40,291,12,0,0,irb06-05.pdf
0,0,2,2,24,24,8,0,0,27.62109375,0,1,3,3,2,1,3,1,18,1,1,24,1,0,24,12,0,0,rr-04-83.pdf
0,0,1,1,6,6,2,0,0,83.1650390625,0,0,1,1,1,1,1,0,2,1,1,1,0,0,6,10,1,0,asport.pdf
0,0,2,2,11,11,3,0,0,25.12109375,0,1,1,2,2,1,1,2,4,1,1,0,0,0,11,10,1,0,clecom.pdf
0,0,1,1,6,6,2,0,0,66.787109375,0,0,1,1,1,1,1,0,2,1,1,1,0,0,6,13,1,0,chaintinc.pdf
0,0,2,2,98,98,17,0,0,92.5966796875,0,1,1,2,2,1,2,1,77,1,1,22,1,0,98,10,0,0,burger.pdf
0,0,2,0,37,37,33,0,0,112.3798828125,0,1,2,2,2,0,0,2,5,0,2,0,1,0,37,20,0,0,ir-2011-14_farsi.pdf
0,0,5,0,128,128,87,0,0,101.5703125,0,0,33,5,5,2,0,5,17,2,5,0,4,1,128,17,0,0,2011-2012_pgp.pdf
0,0,2,2,52,52,26,0,0,48.10546875,0,1,6,3,2,1,6,1,40,1,1,42,1,1,52,15,0,0,ci1_gss-pia.pdf
0,0,1,1,9,9,2,0,0,11.646484375,0,0,2,1,1,1,2,1,4,1,1,6,0,0,9,25,1,0,purepdf_tableexample2.pdf
0,0,2,2,26,26,6,1,0,11.2666015625,0,1,4,2,2,1,4,2,10,1,1,19,0,0,26,11,0,0,n-01-25.pdf
0,0,3,0,86,86,74,0,0,94.1259765625,0,0,8,3,3,0,32,3,54,0,3,16,1,0,86,20,0,0,f2439_accessible.pdf
0,0,2,2,26,26,6,1,0,11.48046875,0,1,4,2,2,1,4,2,10,1,1,19,0,0,26,12,0,0,rr-01-20.pdf
0,0,3,3,736,736,357,0,0,170.7119140625,0,0,4,3,3,2,339,2,713,2,2,68,2,328,736,6,0,0,ft.pdf
0,0,2,0,32,32,29,0,0,171.5751953125,0,1,1,2,2,0,2,2,9,0,2,1,1,0,32,12,0,0,cloud_on.pdf
0,0,1,1,6,6,2,0,0,73.6767578125,0,0,1,1,1,1,1,0,2,1,1,1,0,0,6,12,1,0,artspots.pdf
1,2,3,0,38,38,18,0,0,172.5029296875,0,0,1,3,3,2,0,3,32,2,3,32,3,0,38,11,0,1,f990sj1.pdf
0,0,2,2,40,40,11,0,0,19.5439453125,0,1,9,2,2,1,9,1,11,1,1,29,1,0,40,12,0,0,rr-07-31.pdf
0,0,2,2,629,629,199,1,0,363.923828125,0,1,198,2,2,1,198,2,10,1,1,214,0,0,629,15,0,0,1201-504rev.pdf
2,2,5,5,1114,1114,295,0,0,381.9755859375,0,0,2,5,5,4,276,7,1141,4,4,146,4,198,1114,9,0,1,f6729.pdf
0,0,2,0,51,51,48,0,0,144.830078125,0,1,1,2,2,0,2,2,51,0,2,0,1,0,51,16,0,0,americalicor.pdf
0,0,2,2,96,96,15,1,0,55.5224609375,0,1,3,2,2,1,3,2,58,1,1,19,1,0,96,11,0,0,n-03-46.pdf
0,0,1,1,121,121,35,0,0,63.6904296875,0,0,35,1,1,1,35,1,10,1,1,56,0,0,121,16,0,0,carson071504.pdf
0,0,2,0,65,65,62,0,0,93.7099609375,0,1,1,2,2,0,38,2,49,0,2,1,1,0,65,21,0,0,ContractAppendixF.pdf
0,0,2,2,90,90,21,0,0,76.515625,0,1,5,3,2,1,5,1,124,1,1,58,1,19,90,41,0,0,free_file_faqs_2012_rev._5_2012_final.pdf
0,0,1,1,31,31,7,0,0,43.39453125,0,0,3,1,1,1,3,1,24,1,1,42,0,0,31,13,0,0,66fr60223.pdf
0,0,2,2,372,372,58,0,0,306.1279296875,0,1,38,3,2,1,38,1,114,1,1,114,1,57,372,15,0,0,wb200529(1).pdf
0,0,2,0,37,37,34,0,0,184.935546875,0,1,1,2,2,0,2,2,10,0,2,1,1,0,37,16,0,0,altus_brands.pdf
2,3,3,3,269,269,126,0,0,239.27734375,0,0,2,3,3,2,109,2,254,2,2,58,2,107,269,9,0,1,f8818.pdf
0,0,1,1,6,6,2,0,0,80.4453125,0,0,1,1,1,1,1,0,2,1,1,1,0,0,6,11,1,0,comtube.pdf
0,0,4,0,42,42,31,0,0,193.03515625,0,0,5,4,4,0,6,4,12,0,4,6,3,0,42,9,0,0,f8935.pdf
0,0,2,2,39,39,11,0,0,14.4921875,0,1,10,2,2,1,10,2,7,1,1,14,0,0,39,12,0,0,rr-99-40.pdf
0,0,2,2,67,67,18,0,0,47.17578125,0,1,16,2,2,1,16,1,15,1,1,56,1,0,67,11,0,0,n-07-07.pdf
0,0,2,2,36,36,11,0,0,58.123046875,0,1,5,2,2,1,5,2,13,1,1,29,1,0,36,12,0,0,rp-03-09.pdf
0,0,2,2,115,115,24,0,0,181.7421875,0,1,1,2,2,1,2,1,89,1,1,57,1,3,115,13,0,0,case-base.pdf
0,0,2,2,106,106,31,1,0,52.798828125,0,1,29,2,2,1,29,2,67,1,1,51,0,0,106,12,0,0,rp-01-15.pdf
0,0,2,2,31,31,19,0,0,84.6220703125,0,1,1,2,2,1,2,1,30,1,1,5,1,0,31,14,0,0,alexrandol.pdf
0,0,2,2,61,61,19,0,0,79.369140625,0,1,10,2,2,1,10,2,21,1,1,59,1,0,61,12,0,0,rr-03-54.pdf
0,0,2,2,256,256,30,0,0,149.8037109375,0,1,7,2,2,1,10,1,49,1,1,81,1,2,256,9,0,0,i8804.pdf
0,0,2,2,11,11,3,0,0,20.8173828125,0,1,1,2,2,1,1,2,4,1,1,0,0,0,11,11,1,0,buckeye.pdf
0,0,2,0,59,59,52,0,0,101.7939453125,0,1,5,2,2,0,0,2,11,0,2,5,1,0,59,22,0,0,Outgoing_Stats2011.pdf
0,0,2,2,79,79,13,1,0,48.5498046875,0,1,1,2,2,1,1,2,65,1,1,17,1,0,79,11,0,0,n-02-32.pdf
0,0,2,2,72,72,29,0,0,54.1533203125,0,1,6,5,2,1,6,1,68,1,1,81,1,2,72,22,0,0,f109811_accessible.pdf
0,0,2,2,36,36,10,0,0,20.5029296875,0,1,7,2,2,1,7,1,11,1,1,27,1,0,36,12,0,0,rr-05-65.pdf
0,0,2,2,46,46,16,0,0,36.296875,0,1,6,2,2,1,6,1,17,1,1,56,1,0,46,26,0,0,idrattachmentrev120908.pdf
0,0,2,2,34,34,22,0,0,98.34375,0,1,1,2,2,1,2,1,35,1,1,5,1,0,34,11,0,0,anerson.pdf
0,0,2,2,41,41,8,0,0,49.6796875,0,1,4,3,2,1,4,1,26,2,1,65,1,1,41,11,0,0,n-11-13.pdf
0,0,2,2,118,118,80,0,0,280.2607421875,0,1,4,3,2,1,4,1,79,1,1,94,1,0,118,16,0,0,cp14_chinese.pdf
0,0,5,0,33,33,21,0,0,35.2587890625,0,0,1,5,5,5,0,5,16,5,5,30,5,0,33,18,0,0,Post-Cert-Form.pdf
0,0,2,2,22,22,4,0,0,13.4384765625,0,1,2,2,2,1,2,2,14,1,1,23,1,0,22,7,0,0,134.pdf
0,0,2,2,96,96,9,1,0,61.6845703125,0,1,3,2,2,1,3,2,85,1,1,27,1,0,96,12,0,0,rp-04-30.pdf
0,0,2,2,32,32,8,1,0,14.7763671875,0,1,7,2,2,1,7,2,8,1,1,16,0,0,32,12,0,0,rp-01-11.pdf
0,0,2,2,169,169,53,1,0,162.6259765625,0,1,45,2,2,1,45,2,19,1,1,66,0,0,169,19,0,0,notice_2001-661.pdf
0,0,4,4,426,426,186,0,0,144.52734375,0,0,3,4,4,3,168,3,390,3,3,170,3,141,426,9,0,0,f8872.pdf
0,0,1,1,6,6,2,0,0,88.1494140625,0,0,1,1,1,1,1,0,2,1,1,1,0,0,6,12,1,0,cogentcm.pdf
0,0,2,2,1973,1973,62,0,0,404.984375,0,1,44,2,2,1,44,1,1908,1,1,119,1,1,1973,16,0,0,2006-2007pgp.pdf
0,0,2,0,104,104,98,0,0,206.2587890625,0,1,4,2,2,0,0,2,53,0,2,0,1,0,104,16,0,0,cp503_korean.pdf
0,0,3,0,50,50,45,0,0,66.28125,0,0,1,3,3,0,1,3,26,0,3,1,1,0,50,9,0,0,f4626.pdf
0,0,2,2,69,69,27,0,0,65.2734375,0,1,6,2,2,1,6,1,44,1,1,70,1,0,69,11,0,0,i706qdt.pdf
0,0,2,2,278,278,36,0,0,227.4404296875,0,1,13,2,2,1,18,1,68,1,1,90,1,10,278,11,0,0,i943xpr.pdf
0,0,4,0,187,187,180,0,0,135.21875,0,0,2,5,4,0,129,4,156,0,4,59,3,0,187,9,0,0,f1041.pdf
0,0,2,0,34,34,30,0,0,34.9052734375,0,1,2,2,2,0,2,2,10,0,2,2,1,0,34,9,0,0,p1854.pdf
0,0,3,0,196,196,186,0,0,171.03515625,0,0,6,3,3,0,126,3,148,0,3,46,1,0,196,20,0,0,f8854_accessible.pdf
0,0,3,0,26,26,19,0,0,27.896484375,0,0,4,3,3,1,0,3,7,1,3,0,2,0,26,11,0,0,111101f.pdf
0,0,2,2,38,38,11,0,0,25.9365234375,0,1,3,2,2,1,3,2,15,1,1,28,0,0,38,13,0,0,63fr71249.pdf
0,0,2,2,152,152,19,1,0,86.0712890625,0,1,6,2,2,1,6,2,123,1,1,30,1,0,152,12,0,0,rr-04-45.pdf
0,0,2,2,49,49,18,0,0,98.9052734375,0,1,6,3,2,1,10,1,41,1,1,54,1,1,49,28,0,0,20110131-Stephanie-Roach.pdf
0,0,2,2,53,53,15,0,0,29.490234375,0,1,12,2,2,1,12,1,11,1,1,32,1,0,53,12,0,0,rp-12-23.pdf
0,0,2,2,11,11,3,0,0,28.4345703125,0,1,1,2,2,1,1,2,4,1,1,0,0,0,11,12,1,0,colegnet.pdf
0,0,2,2,127,127,23,0,0,197.35546875,0,1,1,2,2,1,2,1,94,1,1,55,1,1,127,9,0,0,cloze.pdf
9,10,3,3,322,322,168,0,0,284.8037109375,0,0,3,3,3,2,150,2,298,2,2,105,2,101,322,9,0,1,f2553.pdf
0,0,2,0,33,33,29,0,0,104.748046875,0,1,2,2,2,0,3,2,13,0,2,2,1,0,33,23,0,0,baxter_county_paper.pdf
0,0,2,2,38,38,19,0,0,62.9736328125,0,1,1,3,2,0,1,1,22,1,1,49,1,0,38,49,0,0,9 FAM Updates for L Visa Annotation - May2010.pdf
0,0,2,0,37,37,34,0,0,130.900390625,0,1,1,2,2,0,2,2,10,0,2,1,1,0,37,15,0,0,cementworks.pdf
0,0,2,2,26,26,6,0,0,15.185546875,0,1,1,3,2,1,1,1,30,1,1,21,1,3,26,15,0,0,overview_en.pdf
0,0,2,2,50,50,19,0,0,138.2890625,0,0,2,3,2,1,2,3,47,1,3,62,0,2,50,33,0,0,RequestforLegalAssistance2012.pdf
0,0,1,1,202,202,25,0,0,160.1533203125,0,0,25,1,1,1,25,1,71,1,1,194,0,0,202,12,0,0,irb96-15.pdf
0,0,2,2,298,298,33,0,0,227.8701171875,0,1,10,2,2,1,15,1,94,1,1,84,1,24,298,10,0,0,i941pr.pdf
0,0,2,2,155,155,10,1,0,58.669921875,0,1,4,2,2,1,4,2,127,1,1,30,1,0,155,12,0,0,rp-02-20.pdf
0,0,2,2,289,289,50,0,0,279.662109375,0,1,28,3,2,1,28,1,82,1,1,96,1,31,289,12,0,0,irb04-19.pdf
0,0,2,2,28,28,16,0,0,77.998046875,0,1,1,2,2,1,2,1,29,1,1,5,1,0,28,12,0,0,bluegoat.pdf
0,0,4,0,78,78,71,0,0,108.1328125,0,0,2,4,4,0,8,4,35,0,4,4,2,0,78,23,0,0,f1120ssk_accessible.pdf
0,0,2,2,252,252,180,0,0,351.0439453125,0,1,5,3,2,1,5,1,164,1,1,150,1,0,252,16,0,0,cp11_russian.pdf
0,0,2,2,34,34,10,0,0,28.275390625,0,1,7,3,2,1,7,1,15,2,1,37,1,0,34,11,0,0,n-11-01.pdf
0,0,1,0,33,33,32,0,0,171.7744140625,0,0,1,1,1,0,2,1,7,0,1,0,1,0,33,13,0,0,copypaste.pdf
0,0,2,2,152,152,49,0,0,264.2216796875,0,1,33,2,2,1,33,1,31,1,1,141,1,0,152,31,0,0,ea_program_booklet_jan_2012.pdf
0,0,2,0,40,40,38,0,0,70.3125,0,0,14,2,2,1,0,2,5,1,2,0,2,0,40,11,0,0,105001f.pdf
0,0,2,2,71,71,7,1,0,47.1982421875,0,1,2,2,2,1,2,2,69,1,1,18,1,0,71,12,0,0,rr-03-58.pdf
0,0,4,0,75,75,21,0,0,31.5830078125,0,0,2,4,4,2,2,4,60,2,4,10,3,0,75,13,0,0,aod201103.pdf
0,0,2,2,157,157,109,0,0,83.58984375,0,1,3,3,2,0,12,1,109,1,1,84,1,0,157,17,0,0,cp24e_english.pdf
0,0,2,2,117,117,49,0,0,101.5341796875,0,1,37,3,2,1,37,1,71,1,1,111,1,1,117,11,0,0,n-08-70.pdf
0,0,1,2,76,76,9,1,0,35.3955078125,0,0,4,3,1,1,4,2,73,1,2,24,1,0,76,47,0,0,final_us-jp_ca_mou_investment_bank_12-27-05.pdf
0,0,1,1,6,6,2,0,0,86.265625,0,0,1,1,1,1,1,0,2,1,1,1,0,0,6,10,1,0,BVALLC.pdf
2,3,2,2,607,607,381,0,0,286.560546875,0,0,2,2,2,2,366,2,591,2,2,228,2,192,607,9,0,1,f8921.pdf
0,0,2,2,279,279,28,1,0,166.345703125,0,1,12,2,2,1,12,1,254,1,1,62,1,8,279,12,0,0,03herman.pdf
0,0,7,12,485,485,52,0,0,176.6494140625,0,0,12,18,7,6,24,16,442,6,16,52,6,0,485,34,0,0,simple_phoneforum_presentation.pdf
0,0,2,2,11,11,3,0,0,27.4697265625,0,1,1,2,2,1,1,2,4,1,1,0,0,0,11,10,1,0,andale.pdf
0,0,2,2,43,43,12,0,0,22.041015625,0,1,10,2,2,1,10,1,11,1,1,30,1,0,43,11,0,0,n-09-41.pdf
0,0,2,2,36,36,24,0,0,100.5712890625,0,1,1,2,2,1,2,1,35,1,1,5,1,0,36,16,0,0,americandebt.pdf
0,0,2,2,27,27,6,1,0,14.4970703125,0,1,4,2,2,1,4,2,13,1,1,25,1,0,27,7,0,0,033.pdf
0,0,2,2,27,27,15,0,0,89.08984375,0,1,1,2,2,1,2,1,28,1,1,5,1,0,27,10,0,0,armgac.pdf
0,0,2,2,64,64,21,0,0,74.1142578125,0,1,6,2,2,1,6,1,46,1,1,66,1,3,64,13,0,0,72fr61801.pdf
0,0,2,2,23,23,11,0,0,81.53515625,0,1,1,2,2,1,2,1,22,1,1,5,1,0,23,12,0,0,alertmar.pdf
0,0,2,2,101,101,29,0,0,51.994140625,0,1,27,2,2,1,27,1,15,1,1,67,1,0,101,12,0,0,rp-08-39.pdf
0,0,1,1,6,6,2,0,0,78.1171875,0,0,1,1,1,1,1,0,2,1,1,1,0,0,6,12,1,0,brgmwphh.pdf
0,0,2,2,40,40,21,0,0,72.7861328125,0,1,1,3,2,1,1,1,24,1,1,40,1,0,40,17,0,0,cp166_spanish.pdf
0,0,1,1,8,8,1,0,0,1.3837890625,0,0,1,1,1,1,1,1,2,1,1,0,0,0,8,18,1,0,purepdf_layers.pdf
0,0,2,2,49,49,6,1,0,50.123046875,0,1,1,2,2,1,1,2,51,1,1,17,1,0,49,10,0,0,a-03-1.pdf
0,0,2,2,215,215,158,0,0,167.6015625,0,1,5,3,2,1,5,1,140,1,1,94,1,0,215,16,0,0,cp11_english.pdf
0,0,3,0,78,78,68,0,0,117.970703125,0,0,6,3,3,0,27,3,47,0,3,13,1,0,78,12,0,0,f5304sim.pdf
0,0,4,0,138,138,129,0,0,126.4365234375,0,0,4,5,4,0,68,4,95,0,4,36,3,0,138,10,0,0,f1065x.pdf
0,0,2,2,46,46,13,0,0,22.685546875,0,1,10,2,2,1,10,1,13,1,1,41,1,0,46,12,0,0,rr-05-24.pdf
0,0,2,2,22,22,6,0,0,15.55859375,0,1,3,3,2,1,3,1,11,2,1,13,1,0,22,11,0,0,n-11-29.pdf
0,0,3,0,125,125,112,0,0,172.154296875,0,0,9,3,3,0,63,3,85,0,3,9,1,0,125,22,0,0,fw2gu12_accessible.pdf
0,0,2,2,12,12,4,0,0,16.994140625,0,1,1,2,2,1,1,2,5,1,1,0,1,0,12,12,1,0,chrfibsc.pdf
0,0,2,2,63,63,51,0,0,156.7333984375,0,1,1,2,2,1,2,1,62,1,1,5,1,0,63,10,0,0,bizoll.pdf
0,0,1,1,46,46,20,0,0,7.6220703125,0,0,20,1,1,1,20,1,7,1,1,22,0,0,46,22,0,0,purepdf_pagelabels.pdf
0,0,2,2,24,24,12,0,0,76.63671875,0,1,1,2,2,1,2,1,23,1,1,5,1,0,24,15,0,0,conndatanet.pdf
0,0,3,0,292,292,285,0,0,160.296875,0,0,3,3,3,0,234,3,255,0,3,80,1,0,292,9,0,0,f8802.pdf
0,0,2,2,115,115,40,0,0,192.107421875,0,1,35,3,2,1,35,1,28,2,1,86,1,1,115,12,0,0,rp-10-25.pdf
0,0,1,0,37,37,33,0,0,94.0341796875,0,1,2,2,1,0,2,1,11,0,1,2,1,0,37,9,0,0,p4763.pdf
0,0,3,0,490,490,478,0,0,301.2353515625,0,0,8,3,3,0,413,3,435,0,3,143,1,0,490,20,0,0,f3115_accessible.pdf
0,0,2,2,41,41,17,0,0,61.3974609375,0,1,3,2,2,1,3,1,30,1,1,52,1,0,41,13,0,0,70fr39343.pdf
0,0,1,1,6,6,2,0,0,81.732421875,0,0,1,1,1,1,1,0,2,1,1,1,0,0,6,12,1,0,chldntwk.pdf
0,0,2,2,68,68,21,0,0,43.95703125,0,1,15,3,2,1,15,1,41,1,1,55,1,0,68,12,0,0,rp-08-40.pdf
0,0,3,0,61,61,54,0,0,88.1796875,0,0,3,3,3,0,9,3,31,0,3,5,1,0,61,20,0,0,f8613_accessible.pdf
0,0,1,1,109,109,25,0,0,195.5869140625,0,0,20,1,1,1,20,1,11,1,1,52,0,0,109,34,0,0,23-gwen-hynze-and-janice-pilch.pdf
0,0,2,2,268,268,17,0,0,121.63671875,0,1,1,2,2,1,2,1,263,1,1,22,1,8,268,20,0,0,california_cedar.pdf
0,0,1,1,31,31,9,0,0,50.7060546875,0,0,2,1,1,1,2,1,33,1,1,50,0,0,31,13,0,0,74fr10096.pdf
0,0,1,1,6,6,2,0,0,68.845703125,0,0,1,1,1,1,1,0,2,1,1,1,0,0,6,12,1,0,atradcla.pdf
0,0,2,0,36,36,28,0,0,43.3291015625,0,1,6,4,2,0,6,2,16,0,2,6,1,0,36,15,0,0,f1099int_11.pdf
0,0,1,1,6,6,2,0,0,77.390625,0,0,1,1,1,1,1,0,2,1,1,1,0,0,6,11,1,0,bytectr.pdf
0,0,2,2,11,11,3,0,0,31.9755859375,0,1,1,2,2,1,1,2,4,1,1,0,0,0,11,12,1,0,capbrdbd.pdf
0,0,3,3,88,88,35,0,0,60.1640625,0,0,2,4,3,2,20,2,78,2,2,66,2,10,88,9,0,0,f5213.pdf
0,0,2,2,56,56,22,0,0,44.376953125,0,1,15,3,2,1,15,1,37,1,1,67,1,0,56,12,0,0,n-08-109.pdf
0,0,1,1,6,6,2,0,0,79.40625,0,0,1,1,1,1,1,0,2,1,1,1,0,0,6,14,1,0,comteasslp.pdf
0,0,1,1,9,9,4,0,0,102.166015625,0,0,2,1,1,1,2,0,3,1,1,2,0,0,9,12,1,0,befrwopu.pdf
0,0,3,0,63,63,57,0,0,75.51171875,0,0,2,3,3,0,14,3,35,0,3,6,1,0,63,20,0,0,f8586_accessible.pdf
0,0,2,0,214,214,60,0,0,94.673828125,0,0,2,2,2,1,27,2,65,1,2,84,2,0,214,11,0,0,f1120fi.pdf
0,0,2,2,93,93,29,0,0,126.0703125,0,1,14,3,2,1,14,1,88,1,1,91,1,9,93,49,0,0,20110131-Patrick-Loughney-Library-of-Congress.pdf
0,0,2,2,30,30,8,0,0,24.89453125,0,1,6,2,2,1,6,2,10,1,1,12,1,0,30,10,0,0,098bmi.pdf
0,0,4,0,81,81,73,0,0,103.486328125,0,0,3,4,4,0,21,4,45,0,4,9,2,0,81,11,0,0,f8038gc.pdf
0,0,2,2,11,11,3,0,0,29.2578125,0,1,1,2,2,1,1,2,4,1,1,0,0,0,11,12,1,0,blablacm.pdf
0,0,2,2,35,35,8,0,0,28.2841796875,0,1,4,2,2,1,4,1,21,1,1,63,1,0,35,11,0,0,n-10-70.pdf
0,0,2,2,31,31,10,0,0,21.0078125,0,1,6,3,2,1,6,1,20,1,1,16,1,0,31,11,0,0,rr-05-7.pdf
1,2,6,6,1161,1161,80,0,0,237.5751953125,0,0,3,6,6,5,60,13,1321,5,10,73,5,247,1161,20,0,1,f433f_accessible.pdf
0,0,2,2,122,122,46,0,0,151.384765625,0,1,33,3,2,1,33,1,86,1,1,117,1,5,122,11,0,0,n-09-33.pdf
0,0,2,2,23,23,8,0,0,13.9814453125,0,1,4,3,2,1,4,1,18,1,1,24,1,0,23,11,0,0,n-12-30.pdf
0,0,2,0,33,33,30,0,0,197.6552734375,0,1,1,2,2,0,2,2,10,0,2,1,1,0,33,13,0,0,brownrice.pdf
0,0,2,2,32,32,20,0,0,82.224609375,0,1,1,2,2,1,2,1,33,1,1,5,1,0,32,14,0,0,allrecipes.pdf
0,0,2,2,509,509,147,0,0,275.279296875,0,1,86,2,2,1,86,2,75,1,1,174,1,14,509,12,0,0,appendix.pdf
0,0,2,2,145,145,130,0,0,337.0947265625,0,1,2,2,2,1,2,1,134,1,1,15,1,0,145,19,0,0,organization100.pdf
0,0,2,2,58,58,16,0,0,37.4150390625,0,1,13,2,2,1,13,1,15,1,1,46,1,0,58,22,0,0,rev._proc._2008-12.pdf
0,0,2,2,126,126,41,0,0,147.8125,0,1,2,2,2,1,3,1,100,1,1,48,6,0,126,9,0,0,p4808.pdf
0,0,2,2,43,43,10,0,0,22.619140625,0,1,4,3,2,1,4,1,31,1,1,38,1,0,43,12,0,0,rp-08-69.pdf
2,3,1,2,275,275,92,0,0,75.9052734375,0,0,2,3,1,1,77,2,267,1,2,60,1,75,275,19,0,1,f973_accessible.pdf
0,0,2,2,22,22,10,0,0,67.76953125,0,1,1,2,2,1,2,1,23,1,1,5,1,0,22,11,0,0,aidella.pdf
0,0,2,2,94,94,27,0,0,47.8046875,0,1,23,2,2,1,23,1,19,1,1,71,1,0,94,12,0,0,rp-07-09.pdf
0,0,1,1,6,6,2,0,0,87.98828125,0,0,1,1,1,1,1,0,2,1,1,1,0,0,6,15,1,0,comcabcomm2.pdf
0,0,2,2,25,25,6,0,0,16.0361328125,0,1,4,2,2,1,4,1,11,1,1,24,1,0,25,11,0,0,n-05-42.pdf
1,1,4,0,69,69,45,0,0,68.75,0,0,2,5,4,3,10,4,53,3,4,18,4,0,69,20,0,1,f1363_accessible.pdf
0,0,2,2,27,27,10,0,0,19.75,0,1,4,3,2,1,4,1,21,1,1,35,1,0,27,12,0,0,rr-08-49.pdf
0,0,2,2,668,668,37,0,0,151.044921875,0,1,7,2,2,1,7,1,685,1,1,86,1,13,668,13,0,0,72fr36883.pdf
0,0,2,2,81,81,19,0,0,34.7470703125,0,1,9,2,2,1,9,2,21,1,1,46,1,0,81,11,0,0,064601f.pdf
0,0,2,2,24,24,12,0,0,81.8740234375,0,1,1,2,2,1,2,1,25,1,1,5,1,0,24,12,0,0,chubcorp.pdf
0,0,2,2,48,48,17,0,0,50.21875,0,1,5,3,2,1,5,1,42,1,1,75,1,1,48,11,0,0,eps-pia.pdf
0,0,1,1,105,105,26,0,0,175.677734375,0,0,26,1,1,1,26,1,26,1,1,82,0,0,105,11,0,0,92-95pw.pdf
0,0,2,2,70,70,33,0,0,72.716796875,0,1,11,3,2,1,11,1,54,1,1,67,1,1,70,12,0,0,epmf-pia.pdf
0,0,2,2,12,12,4,0,0,16.943359375,0,1,1,2,2,1,1,2,5,1,1,0,1,0,12,12,1,0,chargate.pdf
0,0,2,0,100,100,95,0,0,127.7099609375,0,1,3,2,2,0,0,2,50,0,2,0,1,0,100,19,0,0,cp12_vietnamese.pdf
0,0,3,4,155,155,22,0,0,77.8974609375,0,0,11,6,3,2,21,4,259,2,4,71,2,40,155,27,0,0,appendix_f_instructions.pdf
0,0,2,2,70,70,30,0,0,204.5322265625,0,1,2,4,2,1,2,1,38,1,1,37,3,0,70,18,0,0,california2004.pdf
0,0,2,2,34,34,22,0,0,114.1162109375,0,1,1,2,2,1,2,1,35,1,1,5,1,0,34,17,0,0,amazonservice.pdf
0,0,2,2,43,43,11,0,0,280.1611328125,0,0,2,3,2,1,2,3,39,1,3,66,0,3,43,22,0,0,budget_information.pdf
0,0,2,2,175,175,52,0,0,195.0634765625,0,1,46,3,2,1,46,2,25,1,1,84,0,0,175,12,0,0,irb02-15.pdf
0,0,3,0,184,184,178,0,0,129.88671875,0,0,2,4,3,0,122,3,145,0,3,71,2,0,184,20,0,0,form2848_example.pdf
0,0,2,2,23,23,11,0,0,78.296875,0,1,1,2,2,1,2,1,22,1,1,5,1,0,23,17,0,0,acttelesource.pdf
0,0,2,2,93,93,29,0,0,115.1474609375,0,1,22,2,2,1,22,2,15,1,1,54,1,0,93,11,0,0,rp-04-9.pdf
0,0,2,2,24,24,12,0,0,76.21484375,0,1,1,2,2,1,2,1,23,1,1,5,1,0,24,11,0,0,bitanim.pdf
0,0,1,1,42,43,4,0,0,77.2880859375,0,0,1,1,1,1,1,0,23,1,1,8,0,1,42,26,0,0,3D_embedded_pdf_sample.pdf
0,0,1,1,6,6,2,0,0,79.0986328125,0,0,1,1,1,1,1,0,2,1,1,1,0,0,6,12,1,0,arch7107.pdf
0,0,1,1,6,6,2,0,0,88.6328125,0,0,1,1,1,1,1,0,2,1,1,1,0,0,6,11,1,0,colsoid.pdf
0,0,2,2,117,117,8,1,0,59.345703125,0,1,3,2,2,1,3,2,89,1,1,19,1,1,117,12,0,0,rr-04-34.pdf
0,0,2,2,41,41,8,0,0,49.76171875,0,1,4,3,2,1,4,1,26,2,1,65,1,1,41,11,0,0,n-11-84.pdf
0,0,2,2,130,130,23,0,0,124.8701171875,0,1,2,2,2,1,4,1,53,1,1,67,1,7,130,9,0,0,i8910.pdf
0,0,2,2,164,164,31,0,0,191.791015625,0,1,19,3,2,1,19,2,67,1,1,155,0,0,164,12,0,0,p4--1998.pdf
0,0,2,2,43,43,12,0,0,21.1396484375,0,1,10,2,2,1,10,1,11,1,1,30,1,0,43,12,0,0,rp-05-26.pdf
0,0,1,1,6,6,2,0,0,77.0625,0,0,1,1,1,1,1,0,2,1,1,1,0,0,6,12,1,0,adchemyi.pdf
0,0,1,1,1033,1033,40,0,0,233.69140625,0,0,33,1,1,2,33,1,1093,2,1,45,1,44,1033,11,0,0,van-ops.pdf
0,0,1,1,6,6,2,0,0,79.9482421875,0,0,1,1,1,1,1,0,2,1,1,1,0,0,6,10,1,0,celwre.pdf
0,0,2,2,11,11,3,0,0,26.921875,0,1,1,2,2,1,1,2,4,1,1,0,0,0,11,7,1,0,cnn.pdf
0,0,3,4,536,536,235,0,0,230.9697265625,0,0,8,4,3,2,197,3,503,2,2,212,2,210,535,13,0,0,f1042s_11.pdf
0,0,2,2,35,35,11,0,0,62.833984375,0,1,4,2,2,1,4,2,15,1,1,30,1,0,35,11,0,0,n-03-62.pdf
0,0,1,1,6,6,2,0,0,77.8115234375,0,0,1,1,1,1,1,0,2,1,1,1,0,0,6,10,1,0,bakmck.pdf
0,0,1,1,6,6,2,0,0,74.658203125,0,0,1,1,1,1,1,0,2,1,1,1,0,0,6,12,1,0,censvmkt.pdf
0,0,2,2,124,124,55,0,0,169.5986328125,0,1,2,2,2,1,5,2,89,1,1,180,2,0,124,11,0,0,circ01b.pdf
0,0,2,2,56,56,18,0,0,116.1669921875,0,1,9,2,2,1,9,2,19,1,1,51,1,0,56,42,0,0,testimony_wm_oversight_returnpreparers.pdf
0,0,2,2,21,21,5,0,0,11.4482421875,0,1,2,2,2,1,2,1,11,1,1,22,1,0,21,11,0,0,n-08-39.pdf
0,0,2,2,41,41,29,0,0,86.166015625,0,1,1,2,2,1,2,1,40,1,1,5,1,0,41,12,0,0,BiblioCm.pdf
0,0,2,2,48,48,13,0,0,24.16015625,0,1,11,2,2,1,11,1,11,1,1,31,1,0,48,12,0,0,rp-05-43.pdf
0,0,5,0,92,92,83,0,0,91.0068359375,0,0,2,6,5,0,36,5,66,0,5,14,4,0,92,9,0,0,f5308.pdf
0,0,2,2,38,38,13,0,0,46.373046875,0,1,10,3,2,1,10,1,13,2,1,30,1,0,38,11,0,0,n-11-79.pdf
0,0,2,2,344,344,51,0,0,378.8984375,0,1,33,2,2,1,33,1,93,1,1,100,1,42,344,12,0,0,irb06-03.pdf
0,0,2,2,66,66,29,0,0,108.0908203125,0,1,10,3,2,1,10,1,56,1,1,81,1,1,66,12,0,0,irdm-pia.pdf
0,0,3,3,19,19,6,0,0,121.69921875,0,0,3,3,3,0,3,1,6,0,1,0,0,0,19,31,0,0,2000-7-Wiley-Rein-extension.pdf
0,0,3,0,110,110,102,0,0,132.6865234375,0,0,4,3,3,0,49,3,71,0,3,19,1,0,110,9,0,0,f944x.pdf
0,0,2,2,39,39,14,0,0,33.037109375,0,1,3,3,2,1,3,1,36,1,1,50,1,1,39,16,0,0,ntf-cssd-pia.pdf
0,0,3,0,70,70,63,0,0,96.7265625,0,0,3,3,3,0,21,3,42,0,3,9,1,0,70,22,0,0,f8038gc_accessible.pdf
0,0,2,2,80,80,13,1,0,48.6591796875,0,1,1,2,2,1,1,2,66,1,1,17,1,0,80,11,0,0,n-02-28.pdf
0,0,2,2,83,83,26,0,0,98.3818359375,0,1,20,2,2,1,20,2,13,1,1,44,1,0,83,11,0,0,n-03-65.pdf
0,0,1,1,6,6,2,0,0,76.81640625,0,0,1,1,1,1,1,0,2,1,1,1,0,0,6,12,1,0,actvhubs.pdf
0,0,2,2,33,33,7,1,0,15.6767578125,0,1,6,2,2,1,6,2,12,1,1,29,0,0,33,12,0,0,rp-01-14.pdf
0,0,2,2,51,51,18,0,0,54.8173828125,0,1,1,2,2,1,1,1,48,1,1,66,1,3,51,13,0,0,71fr63247.pdf
0,0,2,2,115,115,23,0,0,134.5517578125,0,1,2,2,2,1,5,1,44,1,1,79,1,1,115,10,0,0,i941sb.pdf
0,0,1,1,6,6,2,0,0,74.154296875,0,0,1,1,1,1,1,0,2,1,1,1,0,0,6,12,1,0,arktimep.pdf
0,0,1,1,6,6,2,0,0,73.1669921875,0,0,1,1,1,1,1,0,2,1,1,1,0,0,6,11,1,0,colainc.pdf
0,0,2,2,12,12,4,0,0,20.89453125,0,1,1,2,2,1,1,2,5,1,1,0,1,0,12,11,1,0,apeaysu.pdf
0,0,2,2,68,68,31,0,0,133.056640625,0,1,9,3,2,1,9,1,56,1,1,83,1,1,68,18,0,0,als-entity-pia.pdf
0,0,2,2,32,32,10,0,0,28.451171875,0,1,6,3,2,1,6,1,13,2,1,26,1,0,32,11,0,0,n-11-81.pdf
0,0,1,1,37,37,11,0,0,36.0986328125,0,0,4,1,1,1,4,1,26,1,1,55,0,0,37,25,0,0,Executive_Order_13354.pdf
0,0,2,2,130,130,41,0,0,143.8583984375,0,1,34,2,2,1,34,2,15,1,1,66,1,0,130,11,0,0,a-04-33.pdf
0,0,1,1,6,6,2,0,0,78.4638671875,0,0,1,1,1,1,1,0,2,1,1,1,0,0,6,12,1,0,artcntrd.pdf
0,0,2,2,23,23,7,0,0,14.6953125,0,1,3,3,2,1,3,1,19,1,1,23,1,0,23,12,0,0,rr-06-31.pdf
0,0,2,2,51,51,23,0,0,48.59375,0,1,6,3,2,1,6,1,40,1,1,59,1,1,51,11,0,0,ems-pia.pdf
0,0,2,2,304,304,55,0,0,311.2216796875,0,1,36,2,2,1,36,1,77,1,1,111,1,21,304,12,0,0,irb05-46.pdf
0,0,2,2,30,30,7,0,0,15.4228515625,0,1,5,2,2,1,5,1,13,1,1,35,1,0,30,11,0,0,n-08-05.pdf
0,0,2,2,27,27,8,0,0,46.2294921875,0,1,3,2,2,1,3,2,11,1,1,19,1,0,27,11,0,0,n-04-31.pdf
0,0,2,0,398,398,140,0,0,167.7177734375,0,0,4,2,2,1,96,2,136,1,2,122,2,0,398,12,0,0,f1120rei.pdf
0,0,2,2,11,11,3,0,0,25.7607421875,0,1,1,2,2,1,1,2,4,1,1,0,0,0,11,12,1,0,citgroup.pdf
0,0,2,2,26,26,6,0,0,15.3095703125,0,1,3,2,2,1,3,1,13,1,1,33,1,0,26,12,0,0,n-06-105.pdf
0,0,2,2,52,52,12,0,0,168.4189453125,0,1,5,2,2,1,5,1,40,1,1,67,1,0,52,11,0,0,ar-1873.pdf
0,0,2,2,19,19,4,0,0,10.8740234375,0,1,3,2,2,1,3,2,8,1,1,9,0,0,19,11,0,0,a-99-95.pdf
0,0,1,1,6,6,2,0,0,65.5771484375,0,0,1,1,1,1,1,0,2,1,1,1,0,0,6,10,1,0,andcam.pdf
0,0,2,0,34,34,31,0,0,165.046875,0,1,1,2,2,0,2,2,10,0,2,1,1,0,34,21,0,0,cleveland_library.pdf
0,0,2,2,26,26,14,0,0,96.7412109375,0,1,1,2,2,1,2,1,25,1,1,5,1,0,26,12,0,0,assocpai.pdf
0,0,2,2,96,96,60,0,0,164.4638671875,0,1,3,3,2,1,3,1,64,1,1,97,1,0,96,20,0,0,cp22a_vietnamese.pdf
0,0,5,0,93,93,85,0,0,96.0595703125,0,0,2,6,5,0,30,5,63,0,5,14,4,0,93,8,0,0,f945.pdf
0,0,2,2,42,42,13,0,0,81.6318359375,0,1,7,2,2,1,7,2,13,1,1,31,1,0,42,12,0,0,rp-03-86.pdf
0,0,2,2,321,321,72,0,0,181.126953125,0,1,25,3,2,1,25,1,496,1,1,83,1,77,321,32,0,0,nta_testimony_idtheft_032012.pdf
1,2,2,2,215,215,18,0,0,71.2294921875,0,1,2,2,2,1,2,4,231,1,1,59,1,26,215,22,0,1,f8849s6_accessible.pdf
0,0,2,2,11,11,3,0,0,24.130859375,0,1,1,2,2,1,1,2,4,1,1,0,0,0,11,9,1,0,claps.pdf
0,0,2,2,25,25,6,0,0,16.357421875,0,1,4,2,2,1,4,1,11,1,1,24,1,0,25,11,0,0,n-06-95.pdf
0,0,2,2,188,188,61,0,0,107.0419921875,0,1,48,2,2,1,48,1,28,1,1,134,1,0,188,16,0,0,0_ea-2a_1108.pdf
0,0,3,0,17,17,13,0,0,16.2021484375,0,0,1,3,3,1,1,3,11,1,3,1,2,0,17,10,0,0,ffc104.pdf
0,0,2,2,119,119,75,0,0,79.3408203125,0,1,3,3,2,1,11,1,83,1,1,86,1,0,119,16,0,0,cp30_english.pdf
0,0,4,0,208,208,202,0,0,108.9951171875,0,0,2,4,4,0,152,4,174,0,4,77,2,0,208,7,0,0,f56.pdf
1,4,4,4,222,222,77,0,0,323.4931640625,0,0,2,4,4,4,16,4,90,4,4,64,4,18,222,13,0,1,67fr46698.pdf
0,0,1,1,28,28,5,0,0,40.1103515625,0,0,2,1,1,1,2,1,23,1,1,43,0,0,28,12,0,0,69fr8821.pdf
0,0,2,2,34,34,22,0,0,89.298828125,0,1,1,2,2,1,2,1,33,1,1,5,1,0,34,14,0,0,autoglassw.pdf
0,0,4,4,180,180,56,0,0,201.0322265625,0,0,43,4,4,6,43,3,36,6,3,113,3,1,180,38,0,0,2009_-_2010_priority_guidance_plan.pdf
0,0,3,0,64,64,55,0,0,66.38671875,0,0,5,3,3,0,20,3,39,0,3,10,1,0,64,11,0,0,f1098ma.pdf
0,0,2,2,29,29,12,1,0,153.525390625,0,1,5,2,2,0,5,1,11,1,1,0,1,0,29,23,0,0,cable-rate-petition.pdf
0,0,2,2,128,128,29,0,0,83.1064453125,0,1,16,3,2,1,16,1,143,1,1,64,1,20,128,45,0,0,multi-gateway_files_dec_2011_english_fy12.pdf
0,0,2,2,27,27,9,0,0,17.3046875,0,1,4,3,2,1,4,1,20,1,1,24,1,0,27,11,0,0,n-06-70.pdf
0,0,2,0,32,32,29,0,0,139.5,0,1,1,2,2,0,2,2,10,0,2,2,1,0,32,15,0,0,america_cup.pdf
0,0,2,2,38,38,14,0,0,34.4541015625,0,1,4,3,2,1,4,1,34,1,1,42,1,1,38,13,0,0,linus-pia.pdf
0,0,2,2,12,12,4,0,0,16.66796875,0,1,1,2,2,1,1,2,5,1,1,0,1,0,12,12,1,0,ccviiles.pdf
0,0,2,2,39,39,13,0,0,123.494140625,0,1,2,2,2,1,2,2,13,1,1,30,0,0,39,13,0,0,65fr48913.pdf
0,0,2,2,41,41,16,0,0,39.0615234375,0,1,9,3,2,1,9,1,29,1,1,52,1,0,41,11,0,0,n-06-31.pdf
0,0,1,1,24,24,5,0,0,18.82421875,0,0,5,1,1,1,5,1,7,1,1,11,0,0,24,11,0,0,9902018.pdf
0,0,2,2,34,34,22,0,0,121.3154296875,0,1,1,2,2,1,2,1,33,1,1,5,1,0,34,14,0,0,boardofedu.pdf
0,0,2,0,114,114,96,0,0,191.1826171875,0,1,16,2,2,0,16,2,57,0,2,16,2,0,114,9,0,0,p1771.pdf
0,0,2,0,81,81,65,0,0,373.0849609375,0,1,14,2,2,0,14,2,27,0,2,14,14,0,81,20,0,0,11eofallbulteorg.pdf
2,3,2,4,224,224,67,0,0,81.044921875,0,0,2,6,2,2,43,6,207,2,5,66,2,38,224,21,0,1,f5712a_accessible.pdf
0,0,3,3,190,190,29,0,0,143.7177734375,0,0,4,3,3,2,7,2,57,2,2,86,2,3,190,10,0,0,i1120w.pdf
0,0,1,1,6,6,2,0,0,66.00390625,0,0,1,1,1,1,1,0,2,1,1,1,0,0,6,12,1,0,chipndal.pdf
0,0,1,1,108,108,31,0,0,51.1435546875,0,0,31,1,1,1,31,1,9,1,1,41,0,0,108,11,0,0,rp98-27.pdf
0,0,2,2,190,190,179,0,0,37.923828125,0,1,2,2,2,1,2,2,6,1,1,6,1,0,190,7,0,0,189.pdf
0,0,2,2,21,21,6,0,0,44.078125,0,1,1,2,2,1,1,2,11,1,1,17,1,0,21,11,0,0,n-03-74.pdf
0,0,2,0,29,29,25,0,0,59.216796875,0,1,2,2,2,0,0,2,10,0,2,0,1,0,29,38,0,0,bsa_letter_regarding_exemption_4_5.pdf
0,0,4,0,70,70,61,0,0,99.0654296875,0,0,4,5,4,0,14,4,41,0,4,10,3,0,70,10,0,0,f990si.pdf
0,0,2,2,39,39,14,0,0,40.0390625,0,1,5,3,2,1,5,1,36,1,1,44,1,1,39,13,0,0,edims-pia.pdf
0,0,3,0,96,96,88,0,0,104.2001953125,0,0,4,3,3,0,43,3,65,0,3,17,1,0,96,20,0,0,f8703_accessible.pdf
0,0,2,2,292,292,33,0,0,187.4052734375,0,1,10,2,2,1,15,1,60,1,1,87,1,8,292,9,0,0,ict1x.pdf
0,0,2,2,818,818,19,1,0,162.6298828125,0,1,13,2,2,1,13,2,695,1,1,37,1,0,818,12,0,0,rp-03-85.pdf
0,0,2,2,125,125,11,1,0,58.1455078125,0,1,5,2,2,1,5,2,89,1,1,29,1,0,125,12,0,0,rp-02-49.pdf
0,0,3,3,159,159,29,0,0,156.998046875,0,0,5,3,3,2,10,2,47,2,2,82,2,0,159,9,0,0,i8928.pdf
0,0,2,2,301,301,34,0,0,174.876953125,0,1,9,2,2,1,13,1,92,1,1,95,1,21,301,9,0,0,iw3ss.pdf
0,0,3,0,52,52,47,0,0,206.1728515625,0,0,2,3,3,1,2,3,24,1,3,2,5,0,52,9,0,0,p4600.pdf
0,0,1,1,6,6,2,0,0,83.1484375,0,0,1,1,1,1,1,0,2,1,1,1,0,0,6,13,1,0,comsimllc.pdf
0,0,4,0,66,66,60,0,0,71.37890625,0,0,1,5,4,0,20,4,48,0,4,8,3,0,66,10,0,0,f1042t.pdf
0,0,2,2,113,113,10,1,0,84.423828125,0,1,3,2,2,1,3,2,100,1,1,35,1,0,113,12,0,0,rp-03-13.pdf
0,0,3,0,67,67,62,0,0,69.654296875,0,0,1,3,3,0,22,3,43,0,3,8,1,0,67,20,0,0,f7004_accessible.pdf
0,0,2,2,138,138,39,0,0,117.75390625,0,1,38,2,2,1,38,2,15,1,1,66,0,0,138,19,0,0,lilo_2003-10-16.pdf
0,0,2,2,56,56,22,0,0,67.3505859375,0,1,2,3,2,1,2,1,39,1,1,119,1,0,56,19,0,0,2011_sdc_agenda.pdf
0,0,2,2,83,83,20,0,0,190.71875,0,1,1,2,2,1,2,1,66,1,1,42,1,2,83,14,0,0,conf_board.pdf
0,0,3,4,142,142,77,0,0,200.8056640625,0,0,29,6,3,2,30,4,105,2,4,109,2,2,142,22,0,0,forum11_compliance.pdf
0,0,2,2,32,32,10,0,0,124.529296875,0,1,1,3,2,1,1,1,27,1,1,44,1,1,32,15,0,0,ir-09-84_cn.pdf
0,0,2,2,152,152,27,0,0,152.6328125,0,1,6,2,2,1,9,1,44,1,1,83,1,1,152,9,0,0,i5405.pdf
0,0,2,2,53,53,14,0,0,43.0029296875,0,1,2,2,2,1,2,2,31,1,1,38,1,2,53,13,0,0,67fr58550.pdf
0,0,2,2,47,47,13,0,0,23.3994140625,0,1,12,2,2,1,12,2,7,1,1,16,0,0,47,12,0,0,rp-00-26.pdf
0,0,2,2,11,11,3,0,0,29.806640625,0,1,1,2,2,1,1,2,4,1,1,0,0,0,11,9,1,0,aimcc.pdf
0,0,2,2,48,48,19,0,0,39.4130859375,0,1,14,3,2,1,14,1,29,1,1,34,1,0,48,11,0,0,n-06-09.pdf
0,0,2,2,11,11,3,0,0,27.9169921875,0,1,1,2,2,1,1,2,4,1,1,0,0,0,11,12,1,0,charltpb.pdf
0,0,2,2,28,28,8,0,0,25.822265625,0,1,4,2,2,1,4,2,10,1,1,14,1,0,28,13,0,0,rr-03-122.pdf
0,0,2,2,36,36,10,0,0,19.3388671875,0,1,7,2,2,1,7,1,11,1,1,27,1,0,36,12,0,0,rr-11-26.pdf
0,0,2,2,79,79,23,0,0,45.3056640625,0,1,20,2,2,1,20,1,13,1,1,50,1,0,79,11,0,0,n-09-50.pdf
0,0,2,0,37,37,31,0,0,47.0498046875,0,0,2,3,2,0,2,2,16,0,2,2,1,0,37,9,0,0,f8653.pdf
0,0,2,2,41,41,9,1,0,20.6298828125,0,1,7,2,2,1,7,2,15,1,1,32,0,0,41,11,0,0,n-01-37.pdf
0,0,1,1,6,6,2,0,0,74.197265625,0,0,1,1,1,1,1,0,2,1,1,1,0,0,6,12,1,0,btnacces.pdf
0,0,2,2,92,92,19,0,0,105.0693359375,0,1,1,2,2,1,2,1,77,1,1,26,1,6,92,12,0,0,afic_inc.pdf
0,0,2,2,63,63,17,0,0,38.294921875,0,1,14,2,2,1,14,1,15,1,1,54,1,0,63,11,0,0,n-09-35.pdf
0,0,2,2,511,511,31,0,0,143.7265625,0,1,9,2,2,1,12,2,627,1,1,42,1,18,511,13,0,0,68fr23241.pdf
0,0,2,2,25,25,13,0,0,100.583984375,0,1,1,2,2,1,2,1,24,1,1,5,1,0,25,13,0,0,acdsystem.pdf
0,0,2,2,127,127,24,0,0,190.0859375,0,1,1,2,2,1,2,1,96,1,1,57,1,3,127,22,0,0,bradley_hennenfent.pdf
0,0,2,2,11,11,3,0,0,22.0556640625,0,1,1,2,2,1,1,2,4,1,1,0,0,0,11,12,1,0,chacomvi.pdf
0,0,1,1,79,79,21,0,0,72.8134765625,0,0,21,1,1,1,21,1,13,1,1,49,0,0,79,28,0,0,notice_2003-81_cip_final.pdf
0,0,3,0,52,52,46,0,0,70.1640625,0,0,2,3,3,0,2,3,24,0,3,2,1,0,52,20,0,0,f8859_accessible.pdf
0,0,1,1,30,30,4,0,0,14.52734375,0,0,1,1,1,1,1,4,18,1,1,11,1,0,30,20,0,0,Andrew_Henderson.pdf
0,0,2,2,11,11,3,0,0,25.66796875,0,1,1,2,2,1,1,2,4,1,1,0,0,0,11,13,1,0,cobra2_di.pdf
0,0,2,2,27,27,10,0,0,19.1650390625,0,1,4,3,2,1,4,1,22,1,1,32,1,0,27,12,0,0,rr-12-07.pdf
0,0,1,1,6,6,2,0,0,82.2548828125,0,0,1,1,1,1,1,0,2,1,1,1,0,0,6,12,1,0,allpostr.pdf
0,0,2,0,52,52,47,0,0,355.3603515625,0,0,2,3,2,1,2,2,18,1,2,2,8,0,52,11,0,0,p4591vn.pdf
0,0,2,2,59,59,28,0,0,119.6376953125,0,1,8,3,2,0,8,1,39,1,1,56,1,2,59,72,0,0,Revised Tech Instructions Phys Mental Substance Disorders - June2010.pdf
0,0,1,1,26,26,6,0,0,13.8115234375,0,0,6,1,1,1,6,1,6,1,1,10,0,0,26,11,0,0,n-99-25.pdf
0,0,2,2,766,766,24,1,0,162.77734375,0,1,18,2,2,1,18,2,560,1,1,42,1,0,766,12,0,0,rp-02-70.pdf
0,0,2,2,42,42,14,0,0,127.966796875,0,1,3,2,2,1,3,2,13,1,1,31,0,0,42,13,0,0,65fr35673.pdf
0,0,2,2,27,27,10,0,0,20.7265625,0,1,4,3,2,1,4,1,21,1,1,35,1,0,27,12,0,0,rr-10-11.pdf
0,0,2,2,25,25,9,0,0,17.1123046875,0,1,5,3,2,1,5,1,19,1,1,15,1,0,25,11,0,0,n-11-72.pdf
0,0,2,2,152,152,27,0,0,235.45703125,0,1,1,2,2,1,2,1,113,1,1,70,1,3,152,14,0,0,answerport.pdf
0,0,2,2,32,32,8,0,0,29.8837890625,0,1,5,3,2,1,5,1,17,2,1,45,1,0,32,12,0,0,rp-10-48.pdf
0,0,2,2,132,132,14,1,0,81.654296875,0,1,6,2,2,1,6,2,97,1,1,46,1,0,132,12,0,0,rp-02-15.pdf
0,0,2,2,122,122,34,0,0,95.75390625,0,1,31,2,2,1,31,1,21,1,1,101,1,0,122,12,0,0,rp-07-71.pdf
0,0,3,0,60,60,54,0,0,122.296875,0,0,2,3,3,0,2,3,24,0,3,2,1,0,60,9,0,0,f4797.pdf
0,0,1,1,6,6,2,0,0,80.46484375,0,0,1,1,1,1,1,0,2,1,1,1,0,0,6,12,1,0,atlcbbd2.pdf
0,0,2,2,136,136,58,0,0,146.8466796875,0,1,44,3,2,1,44,1,75,1,1,129,1,0,136,11,0,0,n-06-24.pdf
0,0,2,2,11,11,3,0,0,32.134765625,0,1,1,2,2,1,1,2,4,1,1,0,0,0,11,12,1,0,aztravel.pdf
0,0,2,2,140,140,41,1,0,108.8701171875,0,1,32,2,2,1,32,2,20,1,1,69,0,2,140,11,0,0,n-01-57.pdf
0,0,2,0,282,282,274,0,0,332.8916015625,0,1,6,2,2,0,228,2,241,0,2,80,1,0,282,35,0,0,formw8benentityexeccirculation2.pdf
0,0,1,1,6,6,2,0,0,77.6083984375,0,0,1,1,1,1,1,0,2,1,1,1,0,0,6,12,1,0,comimedl.pdf
0,0,3,0,262,262,250,0,0,335.1982421875,0,0,8,3,3,0,159,3,184,0,3,69,1,0,262,10,0,0,f1120l.pdf
0,0,1,1,15,15,1,0,0,2.595703125,0,0,1,1,1,1,1,1,18,1,1,9,0,6,15,28,0,0,purepdf_helloworldanchor.pdf
0,0,4,4,92,92,29,0,0,73.498046875,0,0,2,5,4,3,2,3,78,3,3,58,3,18,92,9,0,0,f8308.pdf
0,0,2,2,26,26,14,0,0,97.8056640625,0,1,1,2,2,1,2,1,25,1,1,5,1,0,26,12,0,0,broadcla.pdf
0,0,2,2,11,11,3,0,0,24.0078125,0,1,1,2,2,1,1,2,4,1,1,0,0,0,11,12,1,0,bizfilng.pdf
0,0,2,2,795,795,52,0,0,326.76953125,0,1,25,2,2,1,30,1,375,1,1,122,1,272,795,9,0,0,iw2w3.pdf
0,0,2,2,38,38,13,0,0,26.0654296875,0,1,8,3,2,1,8,1,29,1,1,38,1,1,38,11,0,0,n-12-04.pdf
0,0,2,2,11,11,3,0,0,13.62890625,0,1,1,2,2,1,1,2,4,1,1,0,0,0,11,11,1,0,asicmns.pdf
2,2,3,3,95,95,18,0,0,280.1845703125,0,0,2,3,3,2,2,5,94,2,2,41,2,6,95,10,0,1,f13324.pdf
0,0,2,2,34,34,10,0,0,20.3232421875,0,1,7,2,2,1,7,1,9,1,1,17,1,0,34,12,0,0,rr-07-20.pdf
0,0,1,1,6,6,2,0,0,91.26171875,0,0,1,1,1,1,1,0,2,1,1,1,0,0,6,11,1,0,belfnet.pdf
0,0,2,2,62,62,26,0,0,43.0439453125,0,1,2,2,2,1,2,1,38,1,1,58,1,0,62,13,0,0,i1099q_10.pdf
0,0,2,0,32,32,29,0,0,153.75,0,1,1,2,2,0,2,2,10,0,2,2,1,0,32,26,0,0,black_heritage_network.pdf
0,0,2,2,301,301,268,0,0,263.55859375,0,0,1,2,2,2,2,2,408,2,2,77,3,0,301,27,0,0,Vietnamese_CNAstatement.pdf
0,0,3,4,216,216,62,0,0,124.0556640625,0,0,2,4,3,2,29,3,262,2,2,154,2,85,215,8,0,0,f943.pdf
0,0,1,1,6,6,2,0,0,74.275390625,0,0,1,1,1,1,1,0,2,1,1,1,0,0,6,12,1,0,amainter.pdf
0,0,2,2,135,135,13,1,0,72.9033203125,0,1,7,2,2,1,7,2,99,1,1,31,1,0,135,12,0,0,rr-02-84.pdf
0,0,2,2,53,53,12,0,0,240.6865234375,0,1,5,3,2,1,5,1,44,1,1,55,1,2,53,50,0,0,Inheritances Money Laundering pagewoclearances.pdf
0,0,1,1,44,44,12,0,0,61.390625,0,0,4,1,1,1,4,1,34,1,1,72,0,0,44,13,0,0,69fr30577.pdf
0,0,2,2,36,36,10,0,0,21.720703125,0,1,7,2,2,1,7,1,11,1,1,27,1,0,36,11,0,0,n-09-13.pdf
0,0,1,1,32,32,8,0,0,36.3671875,0,0,8,1,1,1,8,1,6,1,1,12,0,0,32,11,0,0,rp99-23.pdf
0,0,2,2,140,140,43,0,0,147.0546875,0,1,28,2,2,1,28,2,34,1,1,85,0,0,140,12,0,0,p3--2000.pdf
0,0,3,3,80,80,32,0,0,61.88671875,0,0,12,3,3,2,14,2,21,2,2,41,2,0,80,11,0,0,102901f.pdf
0,0,2,2,30,30,9,0,0,56.7314453125,0,1,3,2,2,1,3,2,13,1,1,27,1,0,30,12,0,0,rr-04-13.pdf
0,0,3,0,45,45,40,0,0,62.4443359375,0,0,1,3,3,0,1,3,22,0,3,1,1,0,45,23,0,0,f1120ssd_accessible.pdf
0,0,2,2,74,74,18,0,0,53.9697265625,0,1,2,2,2,1,6,2,50,1,1,38,1,13,74,13,0,0,68fr17838.pdf
0,0,2,2,30,30,8,0,0,16.23046875,0,1,5,2,2,1,5,1,11,1,1,25,1,0,30,11,0,0,a-06-49.pdf
0,1,4,4,261,261,123,0,0,280.185546875,0,0,2,4,4,3,105,4,238,3,3,78,3,100,261,9,0,0,f8233.pdf
0,0,2,2,11,11,3,0,0,27.033203125,0,1,1,2,2,1,1,2,4,1,1,0,0,0,11,12,1,0,anddavt8.pdf
0,0,2,2,39,39,12,0,0,15.646484375,0,1,3,2,2,1,3,2,12,1,1,11,1,0,39,7,0,0,172.pdf
0,0,1,1,374,374,30,0,0,132.078125,0,0,24,1,1,2,25,1,288,2,1,40,1,1,374,14,0,0,eotopicn99.pdf
0,0,2,2,47,47,16,0,0,36.009765625,0,1,10,3,2,1,10,1,40,1,1,43,1,3,47,11,0,0,n-06-13.pdf
0,0,3,0,70,70,64,0,0,84.025390625,0,0,2,3,3,0,20,3,45,0,3,8,1,0,70,20,0,0,f8878_accessible.pdf
0,0,2,2,32,32,20,0,0,86.2119140625,0,1,1,2,2,1,2,1,33,1,1,5,1,0,32,10,0,0,cannei.pdf
0,0,2,0,41,41,37,0,0,245.7646484375,0,1,2,2,2,0,3,2,13,0,2,2,1,0,41,14,0,0,c3_metrics.pdf
0,0,2,2,224,223,59,0,0,368.93359375,0,0,56,2,2,2,58,2,110,2,2,108,2,28,223,11,0,0,98scorp.pdf
0,0,2,2,33,33,21,0,0,96.791015625,0,1,1,2,2,1,2,1,34,1,1,5,1,0,33,11,0,0,clarcoi.pdf
0,0,2,2,11,11,3,0,0,28.1337890625,0,1,1,2,2,1,1,2,4,1,1,0,0,0,11,12,1,0,codeitcp.pdf
0,0,1,1,6,6,2,0,0,72.7119140625,0,0,1,1,1,1,1,0,2,1,1,1,0,0,6,15,1,0,caloptassoc.pdf
0,0,2,2,186,186,30,0,0,148.1455078125,0,1,6,2,2,1,9,1,62,1,1,88,1,7,186,10,0,0,i1120h.pdf
0,0,2,2,39,39,10,0,0,17.3095703125,0,1,8,2,2,1,8,2,12,1,1,26,1,0,39,13,0,0,20032401f.pdf
0,0,2,0,122,122,111,0,0,160.984375,0,1,9,2,2,0,63,2,76,0,2,27,1,0,122,9,0,0,fw2vi.pdf
0,0,1,1,20,20,4,0,0,17.03515625,0,0,4,1,1,1,4,1,6,1,1,8,0,0,20,10,0,0,rr99-3.pdf
0,0,3,0,50,50,44,0,0,64.44921875,0,0,2,3,3,0,2,3,22,0,3,2,1,0,50,22,0,0,f1120sg_accessible.pdf
0,0,2,2,52,52,21,0,0,66.27734375,0,1,4,2,2,1,4,1,35,1,1,66,1,0,52,13,0,0,70fr44049.pdf
0,0,2,0,35,35,32,0,0,132.625,0,1,1,2,2,0,2,2,8,0,2,1,1,0,35,12,0,0,academia.pdf
0,0,3,0,182,182,176,0,0,190.5546875,0,0,2,3,3,0,131,3,152,0,3,45,1,0,182,9,0,0,f8938.pdf
0,0,3,0,103,103,96,0,0,158.125,0,0,3,3,3,0,27,3,46,0,3,11,1,0,103,21,0,0,f941sr_accessible.pdf
0,0,1,1,357,357,18,0,0,92.720703125,0,0,12,1,1,2,13,1,309,2,1,28,1,1,357,14,0,0,eotopicm99.pdf
0,0,2,2,36,36,8,0,0,32.4716796875,0,1,4,2,2,1,4,1,19,1,1,65,1,0,36,11,0,0,n-08-24.pdf
0,0,3,3,217,217,27,0,0,167.966796875,0,0,6,3,3,2,8,2,49,2,2,79,2,3,217,9,0,0,i8038.pdf
0,0,1,1,6,6,2,0,0,79.6982421875,0,0,1,1,1,1,1,0,2,1,1,1,0,0,6,12,1,0,arbitron.pdf
0,0,3,0,61,61,54,0,0,258.8310546875,0,0,3,3,3,0,18,3,37,0,3,7,1,0,61,21,0,0,f5310a_accessible.pdf
0,0,2,2,41,41,8,0,0,49.8193359375,0,1,4,3,2,1,4,1,26,2,1,65,1,1,41,11,0,0,n-11-75.pdf
0,0,1,0,59,59,50,0,0,190.2705078125,0,1,7,2,1,0,7,1,25,0,1,7,9,0,59,9,0,0,p4128.pdf
0,0,2,2,84,84,25,0,0,74.802734375,0,1,20,2,2,1,20,1,18,1,1,63,1,0,84,24,0,0,fy_2011_teb_workplan.pdf
0,0,2,2,121,121,20,0,0,183.193359375,0,1,1,2,2,1,2,1,95,1,1,42,1,2,121,20,0,0,antenna_volantis.pdf
0,0,2,2,22,22,10,0,0,82.1884765625,0,1,1,2,2,1,2,1,21,1,1,5,1,0,22,11,0,0,coldwtr.pdf
0,0,2,2,60,60,48,0,0,128.5849609375,0,1,1,2,2,1,2,1,61,1,1,5,1,0,60,11,0,0,boomity.pdf
0,0,3,0,66,66,60,0,0,103.4951171875,0,0,2,3,3,0,2,3,23,0,3,2,1,0,66,23,0,0,f1065sd1_accessible.pdf
0,0,2,2,32,32,10,0,0,118.0869140625,0,1,3,2,2,1,3,1,16,1,1,36,1,0,32,21,0,0,ir-2011-14_korean.pdf
0,0,2,2,11,11,3,0,0,24.517578125,0,1,1,2,2,1,1,2,4,1,1,0,0,0,11,11,1,0,bitpipe.pdf
0,1,2,2,325,325,163,0,0,282.4287109375,0,1,3,2,2,1,147,1,311,1,1,78,1,129,325,9,0,0,f720x.pdf
0,0,3,0,60,60,52,0,0,87.84375,0,0,4,3,3,0,11,3,33,0,3,11,1,0,60,9,0,0,f8864.pdf
0,0,2,2,11,11,3,0,0,25.8994140625,0,1,1,2,2,1,1,2,4,1,1,0,0,0,11,12,1,0,brdgfrst.pdf
0,0,2,2,199,199,24,0,0,240.0634765625,0,1,1,2,2,1,2,1,158,1,1,57,1,1,199,24,0,0,arrow_communications.pdf
0,0,2,2,54,54,25,0,0,85.3515625,0,1,4,3,2,1,4,1,34,1,1,63,1,1,54,11,0,0,n-09-57.pdf
0,0,4,0,47,47,41,0,0,72.5263671875,0,0,1,5,4,0,2,4,30,0,4,2,3,0,47,9,0,0,f8941.pdf
0,0,2,2,30,30,9,0,0,43.271484375,0,1,4,2,2,1,4,2,11,1,1,20,1,0,30,12,0,0,rr-04-23.pdf
0,0,2,2,23,23,6,0,0,11.1015625,0,1,4,2,2,1,4,1,9,1,1,14,1,0,23,11,0,0,n-05-70.pdf
0,0,2,2,116,116,24,0,0,142.765625,0,1,3,2,2,1,6,1,48,1,1,77,1,2,116,11,0,0,i941prb.pdf
0,0,2,2,31,31,10,0,0,20.4140625,0,1,6,3,2,1,6,1,24,1,1,36,1,0,31,11,0,0,n-08-95.pdf
0,0,1,0,1175,1175,28,0,0,276.845703125,0,0,1,1,1,1,1,32,1309,1,1,46,1,65,1175,18,0,0,antenna_canada.pdf
0,0,2,2,46,46,13,0,0,35.3994140625,0,1,8,2,2,1,8,1,17,1,1,51,1,0,46,12,0,0,rp-11-44.pdf
0,0,3,0,124,124,116,0,0,103.5712890625,0,0,4,3,3,0,70,3,92,0,3,26,1,0,124,20,0,0,f8840_accessible.pdf
0,0,1,1,6,6,2,0,0,67.376953125,0,0,1,1,1,1,1,0,2,1,1,1,0,0,6,8,1,0,alta.pdf
0,0,3,0,176,176,169,0,0,154.8017578125,0,0,3,3,3,0,107,3,128,0,3,37,1,0,176,12,0,0,f1120ls3.pdf
0,0,1,1,6,6,2,0,0,78.6552734375,0,0,1,1,1,1,1,0,2,1,1,1,0,0,6,12,1,0,ckrwbhst.pdf
3,0,4,4,159,158,67,0,0,177.5498046875,0,0,2,6,4,3,9,3,126,3,3,171,3,0,158,12,0,0,p4346dru.pdf
0,0,2,2,70,70,17,0,0,139.5908203125,0,0,2,2,2,2,7,2,60,2,2,69,1,1,70,13,0,0,75fr15390.pdf
0,0,2,2,38,38,9,0,0,21.865234375,0,1,6,2,2,1,6,1,17,1,1,57,1,0,38,11,0,0,n-10-77.pdf
0,0,2,2,450,450,54,0,0,228.0712890625,0,1,30,3,2,1,30,1,748,1,1,93,1,134,450,40,0,0,nta_testimony_houseapprops_030507_v7.pdf
0,0,2,2,35,35,10,0,0,19.435546875,0,1,2,2,2,1,2,2,15,1,1,27,0,0,35,13,0,0,63fr59235.pdf
0,0,2,0,25,25,21,0,0,21.962890625,0,1,2,2,2,0,0,2,5,0,2,0,1,0,25,11,0,0,12-0027.pdf
0,0,2,2,20,20,5,0,0,11.2880859375,0,1,3,2,2,1,3,1,9,1,1,13,1,0,20,12,0,0,rr-07-07.pdf
0,0,2,0,34,34,29,0,0,42.66015625,0,1,3,3,2,0,1,2,8,0,2,1,1,0,34,12,0,0,sampling.pdf
0,0,2,2,23,23,8,0,0,16.0205078125,0,1,3,3,2,1,3,1,17,1,1,13,1,0,23,11,0,0,n-12-34.pdf
0,0,2,2,51,51,20,0,0,39.9609375,0,1,11,3,2,1,11,1,34,1,1,49,1,0,51,12,0,0,rr-08-47.pdf
0,0,2,2,37,37,10,0,0,25.1044921875,0,1,8,2,2,1,8,1,11,1,1,28,1,0,37,12,0,0,rr-04-87.pdf
0,0,2,2,36,36,23,0,0,100.0009765625,0,1,2,2,2,1,3,1,40,1,1,5,1,0,36,11,0,0,conopco.pdf
0,0,2,2,107,107,24,0,0,207.357421875,0,1,1,2,2,1,2,1,74,1,1,57,1,1,107,20,0,0,american_weather.pdf
0,0,2,2,11,11,3,0,0,28.3388671875,0,1,1,2,2,1,1,2,4,1,1,0,0,0,11,7,1,0,asc.pdf
0,0,2,2,12,12,4,0,0,19.962890625,0,1,1,2,2,1,1,2,5,1,1,0,1,0,12,12,1,0,bosonsft.pdf
0,0,2,2,11,11,3,0,0,32.0830078125,0,1,1,2,2,1,1,2,4,1,1,0,0,0,11,12,1,0,clevlnlv.pdf
0,0,1,1,6,6,2,0,0,74.0517578125,0,0,1,1,1,1,1,0,2,1,1,1,0,0,6,13,1,0,allpropub.pdf
0,0,1,1,22,22,5,0,0,122.0,0,0,2,1,1,1,2,1,13,1,1,32,0,0,22,13,0,0,65fr14505.pdf
0,0,2,2,3146,3146,14,1,0,377.3466796875,0,1,8,2,2,1,8,2,1412,1,1,32,1,0,3146,12,0,0,rp-02-45.pdf
0,0,3,3,407,407,25,0,0,91.88671875,0,0,9,3,3,3,18,2,359,3,2,72,1,0,407,12,0,0,hairtrac.pdf
0,0,2,2,29,29,17,0,0,78.6484375,0,1,1,2,2,1,2,1,28,1,1,5,1,0,29,15,0,0,cazoodleinc.pdf
0,0,2,2,11,11,3,0,0,26.5087890625,0,1,1,2,2,1,1,2,4,1,1,0,0,0,11,9,1,0,cdpwr.pdf
110,111,2,2,602,602,32,0,0,399.8955078125,0,0,4,2,2,2,8,7,499,2,2,60,2,55,602,10,0,1,f13979.pdf
0,0,2,2,37,37,11,0,0,29.7509765625,0,1,8,3,2,1,8,1,14,2,1,28,1,0,37,12,0,0,rp-11-56.pdf
0,0,2,2,34,34,10,0,0,22.8408203125,0,1,6,2,2,1,6,1,13,1,1,29,1,0,34,11,0,0,n-08-20.pdf
0,0,2,2,31,31,9,0,0,14.783203125,0,1,5,2,2,1,5,1,13,1,1,23,1,0,31,12,0,0,rr-07-71.pdf
0,0,2,2,55,55,19,0,0,45.2744140625,0,1,13,3,2,1,13,1,38,1,1,53,1,1,55,11,0,0,n-09-70.pdf
0,0,2,2,43,43,16,0,0,53.9619140625,0,1,2,2,2,1,2,1,38,1,1,51,1,2,43,13,0,0,70fr44878.pdf
0,0,3,0,151,151,138,0,0,251.8974609375,0,0,9,3,3,0,72,3,92,0,3,30,1,0,151,20,0,0,f8947_accessible.pdf
0,0,2,2,23,23,5,0,0,13.2587890625,0,1,2,2,2,1,2,1,17,1,1,23,1,0,23,13,0,0,aod200705.pdf
0,0,2,2,11,11,3,0,0,19.9541015625,0,1,1,2,2,1,1,2,4,1,1,0,0,0,11,12,1,0,apstream.pdf
0,0,2,2,26,26,6,0,0,14.107421875,0,1,4,2,2,1,4,2,11,1,1,18,1,0,26,14,0,0,101watkins.pdf
0,0,3,0,58,58,52,0,0,75.21875,0,0,2,3,3,0,14,3,34,0,3,6,1,0,58,9,0,0,f8655.pdf
0,0,1,1,41,41,8,0,0,133.3505859375,0,0,1,1,1,1,1,1,14,1,1,49,0,0,41,20,0,0,Alison_Lindstrom.pdf
0,0,1,1,158,158,18,0,0,134.3466796875,0,0,18,1,1,1,18,1,64,1,1,165,0,0,158,12,0,0,irb96-22.pdf
0,0,2,0,15,15,12,0,0,10.40234375,0,1,1,2,2,0,1,3,7,0,2,1,1,0,15,14,0,0,Alex_Matei.pdf
0,0,2,2,111,111,28,0,0,57.5,0,0,4,2,2,2,26,2,85,2,2,65,2,42,111,12,0,0,f12153sp.pdf
0,0,2,2,36,36,24,0,0,89.0537109375,0,1,1,2,2,1,2,1,35,1,1,5,1,0,36,15,0,0,avenuemedia.pdf
0,0,1,1,6,6,2,0,0,83.7822265625,0,0,1,1,1,1,1,0,2,1,1,1,0,0,6,13,1,0,ameronthe.pdf
0,0,1,1,6,6,2,0,0,72.5361328125,0,0,1,1,1,1,1,0,2,1,1,1,0,0,6,12,1,0,backfnce.pdf
0,0,2,2,21,21,9,0,0,69.8291015625,0,1,1,2,2,1,2,1,20,1,1,5,1,0,21,12,0,0,almasuin.pdf
0,0,2,2,28,28,9,0,0,18.7314453125,0,1,3,3,2,1,3,1,22,1,1,44,1,0,28,12,0,0,rr-09-17.pdf
0,0,2,2,1718,1718,38,0,0,307.673828125,0,1,30,2,2,1,30,1,2352,1,1,75,1,0,1718,36,0,0,nta_housebudget_testimony_021607.pdf
0,0,1,1,49,49,13,0,0,18.5908203125,0,0,11,1,1,1,12,1,7,1,1,19,0,0,49,12,0,0,rp-98-16.pdf
0,0,2,2,74,74,21,0,0,45.3486328125,0,1,19,2,2,1,19,1,13,1,1,49,1,0,74,11,0,0,n-12-19.pdf
0,0,2,2,26,26,8,0,0,20.419921875,0,1,5,3,2,1,5,1,11,2,1,15,1,0,26,11,0,0,n-11-69.pdf
0,0,2,2,33,33,10,0,0,52.509765625,0,1,4,2,2,1,4,8,13,1,1,28,1,0,33,11,0,0,n-03-51.pdf
0,0,2,0,97,97,92,0,0,128.9853515625,0,1,3,2,2,0,0,2,52,0,2,0,1,0,97,19,0,0,cp71_vietnamese.pdf
0,0,2,2,59,59,16,0,0,31.7626953125,0,1,14,2,2,1,14,1,13,1,1,44,1,0,59,12,0,0,rp-05-25.pdf
0,0,1,1,6,6,2,0,0,77.3330078125,0,0,1,1,1,1,1,0,2,1,1,1,0,0,6,12,1,0,brgmwflk.pdf
0,0,2,2,81,81,25,0,0,79.8701171875,0,1,19,2,2,1,19,2,15,1,1,44,1,0,81,12,0,0,rp-03-80.pdf
0,0,3,4,203,203,56,0,0,378.2744140625,0,0,43,5,3,2,43,5,305,2,5,125,1,61,202,18,0,0,architects_atg.pdf
0,0,1,1,6,6,2,0,0,71.6005859375,0,0,1,1,1,1,1,0,2,1,1,1,0,0,6,12,1,0,cencollg.pdf
0,0,2,2,133,133,91,0,0,73.48828125,0,1,3,3,2,0,11,1,91,1,1,74,1,0,133,17,0,0,cp12r_english.pdf
0,0,2,2,48,48,14,0,0,28.353515625,0,1,10,2,2,1,10,1,15,1,1,43,1,0,48,11,0,0,a-11-71.pdf
0,0,2,2,11,11,3,0,0,29.3701171875,0,1,1,2,2,1,1,2,4,1,1,0,0,0,11,12,1,0,biantlpd.pdf
0,0,3,0,91,91,83,0,0,163.052734375,0,0,4,3,3,0,17,3,41,0,3,11,1,0,91,20,0,0,f2220_accessible.pdf
0,0,2,2,171,171,15,1,0,89.595703125,0,1,3,2,2,1,3,2,144,1,1,19,1,0,171,11,0,0,rp92-83.pdf
0,0,3,0,77,77,70,0,0,89.35546875,0,0,3,3,3,0,36,3,58,0,3,14,1,0,77,9,0,0,f8946.pdf
0,0,1,1,6,6,2,0,0,65.3681640625,0,0,1,1,1,1,1,0,2,1,1,1,0,0,6,12,1,0,acushnet.pdf
0,0,2,2,74,74,19,0,0,69.1474609375,0,1,13,2,2,1,13,1,28,1,1,107,1,0,74,11,0,0,a-05-42.pdf
0,0,2,2,92,92,25,1,0,60.33984375,0,1,23,2,2,1,23,2,17,1,1,59,0,0,92,11,0,0,rp-01-9.pdf
0,0,2,2,55,55,17,1,0,74.080078125,0,1,2,2,2,1,2,1,37,1,1,22,1,0,55,13,0,0,20ritchie.pdf
0,0,1,1,6,6,2,0,0,77.025390625,0,0,1,1,1,1,1,0,2,1,1,1,0,0,6,12,1,0,bluwallc.pdf
0,0,2,0,101,101,95,0,0,187.4296875,0,1,4,2,2,0,0,2,51,0,2,0,1,0,101,17,0,0,cp503_chinese.pdf
0,0,2,2,62,62,52,0,0,152.810546875,0,1,1,2,2,1,2,1,65,1,1,5,1,0,62,14,0,0,acagendent.pdf
0,0,2,2,11,11,3,0,0,32.9638671875,0,1,1,2,2,1,1,2,4,1,1,0,0,0,11,12,1,0,clarksnu.pdf
0,0,2,2,69,69,21,0,0,41.826171875,0,1,16,3,2,1,16,1,40,1,1,36,1,0,69,12,0,0,rp-08-54.pdf
0,0,2,2,11,11,3,0,0,29.630859375,0,1,1,2,2,1,1,2,4,1,1,0,0,0,11,12,1,0,apollotf.pdf
0,0,1,0,21,21,16,0,0,42.236328125,0,1,3,2,1,0,0,1,7,0,1,0,1,0,21,30,0,0,irpac_2011_renewal_charter.pdf
0,0,2,2,39,39,12,0,0,75.88671875,0,1,4,2,2,1,4,2,17,1,1,44,1,0,39,13,0,0,rp-04-24_.pdf
0,0,2,2,206,206,24,0,0,247.775390625,0,1,1,2,2,1,2,1,160,1,1,57,1,0,206,25,0,0,backyard_broadcasting.pdf
0,0,2,2,28,28,11,0,0,58.2529296875,0,1,3,3,2,1,3,1,21,1,1,37,1,0,28,28,0,0,qiattachgreecerevaug2010.pdf
0,0,2,2,33,33,19,0,0,87.970703125,0,1,2,2,2,1,3,1,36,1,1,5,1,0,33,13,0,0,birchcomm.pdf
0,0,2,2,20,20,5,0,0,19.7900390625,0,1,2,3,2,1,2,1,11,2,1,12,1,0,20,11,0,0,n-11-91.pdf
0,0,1,1,6,6,2,0,0,71.6767578125,0,0,1,1,1,1,1,0,2,1,1,1,0,0,6,12,1,0,aleplory.pdf
0,0,2,2,392,392,61,0,0,329.3876953125,0,1,41,3,2,1,41,1,115,1,1,117,1,58,392,12,0,0,irb05-30.pdf
0,0,2,2,210,210,7,1,0,37.1513671875,0,1,3,2,2,1,3,2,167,1,1,13,1,0,210,13,0,0,rr-03-114.pdf
0,0,1,1,6,6,2,0,0,330.1005859375,0,0,1,1,1,1,1,1,3,1,1,0,0,0,6,24,1,0,purepdf_clippingpath.pdf
0,0,3,0,110,110,104,0,0,104.1083984375,0,0,2,3,3,0,56,3,78,0,3,20,1,0,110,22,0,0,f1040sh_accessible.pdf
0,0,2,0,17,17,14,0,0,32.568359375,0,1,1,2,2,0,1,2,7,0,2,1,1,0,17,9,0,0,Billy.pdf
0,0,2,2,25,25,6,0,0,10.609375,0,1,4,2,2,1,4,1,11,1,1,24,1,0,25,12,0,0,rr-05-32.pdf
0,0,4,0,53,53,46,0,0,69.3828125,0,0,2,5,4,0,3,4,30,0,4,3,3,0,53,9,0,0,f8859.pdf
0,0,3,0,73,73,66,0,0,137.505859375,0,0,3,3,3,0,7,3,29,0,3,7,1,0,73,21,0,0,f8804w_accessible.pdf
0,0,2,2,12,12,4,0,0,17.12890625,0,1,1,2,2,1,1,2,5,1,1,0,1,0,12,12,1,0,chrfibne.pdf
0,0,2,2,41,41,18,0,0,39.90234375,0,1,9,3,2,1,9,1,31,1,1,25,1,0,41,12,0,0,rr-06-30.pdf
0,0,4,0,102,102,63,0,0,139.400390625,0,0,6,5,4,0,22,4,105,0,4,32,3,2,102,9,0,0,f1098.pdf
0,0,1,0,48,48,26,0,0,41.466796875,0,0,6,3,1,0,0,1,67,0,1,15,1,0,48,12,0,0,f1098_11.pdf
0,0,2,0,110,110,77,0,0,93.2861328125,0,0,2,2,2,1,39,2,81,1,2,107,2,0,110,11,0,0,f1040sf.pdf
0,0,2,0,77,77,63,0,0,275.5751953125,0,1,12,3,2,0,12,2,44,0,2,12,1,0,77,9,0,0,p4336.pdf
0,0,2,2,22,22,10,0,0,71.447265625,0,1,1,2,2,1,2,1,21,1,1,5,1,0,22,13,0,0,betterlle.pdf
0,0,2,2,68,68,22,0,0,192.3310546875,0,0,16,3,2,1,16,3,84,1,3,62,0,6,68,45,0,0,20110131-Eric-Harbeson-Music-Library-Assn.pdf
0,0,2,2,745,745,29,1,0,315.876953125,0,1,20,2,2,1,20,2,520,1,1,68,1,0,745,11,0,0,a-02-46.pdf
0,0,2,2,23,23,6,0,0,11.39453125,0,1,4,2,2,1,4,1,9,1,1,14,1,0,23,12,0,0,rr-07-13.pdf
0,0,1,1,140,140,42,0,0,72.0283203125,0,0,42,1,1,1,42,1,7,1,1,48,0,0,140,10,0,0,rr98-1.pdf
0,0,2,2,27,27,6,0,0,15.5361328125,0,1,4,2,2,1,4,1,13,1,1,34,1,0,27,11,0,0,a-10-03.pdf
0,0,2,0,100,100,77,0,0,392.30078125,0,1,20,2,2,0,0,2,39,0,2,20,1,0,100,63,0,0,irs_advancing_e-file_study_phase_2_report_executive_summary.pdf
0,0,3,0,76,76,66,0,0,131.27734375,0,0,6,3,3,0,27,3,48,0,3,13,1,0,76,23,0,0,f1099div_accessible.pdf
0,0,2,2,11,11,3,0,0,29.861328125,0,1,1,2,2,1,1,2,4,1,1,0,0,0,11,12,1,0,chatecom.pdf
0,0,5,0,85,85,77,0,0,86.9208984375,0,0,3,6,5,0,31,5,60,0,5,17,4,0,85,10,0,0,f1125a.pdf
0,0,2,2,84,84,53,0,0,93.669921875,0,1,2,3,2,1,2,1,58,1,1,82,1,0,84,17,0,0,cp21b_spanish.pdf
0,0,2,2,23,23,4,0,0,11.3046875,0,1,2,2,2,1,2,2,14,1,1,30,1,0,23,11,0,0,050202f.pdf
0,0,2,2,58,58,16,0,0,101.015625,0,0,1,2,2,2,2,2,36,2,2,96,3,0,58,35,0,0,CNA Fax Sheet_GuardianOrTrustee.pdf
0,0,1,0,114,114,70,0,0,142.85546875,0,1,42,2,1,0,42,1,8,0,1,41,1,0,114,9,0,0,p6187.pdf
0,0,2,2,186,186,8,1,0,49.4013671875,0,1,4,2,2,1,4,4,166,1,1,12,1,0,186,12,0,0,rr-02-48.pdf
2,3,3,3,598,598,310,0,0,307.2841796875,0,0,4,3,3,2,293,2,556,2,2,126,2,224,598,9,0,1,f1028.pdf
0,0,2,2,39,39,10,0,0,21.283203125,0,1,8,2,2,1,8,1,13,1,1,38,1,0,39,23,0,0,reg-136596-07_anprm.pdf
0,0,2,2,138,138,39,0,0,315.57421875,0,1,23,3,2,1,23,1,165,1,1,123,1,28,138,13,0,0,ministers.pdf
0,0,1,1,6,6,2,0,0,76.263671875,0,0,1,1,1,1,1,0,2,1,1,1,0,0,6,12,1,0,acuroinc.pdf
0,0,2,2,11,11,3,0,0,26.748046875,0,1,1,2,2,1,1,2,4,1,1,0,0,0,11,12,1,0,cancropt.pdf
0,0,2,2,11,11,3,0,0,28.1142578125,0,1,1,2,2,1,1,2,4,1,1,0,0,0,11,11,1,0,aperian.pdf
0,0,2,2,372,372,58,0,0,306.1279296875,0,1,38,3,2,1,38,1,114,1,1,114,1,57,372,12,0,0,irb05-29.pdf
0,0,2,2,38,38,16,0,0,29.09765625,0,1,11,3,2,1,11,1,23,1,1,21,1,0,38,12,0,0,rp-09-26.pdf
0,0,1,1,6,6,2,0,0,75.1396484375,0,0,1,1,1,1,1,0,2,1,1,1,0,0,6,11,1,0,clikcom.pdf
0,0,5,5,218,218,87,0,0,155.205078125,0,0,2,5,5,4,76,5,111,4,4,100,0,15,218,13,0,0,65fr39819.pdf
0,0,1,1,6,6,2,0,0,88.7822265625,0,0,1,1,1,1,1,0,2,1,1,1,0,0,6,12,1,0,alexarch.pdf
0,1,2,2,118,118,25,0,0,279.6025390625,0,1,2,2,2,1,6,1,107,1,1,83,1,59,118,9,0,0,f8329.pdf
0,0,2,0,16,16,13,0,0,23.64453125,0,1,1,2,2,0,0,2,5,0,2,0,1,0,16,11,0,0,12-0021.pdf
0,0,2,2,34,34,8,0,0,21.6083984375,0,1,6,2,2,1,6,2,14,1,1,27,1,0,34,7,0,0,224.pdf
0,0,3,0,136,136,133,0,0,89.1650390625,0,0,2,4,3,0,87,3,110,0,3,41,3,0,136,9,0,0,f8918.pdf
0,1,2,2,44,44,9,0,0,169.40625,0,0,2,2,2,2,2,2,38,2,2,50,2,6,44,9,0,0,f8894.pdf
0,0,2,2,27,27,6,0,0,15.46875,0,1,4,2,2,1,4,1,13,1,1,34,1,0,27,12,0,0,rr-07-43.pdf
20,20,4,8,231,231,85,0,0,252.75,0,0,2,10,4,4,54,9,293,4,9,106,4,70,230,11,0,1,f3911sp.pdf
0,0,1,1,6,6,2,0,0,79.48828125,0,0,1,1,1,1,1,0,2,1,1,1,0,0,6,13,1,0,centphone.pdf
0,0,4,0,72,72,65,0,0,93.216796875,0,0,2,4,4,0,8,4,34,0,4,4,2,0,72,20,0,0,f4970_accessible.pdf
0,0,2,2,35,35,8,1,0,20.5859375,0,1,7,2,2,1,7,2,13,1,1,21,0,2,35,11,0,0,n-01-60.pdf
0,0,2,0,34,34,31,0,0,130.013671875,0,1,1,2,2,0,2,2,10,0,2,1,1,0,34,17,0,0,content_spree.pdf
0,0,3,3,145,145,50,0,0,325.9990234375,0,0,15,4,3,2,15,2,62,2,2,180,2,0,145,17,0,0,07rppsdiamond.pdf
2,3,1,2,308,308,112,0,0,95.7822265625,0,0,2,4,1,1,87,3,281,1,2,67,1,69,308,20,0,1,f8594_accessible.pdf
0,0,2,2,111,111,16,1,0,96.7939453125,0,1,3,2,2,1,3,2,78,1,1,27,1,0,111,11,0,0,n-02-07.pdf
0,0,2,2,27,27,7,0,0,14.8427734375,0,1,4,2,2,1,4,1,11,1,1,24,1,0,27,10,0,0,n-08-2.pdf
0,0,2,2,30,30,10,0,0,50.4423828125,0,1,2,2,2,1,2,1,16,1,1,36,1,0,30,12,0,0,ir-12-32.pdf
0,0,3,4,32,32,10,0,0,26.7861328125,0,0,4,6,3,2,4,4,30,2,4,44,2,0,32,20,0,0,esop_tar1_110309.pdf
0,0,1,1,17,17,4,0,0,16.0595703125,0,0,1,1,1,1,1,1,3,1,1,9,0,0,17,22,0,0,20101111-D-Campana.pdf
0,0,2,2,11,11,3,0,0,22.5771484375,0,1,1,2,2,1,1,2,4,1,1,0,0,0,11,14,1,0,chapelhill.pdf
0,0,1,1,88,88,24,0,0,81.0078125,0,0,23,1,1,1,23,1,17,1,1,58,1,0,88,11,0,0,055203f.pdf
0,0,3,0,45,45,39,0,0,60.578125,0,0,2,3,3,0,2,3,23,0,3,2,1,0,45,20,0,0,f8932_accessible.pdf
0,0,2,2,18,18,5,0,0,30.4296875,0,1,1,2,2,1,1,2,9,1,1,9,1,0,18,11,0,0,a-04-29.pdf
0,0,4,0,82,82,75,0,0,88.7001953125,0,0,2,5,4,0,27,4,57,0,4,11,3,0,82,9,0,0,f8809.pdf
0,0,1,1,54,54,13,0,0,63.6474609375,0,0,4,1,1,1,4,1,49,1,1,80,0,3,54,13,0,0,71fr31089.pdf
0,0,2,2,38,38,11,1,0,13.7275390625,0,1,3,2,2,1,3,2,11,1,1,24,0,0,38,12,0,0,rr-01-30.pdf
0,0,2,2,30,30,18,0,0,74.3525390625,0,1,1,2,2,1,2,1,29,1,1,5,1,0,30,11,0,0,ad60inc.pdf
0,0,3,0,103,103,96,0,0,123.123046875,0,0,3,3,3,0,39,3,60,0,3,15,1,0,103,24,0,0,f1120ssm3_accessible.pdf
0,0,4,4,303,303,32,3,0,91.279296875,0,0,12,4,4,4,24,3,266,4,3,65,2,0,303,10,0,0,emtrac.pdf
0,0,2,2,26,26,14,0,0,76.8115234375,0,1,1,2,2,1,2,1,25,1,1,5,1,0,26,12,0,0,bitmedol.pdf
0,0,2,2,49,49,20,0,0,62.2099609375,0,1,4,2,2,1,4,1,33,1,1,61,1,0,49,13,0,0,73fr23390.pdf
0,0,2,2,20,20,5,0,0,17.271484375,0,1,2,2,2,1,2,1,11,1,1,23,1,0,20,11,0,0,n-05-79.pdf
0,0,2,2,27,27,6,0,0,18.1171875,0,1,2,3,2,1,2,1,17,2,1,22,1,1,27,11,0,0,a-11-77.pdf
0,0,1,1,6,6,2,0,0,73.173828125,0,0,1,1,1,1,1,0,2,1,1,1,0,0,6,11,1,0,condesa.pdf
0,0,2,2,32,32,8,0,0,19.8349609375,0,1,5,2,2,1,5,1,13,1,1,35,1,0,32,11,0,0,n-05-88.pdf
0,0,1,1,30,30,4,0,0,11.2060546875,0,0,1,1,1,1,1,4,18,1,1,11,1,0,30,15,0,0,Bun_Socheat.pdf
0,0,4,4,138,138,25,0,0,195.779296875,0,0,1,4,4,3,3,3,107,3,3,39,3,0,138,35,0,0,consumerscooperativecreditunion.pdf
0,0,1,1,6,6,2,0,0,67.9658203125,0,0,1,1,1,1,1,0,2,1,1,1,0,0,6,12,1,0,addicinc.pdf
0,0,4,0,305,305,297,0,0,174.4921875,0,0,3,4,4,0,234,4,258,0,4,80,2,0,305,20,0,0,f8802_accessible.pdf
0,0,1,1,30,30,4,0,0,15.7685546875,0,0,1,1,1,1,1,4,18,1,1,11,1,0,30,21,0,0,Christopher_Homer.pdf
0,0,2,2,43,43,16,0,0,32.5361328125,0,1,11,3,2,1,11,1,27,1,1,31,1,0,43,11,0,0,n-09-59.pdf
0,0,2,2,41,41,12,0,0,26.4541015625,0,1,4,2,2,1,4,2,15,1,1,29,0,0,41,13,0,0,64fr54361.pdf
0,0,2,2,63,63,14,0,0,31.8134765625,0,1,12,2,2,1,12,2,22,1,1,68,1,0,63,13,0,0,20040302f.pdf
0,0,3,3,143,143,25,0,0,174.404296875,0,0,1,3,3,2,3,2,107,2,2,41,2,0,143,27,0,0,"alawarentertainment,inc.pdf"
0,0,2,2,42,42,17,0,0,45.064453125,0,1,5,3,2,1,5,1,36,1,1,44,1,1,42,13,0,0,swcc1-pia.pdf
0,0,2,2,42,42,15,0,0,39.1435546875,0,1,5,3,2,1,5,1,38,1,1,53,1,1,42,15,0,0,etrakcc-pia.pdf
0,0,2,0,29,29,26,0,0,99.0146484375,0,1,1,2,2,0,2,2,10,0,2,1,1,0,29,13,0,0,clipboard.pdf
0,0,1,1,20,20,2,0,0,20.654296875,0,0,2,1,1,1,2,1,15,1,1,29,0,0,20,13,0,0,63fr25525.pdf
0,0,4,0,104,104,95,0,0,125.23828125,0,0,4,5,4,0,41,4,71,0,4,29,3,0,104,9,0,0,f4972.pdf
0,0,2,2,23,23,9,0,0,19.2509765625,0,1,3,3,2,1,3,1,17,1,1,23,1,0,23,12,0,0,rr-04-69.pdf
0,0,1,1,42,42,8,0,0,21.703125,0,0,8,1,1,1,8,1,19,1,1,50,0,0,42,26,0,0,rev_proc_2003-36_fixed.pdf
0,0,2,2,11,11,3,0,0,24.0078125,0,1,1,2,2,1,1,2,4,1,1,0,0,0,11,11,1,0,colubar.pdf
0,0,2,2,421,421,29,0,0,117.2646484375,0,1,8,2,2,1,9,1,528,1,1,36,1,2,421,13,0,0,68fr27506.pdf
0,0,2,2,36,36,10,0,0,20.5703125,0,1,6,2,2,1,6,1,15,1,1,39,1,0,36,11,0,0,n-11-10.pdf
0,0,2,2,115,115,18,2,0,36.1044921875,0,0,1,2,2,2,2,2,88,2,2,44,2,6,115,35,0,0,tree_minorities_clinical_trials.pdf
2,3,3,3,520,520,247,0,0,314.5771484375,0,0,4,3,3,2,229,2,491,2,2,78,2,218,520,9,0,1,f5452.pdf
0,0,2,2,48,48,22,0,0,161.3203125,0,1,2,3,2,1,2,1,33,1,1,53,1,1,48,17,0,0,cp130_chinese.pdf
0,0,1,1,6,6,2,0,0,82.4794921875,0,0,1,1,1,1,1,0,2,1,1,1,0,0,6,12,1,0,cleaspri.pdf
0,0,2,2,35,35,15,0,0,25.20703125,0,1,3,2,2,1,3,1,15,1,1,27,1,0,35,21,0,0,qiattachsingapore.pdf
0,0,2,2,35,35,12,0,0,17.13671875,0,1,3,2,2,1,3,2,8,1,1,10,1,0,35,7,0,0,213.pdf
0,0,2,2,40,40,18,0,0,40.1298828125,0,1,8,3,2,1,8,1,29,1,1,24,1,0,40,12,0,0,rr-04-92.pdf
0,0,3,3,46,46,8,0,0,47.099609375,0,0,1,3,3,3,2,3,41,3,3,35,3,6,46,13,0,0,67fr10329.pdf
0,0,3,3,150,150,25,0,0,200.71484375,0,0,1,3,3,2,3,2,113,2,2,41,2,0,150,14,0,0,"adnorm,llc.pdf"
0,0,3,4,972,972,134,0,0,345.376953125,0,0,47,6,3,2,94,4,808,2,4,176,2,0,972,37,0,0,2848_8821_phoneforum_presentation.pdf
0,0,2,0,51,51,42,0,0,252.04296875,0,0,6,3,2,1,6,2,18,1,2,6,3,0,51,9,0,0,p3598.pdf
0,0,2,2,11,11,3,0,0,24.947265625,0,1,1,2,2,1,1,2,4,1,1,0,0,0,11,12,1,0,colegtmm.pdf
0,0,2,2,29,29,13,0,0,29.27734375,0,1,1,2,2,1,1,1,15,1,1,31,1,0,29,24,0,0,PrivacyActWaiverForm.pdf
0,0,2,2,34,34,22,0,0,95.41796875,0,1,1,2,2,1,2,1,33,1,1,5,1,0,34,14,0,0,activebook.pdf
0,0,2,2,44,44,14,0,0,77.251953125,0,1,6,2,2,1,6,2,17,1,1,40,1,0,44,12,0,0,rp-03-72.pdf
0,0,3,0,234,234,222,0,0,290.216796875,0,0,8,3,3,0,152,3,176,0,3,129,1,0,234,20,0,0,f2290_accessible.pdf
0,0,1,1,6,6,2,0,0,74.166015625,0,0,1,1,1,1,1,0,2,1,1,1,0,0,6,13,1,0,coexsyste.pdf
0,0,2,0,63,63,54,0,0,74.4873046875,0,0,5,3,2,0,17,2,31,0,2,13,1,0,63,11,0,0,f13424k.pdf
0,0,2,2,81,81,9,1,0,67.9853515625,0,1,3,2,2,1,3,2,65,1,1,27,1,0,81,13,0,0,rr-03-116.pdf
0,0,3,4,102,102,30,0,0,77.0908203125,0,0,1,4,3,2,4,3,125,2,2,119,2,33,101,9,0,0,f8810.pdf
0,0,3,0,166,166,156,0,0,128.3671875,0,0,6,3,3,0,108,3,129,0,3,40,1,0,166,23,0,0,f1098c11_accessible.pdf
0,0,2,2,67,67,34,0,0,56.330078125,0,1,4,3,2,0,11,1,44,1,1,66,1,0,67,18,0,0,cp259g_english.pdf
0,0,2,2,11,11,3,0,0,24.328125,0,1,1,2,2,1,1,2,4,1,1,0,0,0,11,12,1,0,cityjntn.pdf
0,0,1,1,6,6,2,0,0,86.771484375,0,0,1,1,1,1,1,0,2,1,1,1,0,0,6,12,1,0,ancwolld.pdf
0,0,2,2,32,32,9,0,0,20.1962890625,0,1,5,3,2,1,5,1,22,1,1,15,1,0,32,20,0,0,rev_proc_2008-58.pdf
0,0,1,1,6,6,2,0,0,82.1376953125,0,0,1,1,1,1,1,0,2,1,1,1,0,0,6,11,1,0,cjbmgmt.pdf
2,3,2,4,269,269,110,0,0,103.5439453125,0,0,2,7,2,2,78,5,311,2,5,59,2,76,269,22,0,1,f8849s5_accessible.pdf
0,0,2,2,44,44,12,0,0,23.564453125,0,1,9,2,2,1,9,1,13,1,1,39,1,0,44,11,0,0,n-06-68.pdf
0,0,2,2,31,31,19,0,0,82.5341796875,0,1,1,2,2,1,2,1,32,1,1,5,1,0,31,11,0,0,appinco.pdf
0,0,2,2,48,48,12,1,0,26.4150390625,0,1,10,2,2,1,10,2,14,1,1,38,0,0,48,12,0,0,rp-01-18.pdf
0,0,2,2,44,44,17,0,0,36.7890625,0,1,12,3,2,1,12,1,28,1,1,42,1,0,44,12,0,0,rr-09-13.pdf
0,0,3,4,66,66,34,0,0,81.4775390625,0,0,11,6,3,2,11,4,37,2,4,51,2,0,66,11,0,0,eo_regs.pdf
0,0,2,2,53,53,14,0,0,24.685546875,0,1,12,2,2,1,12,1,13,1,1,42,1,0,53,11,0,0,n-05-73.pdf
0,0,2,2,277,277,40,0,0,204.90234375,0,1,11,2,2,1,16,1,59,1,1,113,1,1,277,9,0,0,i4626.pdf
0,0,8,8,450,450,37,8,0,226.9912109375,0,0,24,8,8,8,24,8,177,8,8,64,8,23,450,24,0,0,Origin_and_Evolution.pdf
0,0,3,0,65,65,47,0,0,174.146484375,0,0,2,3,3,0,4,3,31,0,3,15,2,0,65,12,0,0,p3067evn.pdf
0,0,1,1,6,6,2,0,0,83.4287109375,0,0,1,1,1,1,1,0,2,1,1,1,0,0,6,12,1,0,avatarfc.pdf
0,0,2,2,24,24,12,0,0,76.208984375,0,1,1,2,2,1,2,1,23,1,1,5,1,0,24,14,0,0,ameristell.pdf
0,0,2,2,27,27,10,0,0,21.7705078125,0,1,4,3,2,1,4,1,21,1,1,35,1,0,27,12,0,0,rr-09-12.pdf
0,0,2,2,59,59,20,0,0,43.0859375,0,1,16,3,2,1,16,1,44,1,1,46,1,2,59,11,0,0,n-09-92.pdf
0,0,1,0,5,5,3,0,0,1.0537109375,0,0,1,1,1,1,0,1,1,1,1,0,0,0,5,37,1,0,purepdf_helloworldfullcompression.pdf
0,0,1,1,6,6,2,0,0,91.0341796875,0,0,1,1,1,1,1,0,2,1,1,1,0,0,6,14,1,0,blaworkllc.pdf
0,0,2,2,45,45,20,0,0,70.619140625,0,1,2,3,2,0,2,1,30,1,1,60,1,1,45,32,0,0,Returning Resident - May2010.pdf
0,0,2,2,123,123,19,0,0,124.552734375,0,1,3,2,2,1,4,1,32,1,1,51,1,2,123,8,0,0,i926.pdf
0,0,1,1,6,6,2,0,0,81.5009765625,0,0,1,1,1,1,1,0,2,1,1,1,0,0,6,10,1,0,bamboo.pdf
0,0,1,1,6,6,2,0,0,78.056640625,0,0,1,1,1,1,1,0,2,1,1,1,0,0,6,12,1,0,ambarins.pdf
0,0,1,1,6,6,2,0,0,79.3095703125,0,0,1,1,1,1,1,0,2,1,1,1,0,0,6,12,1,0,builsear.pdf
0,0,2,2,30,30,9,0,0,60.1748046875,0,1,3,2,2,1,3,2,13,1,1,27,1,0,30,11,0,0,n-04-27.pdf
0,0,2,2,195,195,25,0,0,156.4853515625,0,1,5,2,2,1,7,1,52,1,1,78,1,6,195,9,0,0,i8858.pdf
0,0,2,0,116,116,110,0,0,147.2470703125,0,1,4,2,2,0,0,2,64,0,2,0,1,0,116,18,0,0,cp504b_russian.pdf
0,0,2,2,27,27,10,0,0,21.78125,0,1,4,3,2,1,4,1,21,1,1,35,1,0,27,12,0,0,rr-09-10.pdf
0,0,3,0,51,51,45,0,0,74.7880859375,0,0,2,3,3,0,5,3,25,0,3,3,1,0,51,19,0,0,fct2_accessible.pdf
0,0,4,6,47,47,11,0,0,42.08203125,0,0,1,7,4,3,2,5,59,3,5,37,3,10,46,10,0,0,f14199.pdf
0,0,1,1,36,36,23,0,0,401.0126953125,0,0,5,1,1,1,5,1,14,1,1,0,0,0,36,11,0,0,1233022.pdf
0,0,2,2,154,154,8,1,0,55.0029296875,0,1,4,2,2,1,4,2,121,1,1,14,1,0,154,11,0,0,n-02-19.pdf
0,0,2,2,60,60,24,0,0,48.3798828125,0,1,19,3,2,1,19,1,37,1,1,49,1,0,60,12,0,0,rr-08-41.pdf
0,0,2,0,54,54,51,0,0,198.556640625,0,1,1,2,2,0,2,2,10,0,2,2,1,0,54,15,0,0,avossystems.pdf
0,0,2,2,54,54,17,1,0,36.2294921875,0,1,9,2,2,1,9,2,9,1,1,23,0,0,54,12,0,0,rp-00-41.pdf
0,0,1,1,6,6,2,0,0,72.9189453125,0,0,1,1,1,1,1,0,2,1,1,1,0,0,6,12,1,0,bellingh.pdf
0,0,2,2,33,33,10,0,0,57.67578125,0,1,5,2,2,1,5,2,11,1,1,21,1,0,33,12,0,0,rr-03-28.pdf
0,0,2,2,27,27,10,0,0,160.5712890625,0,1,3,2,2,1,3,1,9,1,1,7,1,0,27,17,0,0,35carpini_ASC.pdf
0,0,2,2,28,27,15,0,0,74.2724609375,0,1,1,2,2,1,2,1,26,1,1,5,1,0,27,12,0,0,capellae.pdf
0,0,1,1,6,6,2,0,0,76.7734375,0,0,1,1,1,1,1,0,2,1,1,1,0,0,6,12,1,0,bigjumme.pdf
0,0,2,2,36,36,9,0,0,18.537109375,0,1,4,3,2,1,4,1,22,1,1,14,1,0,36,12,0,0,rr-08-31.pdf
0,0,2,2,31,31,19,0,0,83.1396484375,0,1,1,2,2,1,2,1,30,1,1,5,1,0,31,16,0,0,aircomputing.pdf
0,0,2,2,11,11,3,0,0,27.4423828125,0,1,1,2,2,1,1,2,4,1,1,0,0,0,11,10,1,0,apknet.pdf
0,0,2,0,31,31,28,0,0,182.0126953125,0,1,1,2,2,0,2,2,9,0,2,1,1,0,31,13,0,0,blue_wave.pdf
0,0,2,2,12,12,4,0,0,24.16015625,0,1,1,2,2,1,1,2,5,1,1,0,1,0,12,12,1,0,buzrdnws.pdf
0,0,2,2,11,11,3,0,0,26.4775390625,0,1,1,2,2,1,1,2,4,1,1,0,0,0,11,7,1,0,cap.pdf
0,0,6,10,2182,2182,44,0,0,315.93359375,0,0,5,15,6,5,10,13,1620,5,13,80,5,690,2182,28,0,0,pc_lifecyclechart_090811.pdf
0,0,2,2,36,36,7,0,0,22.552734375,0,1,3,2,2,1,3,2,24,1,1,45,1,0,36,17,0,0,119vaughn_aau.pdf
0,0,2,2,93,93,8,1,0,54.37890625,0,1,3,2,2,1,3,2,77,1,1,19,1,0,93,12,0,0,rr-04-38.pdf
0,0,2,2,42,42,11,1,0,15.21875,0,1,3,2,2,1,3,2,9,1,1,17,0,0,42,36,0,0,switzerlandweb-rev_november_2002.pdf
0,0,2,0,32,32,29,0,0,162.216796875,0,1,1,2,2,0,2,2,10,0,2,2,1,0,32,14,0,0,cass_cable.pdf
0,0,2,2,233,233,139,0,0,166.9501953125,0,1,24,2,2,1,24,2,117,1,1,43,0,0,233,12,0,0,p3--1996.pdf
0,0,4,0,74,74,67,0,0,85.224609375,0,0,2,5,4,0,21,4,51,0,4,9,3,0,74,10,0,0,f8453s.pdf
0,0,3,0,126,126,114,0,0,134.33203125,0,0,8,3,3,0,62,3,84,0,3,8,1,0,126,22,0,0,fw2gu11_accessible.pdf
0,0,2,2,138,138,55,0,0,106.52734375,0,1,48,3,2,1,48,1,71,1,1,58,1,0,138,12,0,0,rp-12-20.pdf
0,0,4,0,96,96,85,0,0,184.5439453125,0,0,6,5,4,0,27,4,59,0,4,21,3,0,96,9,0,0,f5695.pdf
0,0,1,1,211,211,59,0,0,358.9892578125,0,0,59,1,1,1,59,1,25,1,1,115,0,0,211,10,0,0,02solp.pdf
0,0,2,2,11,11,3,0,0,22.20703125,0,1,1,2,2,1,1,2,4,1,1,0,0,0,11,12,1,0,cabequco.pdf
0,0,2,2,55,55,25,0,0,95.8955078125,0,1,1,3,2,1,1,1,38,1,1,85,2,0,55,17,0,0,cp178_english.pdf
0,0,2,2,11,11,3,0,0,33.84375,0,1,1,2,2,1,1,2,4,1,1,0,0,0,11,10,1,0,cenmet.pdf
0,0,1,1,6,6,2,0,0,72.2568359375,0,0,1,1,1,1,1,0,2,1,1,1,0,0,6,12,1,0,blflyinc.pdf
0,0,2,2,11,11,3,0,0,26.48828125,0,1,1,2,2,1,1,2,4,1,1,0,0,0,11,12,1,0,almowir1.pdf
0,0,1,1,6,6,2,0,0,83.8046875,0,0,1,1,1,1,1,0,2,1,1,1,0,0,6,13,1,0,ametouinc.pdf
0,0,2,2,183,183,44,1,0,205.9677734375,0,1,34,2,2,1,34,2,37,1,1,78,0,2,183,12,0,0,tas02obj.pdf
0,0,1,1,7,7,2,0,0,1.4267578125,0,0,1,1,1,1,2,1,4,1,1,4,0,0,7,23,1,0,purepdf_helloworld5.pdf
0,0,1,1,52,52,14,0,0,21.875,0,0,14,1,1,1,14,1,6,1,1,18,0,0,52,12,0,0,not97-64.pdf
0,0,2,2,89,89,10,1,0,58.8046875,0,1,5,2,2,1,5,2,68,1,1,21,1,0,89,11,0,0,a-02-45.pdf
0,0,3,4,214,214,94,0,0,109.779296875,0,0,2,4,3,2,68,12,244,2,2,140,2,63,213,9,0,0,f8379.pdf
0,0,1,1,6,6,2,0,0,74.7548828125,0,0,1,1,1,1,1,0,2,1,1,1,0,0,6,9,1,0,brdrm.pdf
0,0,2,2,28,28,16,0,0,58.0380859375,0,1,1,2,2,1,2,1,27,1,1,5,1,0,28,13,0,0,commspace.pdf
0,0,1,1,6,6,2,0,0,88.3525390625,0,0,1,1,1,1,1,0,2,1,1,1,0,0,6,13,1,0,citgroinc.pdf
0,0,2,0,17,17,14,0,0,31.5400390625,0,1,1,2,2,0,1,2,7,0,2,1,1,0,17,17,0,0,Aaron_Mattern.pdf
0,0,1,1,25,25,4,0,0,18.4052734375,0,0,1,1,1,1,1,1,7,1,1,17,0,0,25,20,0,0,Carlos_Pellerano.pdf
0,0,3,4,53,53,30,0,0,250.177734375,0,0,2,6,3,3,2,4,36,3,4,46,3,0,53,9,0,0,p3857.pdf
0,0,2,2,56,56,35,0,0,39.794921875,0,1,2,3,2,1,2,1,37,1,1,45,1,0,56,18,0,0,cp276b_spanish.pdf
0,0,2,2,44,44,16,0,0,38.2021484375,0,1,11,3,2,1,11,1,29,1,1,41,1,0,44,11,0,0,n-08-52.pdf
0,0,2,2,29,29,17,0,0,78.1240234375,0,1,1,2,2,1,2,1,28,1,1,5,1,0,29,11,0,0,amscola.pdf
1,2,4,4,523,523,28,0,0,124.255859375,0,0,4,4,4,3,4,8,638,3,3,60,3,34,523,20,0,1,fss16_accessible.pdf
0,0,2,2,11,11,3,0,0,30.6044921875,0,1,1,2,2,1,1,2,4,1,1,0,0,0,11,12,1,0,amhrtasn.pdf
0,0,1,1,55,55,15,0,0,28.0703125,0,0,15,1,1,1,15,1,6,1,1,19,0,0,55,11,0,0,not98-5.pdf
0,0,2,0,28,28,25,0,0,138.6435546875,0,1,1,2,2,0,2,2,10,0,2,1,1,0,28,16,0,0,advanced_tel.pdf
0,0,1,1,23,23,3,0,0,34.564453125,0,0,1,1,1,1,1,1,4,1,1,9,0,0,23,18,0,0,20101107-A-Fox.pdf
0,0,2,2,45,45,17,0,0,44.865234375,0,1,6,3,2,1,6,1,40,1,1,54,1,1,45,11,0,0,ctw-pia.pdf
0,0,2,2,47,47,15,0,0,22.0908203125,0,1,6,2,2,1,6,2,11,1,1,16,0,0,47,12,0,0,rp-99-45.pdf
0,0,2,2,28,28,10,0,0,19.8056640625,0,1,5,3,2,1,5,1,22,1,1,36,1,0,28,12,0,0,rr-08-26.pdf
0,0,2,2,38,38,11,1,0,14.7177734375,0,1,3,2,2,1,3,2,11,1,1,24,0,0,38,11,0,0,irc7871.pdf
0,0,2,2,151,151,7,1,0,47.9677734375,0,1,3,2,2,1,3,2,133,1,1,11,1,0,151,12,0,0,rr-03-05.pdf
0,0,2,0,60,60,47,0,0,113.2265625,0,1,11,2,2,0,11,2,17,0,2,11,1,0,60,11,0,0,92chap3.pdf
0,0,2,2,11,11,3,0,0,27.69921875,0,1,1,2,2,1,1,2,4,1,1,0,0,0,11,12,1,0,amcobgyn.pdf
0,0,2,2,52,52,25,0,0,86.9765625,0,1,4,3,2,1,4,1,31,1,1,56,1,1,52,11,0,0,n-09-56.pdf
0,0,2,2,66,66,20,0,0,73.8037109375,0,1,15,3,2,1,15,1,21,2,1,46,1,0,66,12,0,0,rp-11-21.pdf
0,0,2,2,39,39,13,0,0,123.9443359375,0,1,2,2,2,1,2,2,13,1,1,30,0,0,39,13,0,0,65fr10564.pdf
0,0,2,2,81,81,36,0,0,63.234375,0,1,30,3,2,1,30,1,44,1,1,50,1,0,81,12,0,0,rp-08-72.pdf
0,0,1,1,6,6,2,0,0,78.3271484375,0,0,1,1,1,1,1,0,2,1,1,1,0,0,6,10,1,0,canyuu.pdf
0,0,2,2,43,43,12,1,0,27.166015625,0,1,3,2,2,1,3,2,13,1,1,24,1,0,43,15,0,0,128mitelman.pdf
0,0,4,0,61,61,54,0,0,149.859375,0,0,2,5,4,0,10,4,38,0,4,8,3,0,61,12,0,0,f1040sse.pdf
0,0,2,2,11,11,3,0,0,25.61328125,0,1,1,2,2,1,1,2,4,1,1,0,0,0,11,12,1,0,catchadv.pdf
0,0,2,2,20,20,5,0,0,10.947265625,0,1,3,2,2,1,3,1,9,1,1,13,1,0,20,11,0,0,n-04-79.pdf
0,0,2,2,63,63,6,1,0,40.7724609375,0,1,2,2,2,1,2,2,61,1,1,10,1,0,63,11,0,0,a-03-70.pdf
0,0,2,2,34,34,9,0,0,15.8603515625,0,1,7,2,2,1,7,1,11,1,1,27,1,0,34,11,0,0,n-07-24.pdf
0,0,2,2,21,21,7,0,0,13.505859375,0,1,3,3,2,1,3,1,17,1,1,13,1,0,21,11,0,0,n-06-30.pdf
0,0,3,3,52,52,4,0,0,32.7724609375,0,0,1,3,3,2,1,2,48,2,2,22,2,24,52,10,0,0,f13321.pdf
0,0,2,2,138,138,19,0,0,100.7919921875,0,1,1,2,2,1,3,1,103,1,1,24,1,0,138,11,0,0,carseat.pdf
0,0,2,2,20,20,4,0,0,10.9931640625,0,1,2,2,2,1,2,2,15,1,1,23,1,0,20,11,0,0,a-04-98.pdf
0,0,2,2,46,46,19,0,0,55.73828125,0,1,2,2,2,1,2,1,35,1,1,64,1,0,46,13,0,0,70fr24309.pdf
2,3,1,2,172,172,68,0,0,72.259765625,0,0,2,4,1,1,35,3,158,1,2,85,1,25,172,20,0,1,f8023_accessible.pdf
0,0,4,0,78,78,71,0,0,85.435546875,0,0,2,5,4,0,30,4,55,0,4,20,3,0,78,9,0,0,f8926.pdf
0,0,2,2,18,18,4,0,0,11.6162109375,0,1,1,3,2,1,1,1,11,2,1,11,1,0,18,12,0,0,rr-10-23.pdf
0,0,2,2,60,60,13,1,0,17.2548828125,0,1,2,2,2,1,2,1,49,1,1,22,1,0,60,15,0,0,21hoofnagle.pdf
0,0,2,2,11,11,3,0,0,32.0927734375,0,1,1,2,2,1,1,2,4,1,1,0,0,0,11,10,1,0,advoco.pdf
0,0,3,3,64,64,28,0,0,41.46484375,0,0,7,3,3,3,9,2,19,3,2,29,2,0,64,11,0,0,085201f.pdf
0,0,2,2,47,47,35,0,0,102.4375,0,1,1,2,2,1,2,1,46,1,1,5,1,0,47,16,0,0,caminopublic.pdf
0,0,2,2,46,46,16,0,0,34.87109375,0,1,11,3,2,1,11,1,31,1,1,51,1,0,46,12,0,0,rp-08-28.pdf
0,0,2,4,54,54,24,0,0,60.39453125,0,0,13,6,2,2,13,5,44,2,5,33,2,0,54,15,0,0,fr_20040115.pdf
0,0,2,2,69,69,20,0,0,324.2021484375,0,1,10,3,2,1,10,1,35,1,1,86,1,0,69,15,0,0,08rpjohnson.pdf
0,0,2,2,48,48,7,0,0,45.8125,0,0,2,2,2,2,2,2,42,2,2,35,2,8,48,13,0,0,67fr10652.pdf
0,0,2,2,25,25,8,0,0,15.5517578125,0,1,4,3,2,1,4,1,20,1,1,34,1,0,25,11,0,0,n-06-56.pdf
0,0,2,2,11,11,3,0,0,18.9970703125,0,1,1,2,2,1,1,2,4,1,1,0,0,0,11,10,1,0,cheeci.pdf
0,0,2,2,49,49,18,0,0,39.642578125,0,1,12,3,2,1,12,1,34,1,1,50,1,0,49,11,0,0,n-12-44.pdf
0,0,2,2,345,345,40,0,0,234.4677734375,0,1,14,3,2,1,18,1,66,1,1,122,1,2,345,12,0,0,i1120icd.pdf
0,0,1,1,6,6,2,0,0,87.5634765625,0,0,1,1,1,1,1,0,2,1,1,1,0,0,6,12,1,0,bkghmamn.pdf
0,0,1,1,13,13,4,0,0,59.720703125,0,0,2,1,1,1,2,1,4,1,1,0,0,0,13,7,1,0,cca.pdf
0,0,2,2,11,11,3,0,0,22.720703125,0,1,1,2,2,1,1,2,4,1,1,0,0,0,11,12,1,0,baylrmed.pdf
2,3,3,3,204,204,83,0,0,67.3583984375,0,0,2,3,3,2,77,2,190,2,2,65,2,75,204,8,0,1,f973.pdf
0,0,2,2,156,156,21,0,0,198.2080078125,0,1,4,2,2,1,5,1,202,1,1,35,1,36,156,19,0,0,cheezburger_inc.pdf
0,0,3,3,149,149,34,0,0,178.2412109375,0,0,4,4,3,2,10,2,53,2,2,86,2,0,149,11,0,0,i1040sr.pdf
0,0,2,2,43,43,5,1,0,34.3583984375,0,1,1,2,2,1,1,2,40,1,1,9,1,0,43,11,0,0,n-04-05.pdf
0,0,4,0,65,65,58,0,0,268.8974609375,0,0,2,4,4,0,3,4,29,0,4,2,2,0,65,20,0,0,f8905_accessible.pdf
0,0,2,2,260,260,77,0,0,288.3125,0,1,76,2,2,1,76,2,17,1,1,103,0,0,260,12,0,0,63fr5141.pdf
0,0,2,2,27,27,15,0,0,95.478515625,0,1,1,2,2,1,2,1,26,1,1,5,1,0,27,13,0,0,chohopinc.pdf
0,0,2,2,54,54,18,0,0,52.54296875,0,1,1,2,2,1,1,1,55,1,1,63,1,5,54,12,0,0,70fr7177.pdf
0,0,3,4,749,749,63,0,0,296.6796875,0,0,2,4,3,2,20,3,1202,2,2,136,2,562,748,9,0,0,f8949.pdf
0,0,2,2,72,72,21,0,0,38.14453125,0,1,19,2,2,1,19,1,11,1,1,39,1,0,72,12,0,0,rp-05-70.pdf
0,0,1,1,9,9,4,0,0,20.392578125,0,0,1,1,1,1,1,1,11,1,1,0,1,0,9,11,1,0,amuzinc.pdf
0,0,2,2,11,11,3,0,0,28.8271484375,0,1,1,2,2,1,1,2,4,1,1,0,0,0,11,12,1,0,armsgnod.pdf
0,0,2,0,15,15,12,0,0,10.7783203125,0,1,1,2,2,0,1,3,7,0,2,1,1,0,15,13,0,0,Aaron_Sua.pdf
0,0,1,1,9,9,4,0,0,125.00390625,0,0,2,1,1,1,2,0,3,1,1,2,0,0,9,12,1,0,connacad.pdf
0,0,3,0,62,62,52,0,0,96.3505859375,0,0,6,5,3,0,6,3,36,0,3,6,2,0,62,23,0,0,f1099s11_accessible.pdf
0,0,2,2,146,146,31,0,0,271.6884765625,0,1,1,2,2,1,2,1,97,1,1,85,1,1,146,21,0,0,american_republic.pdf
0,0,2,2,25,25,5,0,0,14.6162109375,0,1,2,2,2,1,2,1,15,1,1,42,1,0,25,11,0,0,a-09-85.pdf
0,0,2,2,39,39,9,0,0,23.1259765625,0,1,7,2,2,1,7,2,14,1,1,28,1,0,39,18,0,0,045time_warner.pdf
0,0,2,2,64,64,17,1,0,34.626953125,0,1,9,2,2,1,9,2,30,1,1,51,0,2,64,11,0,0,a-01-38.pdf
1,1,7,0,350,350,90,0,0,303.0634765625,0,0,2,8,7,5,19,10,269,5,7,38,7,6,350,20,0,1,f8332_accessible.pdf
0,0,2,2,11,11,3,0,0,27.404296875,0,1,1,2,2,1,1,2,4,1,1,0,0,0,11,11,1,0,autfipr.pdf
0,0,3,0,44,44,32,0,0,297.2041015625,0,0,1,3,3,0,3,3,18,0,3,14,2,0,44,15,0,0,cabsarehere.pdf
0,0,1,1,6,6,2,0,0,88.8076171875,0,0,1,1,1,1,1,0,2,1,1,1,0,0,6,12,1,0,colstunv.pdf
0,0,2,2,11,11,3,0,0,29.6484375,0,1,1,2,2,1,1,2,4,1,1,0,0,0,11,12,1,0,convergs.pdf
0,0,2,2,60,60,17,0,0,27.4453125,0,1,15,2,2,1,15,1,11,1,1,35,1,0,60,11,0,0,n-08-14.pdf
0,0,1,1,6,6,2,0,0,74.955078125,0,0,1,1,1,1,1,0,2,1,1,1,0,0,6,12,1,0,comconxt.pdf
0,0,2,2,11,11,3,0,0,25.1484375,0,1,1,2,2,1,1,2,4,1,1,0,0,0,11,12,1,0,brodbdrs.pdf
0,0,1,0,66,66,64,0,0,322.63671875,0,0,20,2,1,1,4,1,13,1,1,2,0,0,66,8,0,0,i720.pdf
0,0,2,2,11,11,3,0,0,24.109375,0,1,1,2,2,1,1,2,4,1,1,0,0,0,11,12,1,0,agoramed.pdf
0,0,2,2,11,11,3,0,0,27.4111328125,0,1,1,2,2,1,1,2,4,1,1,0,0,0,11,10,1,0,admine.pdf
0,0,1,1,6,6,2,0,0,76.955078125,0,0,1,1,1,1,1,0,2,1,1,1,0,0,6,16,1,0,agisofindpri.pdf
0,0,2,2,108,108,10,1,0,87.6611328125,0,1,3,2,2,1,3,2,88,1,1,35,1,0,108,12,0,0,rp-03-16.pdf
0,0,2,2,11,11,3,0,0,24.720703125,0,1,1,2,2,1,1,2,4,1,1,0,0,0,11,12,1,0,califmed.pdf
0,0,1,1,458,458,16,1,0,111.4912109375,0,0,9,1,1,1,9,1,414,1,1,43,1,0,458,12,0,0,rr-03-63.pdf
0,0,2,2,172,172,11,1,0,60.48046875,0,1,6,2,2,1,6,2,132,1,1,22,1,0,172,12,0,0,rr-02-49.pdf
0,0,2,2,171,171,57,0,0,206.3564453125,0,1,34,3,2,1,34,2,51,1,1,102,2,0,171,12,0,0,p3--2003.pdf
0,0,1,1,126,126,29,0,0,232.3857421875,0,0,18,1,1,1,18,1,17,1,1,82,0,0,126,59,0,0,20110131-Abigail-Phillips-Electronic-Freedom-Foundation.pdf
0,0,1,1,6,6,2,0,0,75.6630859375,0,0,1,1,1,1,1,0,2,1,1,1,0,0,6,12,1,0,clasmtol.pdf
0,0,2,2,21,21,8,0,0,16.8125,0,1,2,3,2,1,2,1,16,1,1,22,1,0,21,48,0,0,area-directos-addresses-postappealsmediation.pdf
0,0,2,0,17,17,14,0,0,72.333984375,0,1,1,2,2,0,0,2,7,0,2,1,1,0,17,29,0,0,Embassy_Specific_Info-BGH.pdf
0,0,2,2,37,37,13,0,0,38.0185546875,0,1,2,2,2,1,2,2,10,1,1,12,1,0,37,11,0,0,n-03-68.pdf
0,0,2,2,243,243,21,1,0,135.5732421875,0,1,7,2,2,1,7,2,172,1,1,39,1,0,243,12,0,0,rp-02-30.pdf
0,0,1,1,35,35,9,0,0,63.0625,0,0,4,1,1,1,4,1,28,1,1,56,0,0,35,12,0,0,71fr7999.pdf
0,0,2,2,57,57,25,0,0,54.81640625,0,1,6,3,2,1,6,1,44,1,1,75,1,1,57,12,0,0,aoic-pia.pdf
0,0,2,2,114,114,79,0,0,78.48828125,0,1,4,3,2,0,14,1,76,1,1,55,1,0,114,17,0,0,cp566_spanish.pdf
0,0,4,4,506,506,55,0,0,283.583984375,0,0,19,5,4,3,29,3,204,3,3,113,3,103,506,11,0,0,i1099gi.pdf
0,0,3,0,45,45,40,0,0,53.8017578125,0,0,1,3,3,0,4,3,24,0,3,2,1,0,45,19,0,0,fw10_accessible.pdf
0,0,2,2,146,146,24,0,0,201.85546875,0,1,1,2,2,1,2,1,120,1,1,57,1,9,146,20,0,0,casting_networks.pdf
0,0,2,2,417,417,28,1,0,202.7587890625,0,1,14,2,2,1,14,2,276,1,1,46,1,0,417,12,0,0,rp-02-67.pdf
0,0,1,1,6,6,2,0,0,95.123046875,0,0,1,1,1,1,1,0,2,1,1,1,0,0,6,12,1,0,blduksfw.pdf
0,0,2,0,22,22,19,0,0,38.259765625,0,1,1,2,2,0,0,2,4,0,2,0,1,0,22,12,0,0,07pfound.pdf
0,0,3,0,79,79,69,0,0,119.486328125,0,0,6,3,3,0,30,3,52,0,3,14,1,0,79,23,0,0,f1099s12_accessible.pdf
0,0,2,2,52,52,24,0,0,44.251953125,0,1,6,3,2,1,6,1,42,1,1,52,1,1,52,13,0,0,eauth-pia.pdf
0,0,2,0,318,318,312,0,0,377.697265625,0,0,2,3,2,0,278,2,295,0,2,2,2,0,318,12,0,0,f13614nr.pdf
0,0,5,0,106,106,95,0,0,108.556640625,0,0,2,6,5,0,50,5,78,0,5,34,4,0,106,9,0,0,f8858.pdf
0,0,2,2,32,32,8,0,0,23.513671875,0,1,5,2,2,1,5,1,13,1,1,35,1,0,32,11,0,0,n-06-89.pdf
0,0,2,2,33,33,8,0,0,25.98828125,0,1,6,2,2,1,6,1,13,1,1,36,1,0,33,11,0,0,a-11-59.pdf
0,0,2,2,47,47,19,0,0,40.703125,0,1,10,3,2,1,10,1,32,1,1,58,1,0,47,14,0,0,annrep2009.pdf
0,0,2,2,212,212,74,0,0,262.5478515625,0,1,53,2,2,1,53,1,40,1,1,140,1,0,212,11,0,0,a-08-27.pdf
0,0,2,2,35,35,9,0,0,33.4716796875,0,1,7,2,2,1,7,1,24,1,1,49,1,0,35,13,0,0,20070801f.pdf
0,0,2,0,30,30,27,0,0,167.1123046875,0,1,1,2,2,0,2,2,10,0,2,1,1,0,30,15,0,0,burda_style.pdf
0,0,2,2,27,27,9,0,0,17.8310546875,0,1,5,3,2,1,5,1,21,1,1,25,1,0,27,11,0,0,n-06-58.pdf
0,0,2,2,153,153,54,0,0,378.5390625,0,1,11,3,2,1,11,1,84,1,1,259,1,0,153,13,0,0,07rppsliu.pdf
2,3,3,3,123,123,48,0,0,204.060546875,0,0,2,3,3,2,31,2,102,2,2,58,2,30,123,11,0,1,f8849s8.pdf
0,0,1,1,6,6,2,0,0,72.931640625,0,0,1,1,1,1,1,0,2,1,1,1,0,0,6,12,1,0,ausilipr.pdf
0,0,1,1,6,6,2,0,0,79.6953125,0,0,1,1,1,1,1,0,2,1,1,1,0,0,6,10,1,0,arnwks.pdf
0,0,2,2,110,110,74,0,0,74.9287109375,0,1,3,3,2,1,3,1,78,1,1,89,1,0,110,16,0,0,cp71_spanish.pdf
0,0,2,2,37,37,15,0,0,27.3916015625,0,1,11,3,2,1,11,1,23,1,1,21,1,0,37,11,0,0,n-12-20.pdf
0,0,3,0,69,69,61,0,0,166.5703125,0,0,4,4,3,0,10,3,43,0,3,6,2,0,69,9,0,0,f4868.pdf
0,0,1,1,6,6,2,0,0,76.046875,0,0,1,1,1,1,1,0,2,1,1,1,0,0,6,12,1,0,cordiaip.pdf
0,0,2,2,30,30,9,0,0,55.009765625,0,1,3,2,2,1,3,2,13,1,1,27,1,0,30,10,0,0,n-04-1.pdf
0,0,2,2,40,40,13,0,0,20.0380859375,0,1,2,3,2,1,2,2,14,1,1,20,1,0,40,25,0,0,irb_ann_of_initiative.pdf
0,0,2,2,67,67,18,0,0,121.26171875,0,1,1,2,2,1,2,1,33,1,1,57,1,1,67,11,0,0,i1065sc.pdf
0,0,2,2,41,41,16,0,0,43.0439453125,0,1,5,3,2,1,5,1,32,1,1,48,1,1,41,10,0,0,pt-pia.pdf
0,0,2,2,42,42,12,0,0,21.6435546875,0,1,8,2,2,1,8,1,15,1,1,36,1,0,42,12,0,0,rp-07-27.pdf
0,0,1,1,88,88,19,0,0,107.1875,0,0,12,1,1,1,12,1,71,1,1,72,0,10,88,13,0,0,73fr40802.pdf
0,0,2,2,22,22,4,1,0,10.4697265625,0,1,3,2,2,1,3,2,10,1,1,17,0,1,22,11,0,0,a-01-92.pdf
0,0,2,2,214,214,62,0,0,171.1474609375,0,1,45,3,2,1,45,1,225,1,1,129,1,29,214,16,0,0,cca_training.pdf
0,0,2,0,33,33,30,0,0,143.8212890625,0,1,1,2,2,0,1,2,9,0,2,1,1,0,33,15,0,0,classtivity.pdf
1,1,6,10,232,232,119,0,0,110.830078125,0,0,2,13,6,5,90,11,268,5,11,48,5,59,231,10,0,1,f13287.pdf
0,0,1,0,100,99,90,0,0,336.0283203125,0,0,0,1,1,0,57,1,70,0,1,31,0,0,99,21,0,0,f1120l_accessible.pdf
0,0,2,2,37,37,25,0,0,98.6982421875,0,1,1,2,2,1,2,1,36,1,1,5,1,0,37,15,0,0,beautchoice.pdf
0,0,1,0,49,49,27,0,0,41.400390625,0,0,6,3,1,0,0,1,67,0,1,15,1,0,49,15,0,0,f5498sa._11.pdf
0,0,1,0,58,58,56,0,0,284.51953125,0,0,14,1,1,1,8,1,14,1,1,2,0,0,58,11,0,0,i2290sp.pdf
0,0,2,2,46,46,12,0,0,31.62109375,0,1,9,2,2,1,9,1,15,1,1,49,1,0,46,12,0,0,rr-08-40.pdf
0,0,2,2,176,176,12,0,0,36.1396484375,0,1,1,3,2,1,9,1,149,2,1,39,1,60,176,15,0,0,word_search.pdf
0,0,2,2,31,31,11,0,0,21.298828125,0,1,7,3,2,1,7,1,23,1,1,27,1,0,31,11,0,0,n-11-65.pdf
0,0,2,2,48,48,15,0,0,72.3251953125,0,1,7,2,2,1,7,2,17,1,1,47,1,0,48,12,0,0,rr-03-79.pdf
0,0,2,2,30,30,18,0,0,96.26953125,0,1,1,2,2,1,2,1,31,1,1,5,1,0,30,10,0,0,avitlo.pdf
0,0,1,1,6,6,2,0,0,70.3720703125,0,0,1,1,1,1,1,0,2,1,1,1,0,0,6,12,1,0,aledoisd.pdf
0,0,2,2,142,142,43,0,0,143.89453125,0,1,28,4,2,1,28,2,35,1,1,79,0,0,142,12,0,0,irb03-11.pdf
0,0,2,2,36,36,24,0,0,91.109375,0,1,1,2,2,1,2,1,35,1,1,5,1,0,36,11,0,0,avvoinc.pdf
0,0,2,2,79,79,32,0,0,63.6669921875,0,1,25,3,2,1,25,1,44,1,1,55,1,0,79,11,0,0,n-12-08.pdf
0,0,2,0,48,48,43,0,0,80.3232421875,0,1,3,2,2,0,3,2,15,0,2,3,1,0,48,10,0,0,92appc.pdf
0,0,4,4,233,233,32,0,0,192.1298828125,0,0,7,4,4,3,11,3,88,3,3,115,3,11,233,8,0,0,iss4.pdf
0,0,1,0,128,128,107,0,0,89.9853515625,0,0,9,2,1,0,54,1,113,0,1,32,1,0,128,12,0,0,fw2as_11.pdf
0,0,2,2,297,297,31,0,0,192.8017578125,0,1,11,2,2,1,13,1,62,1,1,87,1,10,297,9,0,0,i8903.pdf
0,0,2,2,55,55,16,0,0,29.3740234375,0,1,14,2,2,1,14,1,9,1,1,24,1,0,55,12,0,0,rp-08-65.pdf
0,0,2,2,36,36,16,0,0,43.5771484375,0,1,3,3,2,1,3,1,22,1,1,33,1,0,36,53,0,0,2011_irs_software_developers_conference_attendees.pdf
0,0,1,1,6,6,2,0,0,72.263671875,0,0,1,1,1,1,1,0,2,1,1,1,0,0,6,12,1,0,chivintl.pdf
0,0,2,2,38,38,10,0,0,21.3466796875,0,1,7,2,2,1,7,1,13,1,1,37,1,0,38,11,0,0,n-08-15.pdf
0,0,2,2,1289,1289,41,1,0,363.9912109375,0,1,12,2,2,1,12,14,2135,1,1,119,1,2,1289,9,0,0,p1457.pdf
0,0,1,1,20,20,5,0,0,15.4521484375,0,0,3,1,1,1,3,1,8,1,1,10,1,0,20,13,0,0,aod200601.pdf
0,0,2,2,29,29,8,0,0,13.8681640625,0,1,6,2,2,1,6,1,9,1,1,16,1,0,29,12,0,0,rp-05-28.pdf
0,0,2,2,417,417,15,0,0,67.83203125,0,1,7,2,2,1,7,1,411,1,1,37,1,1,417,12,0,0,meds-pia.pdf
0,0,3,4,71,71,29,0,0,64.00390625,0,0,20,6,3,2,20,4,46,2,4,60,2,0,71,11,0,0,td_9503.pdf
0,0,2,2,33,33,8,0,0,25.181640625,0,1,6,2,2,1,6,1,13,1,1,36,1,0,33,38,0,0,answers-to-doc-filmmaker-questions.pdf
0,0,2,2,11,11,3,0,0,15.7021484375,0,1,1,2,2,1,1,2,4,1,1,0,0,0,11,12,1,0,armstasu.pdf
0,0,4,0,1268,1268,66,0,0,231.9375,0,0,13,4,4,2,13,18,1310,2,4,33,3,24,1268,11,0,0,121201f.pdf
0,0,2,2,28,28,16,0,0,77.7314453125,0,1,1,2,2,1,2,1,29,1,1,5,1,0,28,15,0,0,chicagoland.pdf
0,0,2,2,11,11,3,0,0,26.625,0,1,1,2,2,1,1,2,4,1,1,0,0,0,11,12,1,0,cignlglc.pdf
0,0,3,0,62,62,56,0,0,143.455078125,0,0,2,3,3,0,4,3,30,0,3,4,1,0,62,20,0,0,f4137_accessible.pdf
0,0,2,2,34,34,10,0,0,25.91015625,0,1,7,3,2,1,7,1,15,2,1,37,1,0,34,11,0,0,n-11-71.pdf
0,0,1,1,6,6,2,0,0,78.0947265625,0,0,1,1,1,1,1,0,2,1,1,1,0,0,6,12,1,0,anchrdns.pdf
0,0,4,6,1140,1140,100,0,0,284.4970703125,0,0,37,9,4,3,74,7,993,3,7,117,3,0,1140,35,0,0,scp_cap_phoneforum_presentation.pdf
0,0,2,2,23,23,8,0,0,13.759765625,0,1,4,3,2,1,4,1,18,1,1,14,1,0,23,11,0,0,n-09-60.pdf
0,0,1,1,6,6,2,0,0,73.9248046875,0,0,1,1,1,1,1,0,2,1,1,1,0,0,6,12,1,0,bigstage.pdf
0,0,2,2,12,12,4,0,0,16.732421875,0,1,1,2,2,1,1,2,5,1,1,0,1,0,12,12,1,0,chrfibca.pdf
0,0,2,2,127,127,25,0,0,197.1328125,0,1,1,2,2,1,2,1,89,1,1,59,1,1,127,17,0,0,alphonso_labs.pdf
0,0,3,3,44,44,7,0,0,59.576171875,0,0,1,3,3,4,3,3,45,4,3,104,3,0,44,52,0,0,art_appraisal_services_photographic_requirements.pdf
0,0,1,0,52,52,32,0,0,43.6865234375,0,0,6,3,1,0,0,1,67,0,1,14,1,0,52,13,0,0,f1099g_11.pdf
0,0,2,2,183,183,21,0,0,198.6103515625,0,1,1,2,2,1,2,1,159,1,1,44,1,4,183,14,0,0,car_domain.pdf
0,0,2,2,117,117,24,0,0,201.3154296875,0,1,1,2,2,1,2,1,86,1,1,57,1,2,117,16,0,0,christian_tv.pdf
0,0,1,1,6,6,2,0,0,78.8671875,0,0,1,1,1,1,1,0,2,1,1,1,0,0,6,12,1,0,coreblox.pdf
0,0,2,2,19,19,5,0,0,10.4375,0,1,2,2,2,1,2,1,9,1,1,12,1,0,19,11,0,0,a-10-22.pdf
0,0,3,0,76,76,68,0,0,113.6337890625,0,0,4,3,3,0,28,3,49,0,3,12,1,0,76,20,0,0,fw9sp_accessible.pdf
0,0,2,2,153,153,26,0,0,132.0654296875,0,1,5,2,2,1,7,1,37,1,1,70,1,0,153,18,0,0,i1120utp--2010.pdf
0,0,2,2,141,141,11,0,0,29.9892578125,0,1,3,2,2,1,3,1,144,1,1,33,1,1,141,17,0,0,exemptorg-pia.pdf
0,0,2,2,91,91,44,0,0,236.0693359375,0,1,2,3,2,1,2,1,76,1,1,107,3,2,91,9,0,0,p3524.pdf
0,0,1,1,6,6,2,0,0,82.1494140625,0,0,1,1,1,1,1,0,2,1,1,1,0,0,6,11,1,0,califac.pdf
0,0,2,2,30,30,15,0,0,27.3720703125,0,1,1,3,2,1,1,1,17,1,1,31,1,0,30,29,0,0,url_chart_py2012_01202012.pdf
2,3,1,1,597,597,81,0,0,134.1083984375,0,0,3,1,1,1,60,28,614,1,1,96,1,94,597,20,0,1,f2553_accessible.pdf
0,0,2,2,25,25,8,0,0,15.130859375,0,1,4,3,2,1,4,1,20,1,1,24,1,0,25,11,0,0,n-10-75.pdf
0,0,2,2,11,11,3,0,0,34.0087890625,0,1,1,2,2,1,1,2,4,1,1,0,0,0,11,12,1,0,alabmalv.pdf
0,0,2,2,11,11,3,0,0,27.869140625,0,1,1,2,2,1,1,2,4,1,1,0,0,0,11,12,1,0,aspentch.pdf
0,0,1,1,6,6,2,0,0,86.5927734375,0,0,1,1,1,1,1,0,2,1,1,1,0,0,6,11,1,0,alibaba.pdf
0,0,2,0,162,162,142,0,0,126.546875,0,0,11,3,2,0,81,2,146,0,2,32,2,0,162,16,0,0,f1099r--2011.pdf
0,0,1,1,6,6,2,0,0,85.9697265625,0,0,1,1,1,1,1,0,2,1,1,1,0,0,6,12,1,0,colstcth.pdf
0,0,2,2,27,27,15,0,0,78.306640625,0,1,1,2,2,1,2,1,28,1,1,5,1,0,27,11,0,0,colligo.pdf
0,0,1,1,6,6,2,0,0,74.51171875,0,0,1,1,1,1,1,0,2,1,1,1,0,0,6,10,1,0,builho.pdf
0,0,2,2,23,23,11,0,0,85.162109375,0,1,1,2,2,1,2,1,22,1,1,5,1,0,23,12,0,0,bestentr.pdf
0,0,2,2,31,31,19,0,0,74.177734375,0,1,1,2,2,1,2,1,30,1,1,5,1,0,31,12,0,0,ameridol.pdf
0,0,1,1,6,6,2,0,0,86.4482421875,0,0,1,1,1,1,1,0,2,1,1,1,0,0,6,12,1,0,careprmn.pdf
0,0,4,4,393,393,24,0,0,110.9033203125,0,0,1,5,4,3,2,3,509,4,3,52,3,58,393,23,0,0,early_distributions.pdf
0,0,1,1,26,26,6,0,0,37.31640625,0,0,2,1,1,1,2,1,22,1,1,37,0,0,26,13,0,0,66fr59698.pdf
0,0,4,6,118,118,41,0,0,87.3134765625,0,0,2,7,4,3,14,6,140,3,5,114,12,34,117,11,0,0,f5305ea.pdf
0,0,1,1,6,6,2,0,0,85.0107421875,0,0,1,1,1,1,1,0,2,1,1,1,0,0,6,12,1,0,cbsparam.pdf
0,0,2,2,26,26,8,0,0,27.1904296875,0,1,5,3,2,1,5,1,12,2,1,15,1,0,26,11,0,0,a-10-88.pdf
0,0,2,2,117,117,12,1,0,67.0888671875,0,1,7,2,2,1,7,2,88,1,1,23,1,0,117,11,0,0,rr-03-6.pdf
0,0,1,1,6,6,2,0,0,74.177734375,0,0,1,1,1,1,1,0,2,1,1,1,0,0,6,12,1,0,citunltd.pdf
0,0,3,0,63,63,57,0,0,89.1240234375,0,0,2,3,3,0,11,3,33,0,3,5,1,0,63,20,0,0,f8804_accessible.pdf
0,0,1,1,66,66,19,0,0,66.76953125,0,0,19,1,1,1,1,0,6,1,1,9,0,0,66,20,0,0,eptt_neonatology.pdf
0,0,2,2,326,326,100,1,0,209.0361328125,0,1,97,2,2,1,97,2,20,1,1,132,0,0,326,11,0,0,rp02-47.pdf
0,0,2,2,171,171,14,1,0,100.40234375,0,1,5,2,2,1,5,2,156,1,1,53,1,1,171,12,0,0,rp-03-36.pdf
0,0,2,2,30,30,18,0,0,80.9326171875,0,1,1,2,2,1,2,1,29,1,1,5,1,0,30,17,0,0,blogtalkradio.pdf
0,0,3,0,46,46,34,0,0,170.05078125,0,0,1,3,3,0,3,3,18,0,3,14,2,0,46,15,0,0,caliredwood.pdf
0,0,3,3,86,86,33,0,0,59.5498046875,0,0,2,3,3,2,17,2,79,2,2,72,2,11,86,10,0,0,f5305s.pdf
0,0,2,2,40,40,18,0,0,40.1982421875,0,1,8,3,2,1,8,1,29,1,1,24,1,0,40,13,0,0,rr-04-111.pdf
0,0,2,0,34,34,31,0,0,195.7861328125,0,1,1,2,2,0,2,2,10,0,2,1,1,0,34,13,0,0,adizu_llc.pdf
0,0,2,2,61,61,16,0,0,33.515625,0,1,13,2,2,1,13,1,17,1,1,64,1,0,61,12,0,0,rp-04-43.pdf
0,0,2,0,35,35,32,0,0,199.626953125,0,1,1,2,2,0,3,2,11,0,2,1,1,0,35,14,0,0,bnimbl_inc.pdf
0,0,3,0,57,57,52,0,0,70.7841796875,0,0,1,3,3,0,13,3,35,0,3,5,2,0,57,10,0,0,f941sb.pdf
0,0,2,2,491,491,117,0,0,396.1005859375,0,1,106,2,2,1,107,2,21,1,1,134,1,1,491,14,0,0,eotopicp97.pdf
0,0,2,2,38,38,16,0,0,36.896484375,0,1,7,3,2,1,7,1,25,1,1,37,1,0,38,11,0,0,n-09-37.pdf
0,0,3,0,121,121,113,0,0,123.1083984375,0,0,4,3,3,0,61,3,86,0,3,23,1,0,121,8,0,0,f941.pdf
0,0,3,3,78,78,37,0,0,49.759765625,0,0,9,3,3,4,11,2,19,4,2,31,2,0,78,11,0,0,095001f.pdf
0,0,2,2,11,11,3,0,0,34.123046875,0,1,1,2,2,1,1,2,4,1,1,0,0,0,11,11,1,0,allinfo.pdf
0,0,2,2,27,27,9,0,0,78.529296875,0,1,1,2,2,1,1,2,14,1,1,25,1,0,27,13,0,0,ir-03-104.pdf
0,0,2,0,37,37,34,0,0,189.7880859375,0,1,1,2,2,0,2,2,10,0,2,1,1,0,37,14,0,0,benevolent.pdf
0,0,3,0,72,72,65,0,0,91.701171875,0,0,3,3,3,0,21,3,45,0,3,9,1,0,72,20,0,0,f8752_accessible.pdf
0,0,1,1,96,96,34,0,0,42.38671875,0,0,23,1,1,1,24,1,8,1,1,33,0,0,96,11,0,0,n-98-34.pdf
0,0,1,0,352,352,245,0,0,280.826171875,0,1,105,2,1,0,0,1,5,0,1,0,1,0,352,29,0,0,nov._ea2a1111_for_posting.pdf
0,0,2,2,25,25,6,0,0,10.8388671875,0,1,4,2,2,1,4,1,11,1,1,24,1,0,25,12,0,0,rp-07-20.pdf
0,0,3,3,74,74,25,0,0,88.23828125,0,0,7,4,3,4,7,3,31,4,2,35,3,0,74,8,0,0,p595.pdf
0,0,1,1,6,6,2,0,0,78.9423828125,0,0,1,1,1,1,1,0,2,1,1,1,0,0,6,12,1,0,answrlgy.pdf
0,0,3,0,143,143,137,0,0,127.115234375,0,0,2,3,3,0,89,3,109,0,3,31,1,0,143,11,0,0,f1120nd.pdf
0,0,2,2,233,233,41,0,0,208.529296875,0,1,8,2,2,1,13,1,61,1,1,114,1,1,233,11,0,0,i1041sd.pdf
0,0,3,3,71,71,42,0,0,277.19921875,0,0,6,4,3,2,0,3,44,2,2,83,2,0,71,37,0,0,aall-mla-sla-response-july10-2009.pdf
0,0,2,2,68,68,17,0,0,46.0703125,0,1,7,3,2,1,7,1,80,1,1,55,1,10,68,14,0,0,fs-2011-11.pdf
0,0,1,1,6,6,2,0,0,75.322265625,0,0,1,1,1,1,1,0,2,1,1,1,0,0,6,12,1,0,ambisoft.pdf
0,0,2,2,137,137,38,0,0,92.671875,0,1,38,2,2,1,38,2,24,1,1,78,1,0,137,12,0,0,compeitc.pdf
0,0,2,2,10,10,4,0,0,75.08984375,0,1,1,2,2,1,1,2,5,1,1,1,1,0,10,12,1,0,conmeded.pdf
0,0,3,0,49,49,43,0,0,68.634765625,0,0,2,4,3,0,2,3,27,0,3,2,2,0,49,9,0,0,f8328.pdf
0,0,2,0,30,30,27,0,0,173.4677734375,0,1,1,2,2,0,2,2,10,0,2,1,1,0,30,13,0,0,argo_tech.pdf
1,2,4,4,729,729,160,0,0,190.796875,0,0,2,4,4,3,134,6,795,3,3,154,3,99,729,21,0,1,fss4pr_accessible.pdf
0,0,2,2,31,31,19,0,0,90.814453125,0,1,1,2,2,1,2,1,32,1,1,5,1,0,31,14,0,0,associnsur.pdf
0,0,2,2,426,426,15,1,0,113.125,0,1,8,2,2,1,8,2,386,1,1,34,1,0,426,12,0,0,rr-03-30.pdf
0,0,2,0,27,27,22,0,0,72.61328125,0,1,3,2,2,0,0,2,4,0,2,0,1,0,27,20,0,0,C._Maxwell_Solie.pdf
0,0,2,0,42,42,37,0,0,62.318359375,0,1,3,3,2,0,0,2,12,0,2,0,1,0,42,13,0,0,76fr26769.pdf
0,0,2,2,31,31,11,0,0,22.9931640625,0,1,4,3,2,1,4,1,23,1,1,45,1,0,31,12,0,0,rr-08-46.pdf
0,0,2,2,11,11,3,0,0,25.1826171875,0,1,1,2,2,1,1,2,4,1,1,0,0,0,11,10,1,0,comadt.pdf
0,0,2,2,130,130,11,1,0,71.2255859375,0,1,5,2,2,1,5,2,119,1,1,29,1,0,130,12,0,0,rp-02-40.pdf
1,0,2,2,285,285,51,0,0,245.8212890625,0,1,33,2,2,1,33,1,93,1,1,100,1,42,285,12,0,0,irb05-49.pdf
0,0,1,1,147,147,48,0,0,156.6669921875,0,0,37,1,1,1,37,1,22,1,1,89,1,0,147,16,0,0,2004-2005pgp.pdf
0,0,2,2,107,107,31,1,0,64.4931640625,0,1,29,2,2,1,29,2,13,1,1,53,0,0,107,12,0,0,rp-00-48.pdf
0,0,2,2,34,34,12,0,0,32.3564453125,0,1,7,3,2,1,7,1,24,1,1,37,1,0,34,11,0,0,n-04-59.pdf
0,0,3,4,1381,1381,57,0,0,268.44140625,0,0,12,6,3,2,24,4,1312,2,4,117,2,0,1381,25,0,0,rp08_50_topical_index.pdf
0,0,2,2,49,49,13,0,0,28.291015625,0,1,7,3,2,1,7,1,31,1,1,28,1,0,49,12,0,0,rp-08-60.pdf
0,0,2,2,11,11,3,0,0,34.51953125,0,1,1,2,2,1,1,2,4,1,1,0,0,0,11,8,1,0,carl.pdf
0,0,2,2,54,54,16,0,0,28.4658203125,0,1,11,2,2,1,11,1,19,1,1,37,1,0,54,12,0,0,rr-08-10.pdf
0,0,2,2,45,45,16,0,0,62.9814453125,0,1,2,2,2,1,2,2,15,1,1,34,1,0,45,11,0,0,n-03-42.pdf
0,0,2,2,124,124,25,0,0,184.3994140625,0,1,1,2,2,1,2,1,85,1,1,59,1,2,124,17,0,0,consulting_md.pdf
0,0,2,2,43,43,8,0,0,27.56640625,0,1,5,3,2,1,5,1,20,2,1,25,1,0,43,12,0,0,rp-11-34.pdf
0,0,2,2,201,201,17,1,0,85.119140625,0,1,3,2,2,1,3,2,178,1,1,35,1,0,201,11,0,0,a-02-60.pdf
0,0,2,2,372,372,55,0,0,379.6708984375,0,1,33,2,2,1,33,1,84,1,1,111,1,34,372,12,0,0,irb06-06.pdf
0,0,5,0,176,176,166,0,0,137.623046875,0,0,5,6,5,0,108,5,138,0,5,46,4,0,176,10,0,0,f990sm.pdf
0,0,3,0,76,76,70,0,0,78.14453125,0,0,2,3,3,0,29,3,50,0,3,11,1,0,76,21,0,0,fw3cpr_accessible.pdf
0,0,2,2,11,11,3,0,0,29.8505859375,0,1,1,2,2,1,1,2,4,1,1,0,0,0,11,11,1,0,artcare.pdf
0,0,2,2,55,55,19,1,0,57.7216796875,0,1,2,2,2,1,2,1,48,1,1,64,1,3,55,13,0,0,71fr46402.pdf
0,0,2,2,28,28,9,0,0,128.869140625,0,1,2,2,2,1,2,1,18,1,1,30,2,0,28,8,0,0,cary.pdf
0,0,3,0,74,74,68,0,0,82.3154296875,0,0,2,3,3,0,26,3,49,0,3,10,1,0,74,22,0,0,f8453ex_accessible.pdf
0,0,2,2,205,205,19,0,0,198.7294921875,0,1,1,2,2,1,2,1,174,1,1,34,1,2,205,12,0,0,business.pdf
0,0,1,1,6,6,2,0,0,81.4140625,0,0,1,1,1,1,1,0,2,1,1,1,0,0,6,12,1,0,amerircs.pdf
0,0,5,0,73,73,66,0,0,99.123046875,0,0,2,6,5,0,15,5,48,0,5,7,4,0,73,11,0,0,f8879sp.pdf
0,0,2,2,27,27,10,0,0,21.0419921875,0,1,4,3,2,1,4,1,21,1,1,35,1,0,27,12,0,0,rr-08-33.pdf
0,0,2,2,37,37,5,0,0,304.373046875,0,1,1,2,2,1,0,1,7,1,1,0,1,1,37,30,0,0,3D_ch2mhill_pump_station_3.pdf
0,0,1,1,53,53,17,0,0,60.056640625,0,0,7,1,1,1,7,1,20,1,1,40,0,0,53,12,0,0,69fr8120.pdf
0,0,1,1,6,6,2,0,0,73.4140625,0,0,1,1,1,1,1,0,2,1,1,1,0,0,6,12,1,0,belaonln.pdf
0,0,2,2,115,115,51,0,0,119.8349609375,0,1,39,3,2,1,39,1,66,1,1,69,1,2,115,11,0,0,n-05-04.pdf
0,0,3,3,146,146,29,0,0,357.5791015625,0,0,4,3,3,2,4,7,161,2,2,75,2,23,146,9,0,0,p1321.pdf
0,0,1,1,6,6,2,0,0,76.9443359375,0,0,1,1,1,1,1,0,2,1,1,1,0,0,6,11,1,0,busybee.pdf
0,0,1,1,6,6,2,0,0,70.8369140625,0,0,1,1,1,1,1,0,2,1,1,1,0,0,6,12,1,0,comptgnt.pdf
0,0,2,2,12,12,4,0,0,24.646484375,0,1,1,2,2,1,1,2,5,1,1,0,1,0,12,12,1,0,apogeetl.pdf
0,0,5,0,471,471,469,0,0,370.060546875,0,0,6,5,5,1,388,5,365,1,5,55,5,0,471,24,0,0,5330_phoneforum_4979.pdf
0,0,2,2,31,31,10,1,0,10.455078125,0,1,2,2,2,1,2,2,7,1,1,9,0,0,31,12,0,0,rr59_354.pdf
0,0,1,1,36,36,8,0,0,25.091796875,0,0,7,1,1,1,7,1,14,1,1,35,1,0,36,11,0,0,055201f.pdf
0,0,2,2,52,52,15,0,0,33.935546875,0,1,10,2,2,1,10,1,17,1,1,48,1,0,52,11,0,0,n-09-31.pdf
0,0,2,0,67,67,53,0,0,130.5068359375,0,1,12,2,2,0,12,2,16,0,2,12,1,0,67,10,0,0,92apph.pdf
0,0,2,2,42,42,9,0,0,53.3486328125,0,1,4,3,2,1,4,1,27,2,1,66,1,1,42,11,0,0,n-10-52.pdf
0,0,1,2,421,421,46,0,0,187.3603515625,0,0,29,3,1,1,29,2,749,1,2,132,1,111,421,32,0,0,nta_testimony_idtheft_062812.pdf
0,0,2,2,74,74,11,2,0,26.123046875,0,0,1,2,2,2,2,2,58,2,2,44,2,4,74,18,0,0,tree_dsm_plans.pdf
0,0,2,2,79,79,23,0,0,41.46875,0,1,21,2,2,1,21,1,11,1,1,41,1,0,79,12,0,0,rp-08-66.pdf
0,0,3,0,161,161,147,0,0,171.9013671875,0,0,10,3,3,0,91,3,112,0,3,28,1,0,161,23,0,0,f1099r11_accessible.pdf
0,0,2,2,36,36,9,0,0,16.9248046875,0,1,7,2,2,1,7,1,14,1,1,37,1,0,36,12,0,0,rr-12-06.pdf
0,0,2,2,24,24,12,0,0,83.052734375,0,1,1,2,2,1,2,1,23,1,1,5,1,0,24,12,0,0,chapsity.pdf
0,0,2,2,32,32,10,0,0,24.234375,0,1,7,3,2,1,7,1,13,2,1,27,1,0,32,11,0,0,n-11-47.pdf
0,0,2,2,237,237,8,1,0,44.1318359375,0,1,4,2,2,1,4,2,163,1,1,14,1,0,237,12,0,0,rr-02-25.pdf
0,0,2,2,281,281,35,0,0,191.1708984375,0,1,12,2,2,1,17,1,62,1,1,89,1,9,281,9,0,0,i943x.pdf
0,0,1,1,9,9,4,0,0,190.3955078125,0,0,2,1,1,1,2,0,3,1,1,2,0,0,9,12,1,0,amchemcl.pdf
0,0,2,2,51,51,16,0,0,27.740234375,0,1,7,2,2,1,7,2,13,1,1,28,1,0,51,11,0,0,071701f.pdf
0,0,2,2,62,62,47,0,0,128.97265625,0,1,2,2,2,1,3,1,68,1,1,5,1,0,62,11,0,0,achfood.pdf
0,0,1,1,24,24,6,0,0,46.919921875,0,0,1,1,1,1,1,1,26,1,1,47,0,0,24,13,0,0,73fr40392.pdf
0,0,2,2,27,27,8,0,0,62.5703125,0,1,2,2,2,1,2,2,13,1,1,26,1,0,27,11,0,0,n-03-57.pdf
0,0,1,1,6,6,2,0,0,71.9169921875,0,0,1,1,1,1,1,0,2,1,1,1,0,0,6,12,1,0,boommusi.pdf
0,0,1,1,6,6,2,0,0,74.19140625,0,0,1,1,1,1,1,0,2,1,1,1,0,0,6,12,1,0,aimatmel.pdf
0,0,3,4,38,38,12,0,0,69.501953125,0,0,1,6,3,2,1,4,31,2,4,52,2,0,38,29,0,0,2011_irpac-irsac_meetings.pdf
0,0,1,1,6,6,2,0,0,78.794921875,0,0,1,1,1,1,1,0,2,1,1,1,0,0,6,12,1,0,centstag.pdf
0,0,2,2,34,34,10,0,0,25.91015625,0,1,7,3,2,1,7,1,15,2,1,37,1,0,34,18,0,0,notice_2011-71.pdf
0,0,2,2,73,73,26,0,0,71.8642578125,0,1,16,3,2,1,16,1,52,1,1,79,1,2,73,11,0,0,n-12-46.pdf
0,0,2,2,26,26,7,0,0,13.1591796875,0,1,5,2,2,1,5,1,9,1,1,15,1,0,26,11,0,0,n-11-21.pdf
0,0,2,2,79,79,17,1,0,56.8818359375,0,1,16,2,2,1,16,2,54,1,1,51,0,11,79,53,0,0,field_directive_samp_method_research_credit_cases.pdf
0,0,2,2,11,11,3,0,0,25.8662109375,0,1,1,2,2,1,1,2,4,1,1,0,0,0,11,9,1,0,clesa.pdf
0,0,1,1,9,9,4,0,0,176.34765625,0,0,2,1,1,1,2,0,3,1,1,2,0,0,9,12,1,0,civicact.pdf
0,0,2,2,11,11,3,0,0,19.181640625,0,1,1,2,2,1,1,2,4,1,1,0,0,0,11,10,1,0,carnet.pdf
0,1,4,4,166,166,84,0,0,207.8720703125,0,0,1,4,4,3,67,3,150,3,3,68,3,47,166,10,0,0,f8609a.pdf
0,0,2,2,35,35,12,0,0,32.9814453125,0,1,3,3,2,1,3,1,32,1,1,42,1,1,35,11,0,0,ice-pia.pdf
0,0,2,2,25,25,11,0,0,16.1865234375,0,1,1,2,2,1,1,1,11,1,1,21,1,0,25,13,0,0,07cofiges.pdf
0,0,2,2,59,59,28,0,0,75.43359375,0,1,9,3,2,1,9,1,48,1,1,56,1,1,59,11,0,0,eds-pia.pdf
0,0,2,2,16,16,5,0,0,53.974609375,0,1,2,2,2,1,2,2,5,1,1,0,0,0,16,12,0,0,bucktele.pdf
0,0,2,2,12,12,4,0,0,16.3515625,0,1,1,2,2,1,1,2,5,1,1,0,1,0,12,11,1,0,cc_viii.pdf
0,0,2,2,60,60,18,0,0,36.470703125,0,1,12,3,2,1,12,1,37,1,1,22,1,1,60,11,0,0,n-11-99.pdf
0,0,1,1,6,6,2,0,0,103.4345703125,0,0,1,1,1,1,1,0,2,1,1,1,0,0,6,12,1,0,bonvlydc.pdf
0,0,2,2,47,47,12,0,0,33.666015625,0,1,10,2,2,1,10,1,15,1,1,50,1,0,47,41,0,0,2010_arbitration_mou_nov_8-10_-_final.pdf
0,0,2,0,796,796,246,0,0,205.8212890625,0,0,2,2,2,1,212,2,250,1,2,174,2,0,796,10,0,0,f940sa.pdf
0,0,2,2,19,19,11,0,0,38.9345703125,0,1,3,2,2,1,3,1,7,1,1,0,1,0,19,7,0,0,bmi.pdf
0,0,2,2,55,55,21,0,0,63.076171875,0,1,5,2,2,1,5,1,43,1,1,53,1,2,55,13,0,0,74fr32805.pdf
0,0,2,2,43,43,18,0,0,58.09375,0,1,2,2,2,1,2,1,33,1,1,59,1,0,43,13,0,0,70fr12631.pdf
0,0,1,1,6,6,2,0,0,72.01953125,0,0,1,1,1,1,1,0,2,1,1,1,0,0,6,12,1,0,cardsauc.pdf
0,0,1,1,17,17,10,0,0,139.2255859375,0,0,2,1,1,1,2,1,7,1,1,0,0,0,17,11,0,0,1233030.pdf
6,8,8,14,368,368,163,0,5,170.5771484375,0,0,2,21,8,7,106,19,385,7,19,83,7,60,368,28,0,1,vc_appendix_f_schedule_2.pdf
0,0,2,2,159,159,28,0,0,136.4228515625,0,1,4,2,2,1,7,1,50,1,1,86,1,1,159,10,0,0,i8804w.pdf
0,0,2,2,36,36,8,0,0,16.1416015625,0,1,4,3,2,1,4,1,24,1,1,14,1,0,36,12,0,0,rp-08-61.pdf
0,0,2,2,65,65,16,0,0,45.1416015625,0,1,14,2,2,1,14,2,22,1,1,49,1,0,65,11,0,0,059siia.pdf
0,0,2,2,24,24,6,0,0,17.5947265625,0,1,3,3,2,1,3,1,13,2,1,23,1,0,24,11,0,0,n-11-32.pdf
0,0,2,2,90,90,27,0,0,59.421875,0,1,23,2,2,1,23,2,9,1,1,29,1,0,90,11,0,0,p141590.pdf
0,0,2,2,93,93,36,0,0,75.9521484375,0,1,30,3,2,1,30,1,54,1,1,50,1,1,93,11,0,0,n-08-63.pdf
0,0,2,2,267,267,27,0,0,183.7353515625,0,1,10,2,2,1,11,1,35,1,1,66,1,2,267,9,0,0,i8621.pdf
0,0,2,2,28,28,7,0,0,14.095703125,0,1,4,2,2,1,4,1,14,1,1,35,1,0,28,12,0,0,rr-10-08.pdf
0,0,3,3,217,217,42,0,0,184.6279296875,0,0,6,4,3,2,12,2,91,2,2,144,2,2,217,9,0,0,i8889.pdf
0,0,2,2,36,36,9,0,0,16.5869140625,0,1,7,2,2,1,7,1,13,1,1,37,1,0,36,12,0,0,rp-07-64.pdf
0,0,2,2,32,32,11,0,0,21.6806640625,0,1,1,2,2,1,1,1,19,1,1,45,1,0,32,23,0,0,8-robert-martinengo.pdf
0,0,3,0,44,44,32,0,0,158.916015625,0,0,1,3,3,0,3,3,18,0,3,14,2,0,44,17,0,0,calicocottage.pdf
0,1,2,2,276,276,40,0,0,207.70703125,0,1,2,2,2,1,26,1,264,1,1,61,1,209,276,9,0,0,f706d.pdf
0,0,1,1,120,120,32,0,0,145.224609375,0,0,32,1,1,1,32,1,22,1,1,81,0,0,120,12,0,0,97eounrl.pdf
0,0,2,2,48,48,18,0,0,58.087890625,0,1,3,2,2,1,3,1,37,1,1,60,1,1,48,13,0,0,70fr39178.pdf
0,0,1,1,48,48,10,0,0,52.2060546875,0,0,10,1,1,1,10,1,19,1,1,52,0,0,48,12,0,0,97pfpanl.pdf
0,0,2,2,33,33,21,0,0,76.4716796875,0,1,1,2,2,1,2,1,32,1,1,5,1,0,33,14,0,0,baittackle.pdf
0,0,2,2,22,22,7,0,0,16.5908203125,0,1,2,3,2,1,2,1,18,1,1,33,1,0,22,11,0,0,n-06-18.pdf
0,0,3,3,195,195,56,0,0,269.14453125,0,0,46,4,3,2,50,3,29,2,2,100,0,0,195,12,0,0,irb02-02.pdf
0,0,2,2,27,27,8,0,0,48.2099609375,0,1,3,2,2,1,3,2,11,1,1,19,1,0,27,12,0,0,rr-03-32.pdf
0,0,1,1,6,6,2,0,0,76.15625,0,0,1,1,1,1,1,0,2,1,1,1,0,0,6,11,1,0,amplify.pdf
0,0,2,2,215,215,96,0,0,187.67578125,0,1,86,3,2,1,86,1,118,1,1,129,1,2,215,11,0,0,n-10-06.pdf
0,0,2,2,381,381,125,0,0,294.4794921875,0,1,29,6,2,6,29,1,244,6,6,252,6,0,381,8,0,0,p393.pdf
0,0,2,2,216,216,14,1,0,94.1943359375,0,1,9,2,2,1,9,2,165,1,1,25,1,0,216,12,0,0,rr-02-85.pdf
0,0,2,2,37,37,13,0,0,96.3564453125,0,1,3,2,2,1,3,1,18,1,1,49,1,0,37,15,0,0,idd965final.pdf
0,0,2,0,116,116,111,0,0,204.6240234375,0,1,3,2,2,0,0,2,66,0,2,0,1,0,116,16,0,0,cp521_korean.pdf
0,0,1,1,6,6,2,0,0,75.8203125,0,0,1,1,1,1,1,0,2,1,1,1,0,0,6,12,1,0,americad.pdf
0,0,2,2,11,11,3,0,0,26.2431640625,0,1,1,2,2,1,1,2,4,1,1,0,0,0,11,12,1,0,airtchcm.pdf
0,0,3,0,94,94,88,0,0,95.2099609375,0,0,2,3,3,0,41,3,64,0,3,15,1,0,94,21,0,0,f8038g_accessible.pdf
0,0,2,0,186,186,180,0,0,76.494140625,0,0,2,4,2,0,141,2,160,0,2,12,2,0,186,11,0,0,f5471so.pdf
0,0,1,0,84,84,76,0,0,348.384765625,0,1,6,2,1,0,6,1,41,0,1,6,2,0,84,9,0,0,p3609.pdf
0,0,2,0,31,31,28,0,0,170.7900390625,0,1,1,2,2,0,3,2,10,0,2,1,1,0,31,19,0,0,channel_capital.pdf
0,0,1,0,109,109,83,0,0,189.7626953125,0,1,24,2,1,0,1,1,8,0,1,1,1,0,109,9,0,0,p6961.pdf
0,0,2,0,20,20,17,0,0,232.5703125,0,1,1,2,2,0,1,2,9,0,2,0,1,0,20,8,0,0,apta.pdf
0,0,1,1,6,6,2,0,0,65.5693359375,0,0,1,1,1,1,1,0,2,1,1,1,0,0,6,12,1,0,artstunt.pdf
0,0,2,2,138,138,24,0,0,200.638671875,0,1,1,2,2,1,2,1,98,1,1,57,1,1,138,14,0,0,a20_mobile.pdf
0,0,2,2,11,11,3,0,0,27.4970703125,0,1,1,2,2,1,1,2,4,1,1,0,0,0,11,9,1,0,advit.pdf
0,0,2,2,25,25,6,0,0,11.5126953125,0,1,4,2,2,1,4,1,11,1,1,24,1,0,25,12,0,0,rp-12-21.pdf
0,0,2,2,24,24,7,0,0,48.66796875,0,1,3,2,2,1,3,2,9,1,1,11,1,0,24,12,0,0,rr-03-77.pdf
0,0,2,0,44,44,40,0,0,68.806640625,0,1,2,2,2,0,2,2,14,0,2,2,1,0,44,10,0,0,92appm.pdf
0,0,4,0,75,75,68,0,0,90.4580078125,0,0,2,5,4,0,21,4,52,0,4,9,3,0,75,11,0,0,f8878sp.pdf
0,0,4,0,70,70,63,0,0,84.765625,0,0,2,5,4,0,18,4,48,0,4,8,3,0,70,10,0,0,f8453b.pdf
0,0,2,2,26,26,9,0,0,360.6611328125,0,1,4,2,2,1,4,2,7,1,1,0,0,0,26,10,0,0,aicpcu.pdf
0,0,2,2,10,10,4,0,0,51.70703125,0,1,1,2,2,1,1,2,5,1,1,1,1,0,10,12,1,0,adltstaf.pdf
0,0,1,1,6,6,2,0,0,79.80078125,0,0,1,1,1,1,1,0,2,1,1,1,0,0,6,11,1,0,alcanll.pdf
0,0,2,0,34,34,31,0,0,205.51171875,0,1,1,2,2,0,2,2,10,0,2,1,1,0,34,13,0,0,atlassian.pdf
0,0,3,0,55,55,49,0,0,76.435546875,0,0,2,3,3,0,5,3,28,0,3,3,1,0,55,21,0,0,f1041t_accessible.pdf
0,0,2,2,60,60,24,0,0,49.5009765625,0,1,4,2,2,1,4,1,38,1,1,60,1,0,60,9,0,0,i8872.pdf
0,0,1,1,30,30,10,0,0,10.91015625,0,0,4,1,1,1,5,1,7,1,1,12,0,0,30,12,0,0,rr-99-35.pdf
0,0,1,1,6,6,2,0,0,75.443359375,0,0,1,1,1,1,1,0,2,1,1,1,0,0,6,12,1,0,copperas.pdf
0,0,2,2,268,268,43,0,0,204.240234375,0,1,10,3,2,1,15,1,78,1,1,136,1,2,268,9,0,0,i1045.pdf
0,0,2,2,94,94,25,0,0,203.125,0,0,8,2,2,2,13,2,63,2,2,83,1,1,94,12,0,0,75fr3863.pdf
0,0,2,2,46,46,15,0,0,43.978515625,0,1,7,3,2,1,7,1,30,1,1,60,1,0,46,11,0,0,n-04-84.pdf
0,0,2,2,11,11,3,0,0,25.4638671875,0,1,1,2,2,1,1,2,4,1,1,0,0,0,11,11,1,0,camronu.pdf
0,0,1,1,6,6,2,0,0,83.47265625,0,0,1,1,1,1,1,0,2,1,1,1,0,0,6,12,1,0,barbrdgp.pdf
0,0,2,2,138,138,41,0,0,101.2802734375,0,1,35,2,2,1,36,1,26,1,1,68,1,1,138,46,0,0,2009_-_2010_priority_guidance_plan_initial.pdf
0,0,3,0,93,93,87,0,0,98.9267578125,0,0,2,3,3,0,41,3,64,0,3,15,1,0,93,12,0,0,f1040prh.pdf
0,0,2,2,48,48,23,0,0,46.2314453125,0,1,5,3,2,1,5,1,36,1,1,44,1,1,48,11,0,0,tpc-pia.pdf
0,0,2,2,77,77,23,0,0,44.21875,0,1,21,2,2,1,21,1,9,1,1,31,1,0,77,11,0,0,n-05-80.pdf
0,0,1,1,6,6,2,0,0,71.412109375,0,0,1,1,1,1,1,0,2,1,1,1,0,0,6,12,1,0,amdocmnt.pdf
0,0,2,2,31,31,8,0,0,15.2939453125,0,1,6,2,2,1,6,1,11,1,1,26,1,0,31,11,0,0,a-07-44.pdf
0,0,2,2,275,275,32,0,0,183.6904296875,0,1,9,2,2,1,14,1,76,1,1,86,1,16,275,8,0,0,i941.pdf
63,63,3,3,210,210,15,2,0,166.720703125,0,0,1,3,3,2,3,2,179,2,2,54,2,64,210,32,0,1,students_cword_puzzle_090809.pdf
0,0,2,2,81,81,22,0,0,61.15625,0,1,3,2,2,1,3,1,104,1,1,67,1,15,81,13,0,0,75fr72771.pdf
0,0,1,1,14,14,9,0,0,5.380859375,0,0,1,1,1,1,8,1,10,1,1,10,0,0,14,20,1,0,purepdf_barcodes.pdf
0,0,2,2,101,101,10,1,0,71.4482421875,0,1,4,2,2,1,4,2,105,1,1,28,1,0,101,12,0,0,rr-03-11.pdf
0,0,2,2,111,111,20,0,0,154.2470703125,0,0,5,2,2,2,11,2,127,2,2,73,1,18,111,12,0,0,76fr4072.pdf
0,0,2,2,11,11,3,0,0,25.44140625,0,1,1,2,2,1,1,2,4,1,1,0,0,0,11,12,1,0,colstros.pdf
0,0,2,2,32,32,8,0,0,15.9267578125,0,1,5,2,2,1,5,1,13,1,1,35,1,0,32,11,0,0,n-07-57.pdf
0,0,2,2,11,11,3,0,0,26.611328125,0,1,1,2,2,1,1,2,4,1,1,0,0,0,11,12,1,0,amsintds.pdf
0,0,3,0,71,71,65,0,0,84.123046875,0,0,2,3,3,0,20,3,38,0,3,8,1,0,71,22,0,0,f8610sa_accessible.pdf
0,0,1,1,32,32,6,0,0,22.7783203125,0,0,6,1,1,1,6,1,18,1,1,41,0,0,32,40,0,0,cost_capturing_approaches_2004-05-24.pdf
0,0,4,4,140,140,57,0,0,178.751953125,0,0,2,5,4,3,6,3,121,3,3,177,3,0,140,12,0,0,p4346bkr.pdf
0,0,2,2,120,120,82,0,0,75.01953125,0,1,3,3,2,0,15,1,86,1,1,74,1,0,120,17,0,0,cp71c_english.pdf
0,0,2,2,31,31,6,1,0,14.298828125,0,1,5,2,2,1,5,2,13,1,1,33,0,0,31,11,0,0,n-01-45.pdf
0,0,2,2,59,59,16,1,0,30.185546875,0,1,14,2,2,1,14,2,14,1,1,30,0,0,59,11,0,0,n-02-45.pdf
0,0,1,1,60,60,15,0,0,107.93359375,0,0,15,1,1,1,15,1,15,1,1,42,0,0,60,13,0,0,63fr49823.pdf
0,0,2,2,24,24,5,0,0,13.9384765625,0,1,3,2,2,1,3,1,13,1,1,33,1,0,24,11,0,0,n-05-60.pdf
0,1,3,3,138,138,70,0,0,249.8125,0,0,3,3,3,2,53,3,122,2,2,84,2,32,138,9,0,0,f8281.pdf
7,7,2,2,102,102,20,0,0,2042.0087890625,0,1,1,2,2,1,6,1,122,7,1,98,1,23,102,29,0,1,3D_CraneAnimationSequence.pdf
0,0,2,2,56,56,23,0,0,106.0244140625,0,1,3,2,2,1,3,1,29,1,1,96,1,0,56,27,0,0,ipu_cpr-os-10-1210-1757.pdf
0,0,2,2,26,26,6,0,0,14.6328125,0,1,2,2,2,1,2,1,15,1,1,43,1,0,26,11,0,0,n-08-07.pdf
0,0,2,2,217,217,11,1,0,83.1416015625,0,1,5,2,2,1,5,2,157,1,1,29,1,0,217,12,0,0,rr-02-67.pdf
0,0,2,2,28,28,9,0,0,17.5048828125,0,1,4,3,2,1,4,1,23,1,1,24,1,1,28,11,0,0,n-08-54.pdf
0,0,3,3,57,57,22,0,0,48.541015625,0,0,2,5,3,4,2,2,42,4,2,42,2,0,57,9,0,0,p4275.pdf
0,0,2,2,11,11,3,0,0,24.2119140625,0,1,1,2,2,1,1,2,4,1,1,0,0,0,11,11,1,0,colbsaw.pdf
0,0,2,2,239,239,33,0,0,168.6826171875,0,1,7,2,2,1,11,1,71,1,1,101,1,9,239,8,0,0,ict1.pdf
0,0,1,1,6,6,2,0,0,60.388671875,0,0,1,1,1,1,1,0,2,1,1,1,0,0,6,13,1,0,Best BBWS.pdf
0,0,2,2,151,151,30,0,0,148.01953125,0,1,5,2,2,1,9,1,48,1,1,87,1,0,151,9,0,0,i8615.pdf
0,0,2,2,212,212,25,0,0,159.64453125,0,1,5,2,2,1,7,1,52,1,1,78,1,6,212,10,0,0,i990bl.pdf
0,0,1,1,75,75,21,0,0,79.0791015625,0,0,20,1,1,1,20,1,11,1,1,32,0,0,75,11,0,0,busplan.pdf
0,0,3,0,234,234,224,0,0,300.02734375,0,0,6,3,3,0,144,3,169,0,3,58,1,0,234,23,0,0,f1120icd_accessible.pdf
0,0,2,0,41,41,38,0,0,236.7568359375,0,1,1,2,2,0,2,2,10,0,2,1,1,0,41,13,0,0,asana_inc.pdf
0,0,2,2,87,87,23,0,0,61.328125,0,1,8,3,2,1,8,1,99,1,1,71,1,13,87,25,0,0,15-keith-kupferschmid.pdf
0,0,2,2,39,39,16,0,0,52.3671875,0,1,1,2,2,1,1,1,33,1,1,58,1,0,39,13,0,0,70fr38022.pdf
0,0,2,2,30,30,8,0,0,246.154296875,0,0,1,3,2,1,1,3,19,1,3,47,0,0,30,58,0,0,2009_symposium_on_ipca_and_japan_joint_press_statement.pdf
0,0,1,1,6,6,2,0,0,82.7333984375,0,0,1,1,1,1,1,0,2,1,1,1,0,0,6,10,1,0,apture.pdf
0,0,2,2,94,94,33,0,0,240.6337890625,0,1,1,2,2,1,3,2,89,1,1,102,4,10,94,16,0,0,10esgiftsnap.pdf
0,0,2,2,28,28,16,0,0,90.373046875,0,1,1,2,2,1,2,1,27,1,1,5,1,0,28,12,0,0,collegnj.pdf
0,0,1,1,6,6,2,0,0,81.0732421875,0,0,1,1,1,1,1,0,2,1,1,1,0,0,6,12,1,0,adopticn.pdf
0,0,2,2,92,92,26,0,0,68.763671875,0,1,25,2,2,1,25,2,12,1,1,43,0,0,92,12,0,0,1999_pgp.pdf
0,0,4,0,93,93,87,0,0,74.291015625,0,0,1,5,4,0,50,4,76,0,4,34,3,0,93,11,0,0,f1120fv.pdf
0,0,2,2,27,27,6,0,0,10.9638671875,0,1,4,2,2,1,4,1,13,1,1,34,1,0,27,12,0,0,rr-07-36.pdf
0,0,2,2,11,11,3,0,0,27.0888671875,0,1,1,2,2,1,1,2,4,1,1,0,0,0,11,12,1,0,autmedia.pdf
0,0,2,2,25,25,6,0,0,11.552734375,0,1,4,2,2,1,4,1,11,1,1,24,1,0,25,12,0,0,rr-10-13.pdf
0,0,2,2,47,47,12,1,0,25.7900390625,0,1,11,2,2,1,11,2,9,1,1,25,0,0,47,12,0,0,rr-01-15.pdf
0,0,2,0,37,37,34,0,0,191.4365234375,0,1,1,2,2,0,2,2,10,0,2,1,1,0,37,16,0,0,arcbazar_com.pdf
0,0,4,0,56,56,52,0,0,91.2783203125,0,0,2,5,4,0,0,4,29,0,4,0,4,0,56,11,0,0,fw4s_11.pdf
0,0,2,2,28,28,16,0,0,93.0361328125,0,1,1,2,2,1,2,1,27,1,1,5,1,0,28,12,0,0,brainwav.pdf
0,0,1,1,9,9,4,0,0,20.4296875,0,0,1,1,1,1,1,1,11,1,1,0,1,0,9,12,1,0,computer.pdf
0,0,2,0,86,86,61,0,0,69.091796875,0,0,6,4,2,0,15,2,100,0,2,19,2,0,86,10,0,0,f5498e.pdf
0,0,1,1,7,7,1,0,0,1.3662109375,0,0,1,1,1,1,1,1,4,1,1,0,0,2,7,28,1,0,purepdf_simpleannotation.pdf
0,0,1,1,6,6,2,0,0,76.31640625,0,0,1,1,1,1,1,0,2,1,1,1,0,0,6,12,1,0,amercoll.pdf
0,0,2,2,27,27,15,0,0,78.4111328125,0,1,1,2,2,1,2,1,26,1,1,5,1,0,27,11,0,0,capitne.pdf
0,0,2,2,41,41,18,0,0,40.1171875,0,1,9,3,2,1,9,1,31,1,1,25,1,0,41,12,0,0,rr-06-49.pdf
0,0,2,2,27,27,6,0,0,11.34765625,0,1,4,2,2,1,4,1,13,1,1,34,1,0,27,12,0,0,rr-08-03.pdf
0,0,2,2,31,31,19,0,0,78.048828125,0,1,1,2,2,1,2,1,32,1,1,5,1,0,31,11,0,0,ar15com.pdf
0,0,2,2,11,11,3,0,0,27.6572265625,0,1,1,2,2,1,1,2,4,1,1,0,0,0,11,10,1,0,chemcc.pdf
0,0,3,0,46,46,40,0,0,59.53125,0,0,2,3,3,0,8,3,30,0,3,6,2,0,46,9,0,0,f3491.pdf
0,0,2,2,74,74,36,0,0,60.2080078125,0,1,3,3,2,0,10,1,52,1,1,76,1,0,74,16,0,0,cp12_english.pdf
0,0,1,1,74,74,7,0,0,23.06640625,0,0,2,1,1,2,2,1,58,2,1,30,1,0,74,10,0,0,081401.pdf
0,0,3,0,82,82,76,0,0,113.3857421875,0,0,2,3,3,0,26,3,49,0,3,10,1,0,82,20,0,0,f1116_accessible.pdf
0,0,4,6,180,180,73,0,0,112.3447265625,0,0,2,7,4,3,42,6,244,3,5,157,3,54,179,11,0,0,f8453sp.pdf
0,0,2,4,253,253,71,0,0,159.5615234375,0,0,2,4,2,2,41,3,267,2,3,126,2,123,252,12,0,0,f1065sk1.pdf
1,2,2,2,161,161,33,0,0,62.5869140625,0,1,1,2,2,1,11,4,181,1,1,60,1,12,161,20,0,1,f5768_accessible.pdf
0,0,2,2,79,79,18,0,0,342.9921875,0,1,8,2,2,1,8,1,61,1,1,106,1,0,79,11,0,0,ar-1874.pdf
0,0,1,1,20,20,7,0,0,4.4638671875,0,0,1,1,1,1,7,1,26,1,1,16,0,6,20,27,0,0,purepdf_formwithtooltip.pdf
0,0,2,2,30,30,7,0,0,14.4638671875,0,1,3,3,2,1,3,1,20,1,1,13,1,0,30,12,0,0,rp-08-53.pdf
0,0,2,2,12,12,4,0,0,23.4208984375,0,1,1,2,2,1,1,2,5,1,1,0,1,0,12,12,1,0,arcmanor.pdf
2,3,1,2,110,110,39,0,0,46.33203125,0,0,2,3,1,1,17,2,100,1,2,66,1,11,110,22,0,1,f5305sa_accessible.pdf
0,0,2,2,42,42,10,1,0,25.7939453125,0,1,8,2,2,1,8,2,14,1,1,37,0,0,42,11,0,0,n-01-13.pdf
0,0,2,2,122,122,51,0,0,353.421875,0,1,2,2,2,1,4,1,83,1,1,127,7,0,122,10,0,0,f13072.pdf
0,0,2,2,153,153,19,1,0,37.8203125,0,1,4,2,2,1,4,1,132,1,1,46,1,1,153,15,0,0,31pickering.pdf
0,0,2,0,37,37,34,0,0,195.4609375,0,1,1,2,2,0,2,2,10,0,2,1,1,0,37,12,0,0,centoria.pdf
0,0,3,3,766,766,130,0,0,171.50390625,0,0,5,3,3,2,121,2,775,2,2,61,2,92,766,10,0,0,f13930.pdf
0,0,2,2,46,46,18,0,0,51.478515625,0,1,6,3,2,1,6,1,40,1,1,55,1,1,46,13,0,0,elf-r-pia.pdf
0,0,2,0,30,30,27,0,0,176.2119140625,0,1,1,2,2,0,2,2,10,0,2,1,1,0,30,17,0,0,asahi_net_inc.pdf
0,0,3,3,251,251,24,0,0,76.4638671875,0,0,2,3,3,5,5,6,165,5,3,28,3,0,251,11,0,0,094302f.pdf
0,0,1,1,10,10,3,0,0,1.86328125,0,0,3,1,1,1,3,1,2,1,1,5,0,0,10,22,1,0,purepdf_rotatepage.pdf
0,0,5,0,76,76,68,0,0,106.845703125,0,0,2,6,5,0,15,5,48,0,5,7,4,0,76,7,0,0,fw4.pdf
0,0,2,2,48,48,17,0,0,33.419921875,0,1,13,3,2,1,13,1,34,1,1,33,1,1,48,11,0,0,n-06-48.pdf
0,0,2,2,46,46,12,0,0,29.6416015625,0,1,9,2,2,1,9,1,15,1,1,49,1,0,46,19,0,0,cp_qa_06-10_1.3.pdf
0,0,2,2,263,263,22,0,0,208.939453125,0,1,1,2,2,1,2,1,231,1,1,47,1,2,263,22,0,0,constance_anderson.pdf
0,0,2,2,11,11,3,0,0,25.5478515625,0,1,1,2,2,1,1,2,4,1,1,0,0,0,11,12,1,0,centmtcm.pdf
0,0,2,2,25,25,7,0,0,18.564453125,0,1,1,2,2,1,1,2,20,1,1,31,1,0,25,13,0,0,66fr40322.pdf
0,0,3,0,91,91,83,0,0,121.951171875,0,0,4,3,3,0,31,3,56,0,3,13,1,0,91,21,0,0,f944sp_accessible.pdf
0,0,1,0,26,26,22,0,0,59.1416015625,0,1,2,2,1,0,0,1,15,0,1,0,1,0,26,28,0,0,act_renewal_charter_2011.pdf
0,0,2,2,12,12,4,0,0,51.2978515625,0,1,1,2,2,1,1,2,5,1,1,0,1,0,12,12,1,0,cenicorg.pdf
0,0,2,2,25,25,13,0,0,72.2060546875,0,1,1,2,2,1,2,1,24,1,1,5,1,0,25,17,0,0,activemedserv.pdf
0,0,2,2,444,444,36,0,0,175.001953125,0,1,31,2,2,1,31,2,755,1,1,94,1,135,444,28,0,0,ntatestimonytaxgap102605.pdf
0,0,2,2,35,35,16,0,0,29.2265625,0,1,1,3,2,1,1,1,21,1,1,21,1,1,35,20,0,0,tax_gap_map_2006.pdf
0,0,2,2,41,41,10,0,0,24.892578125,0,1,8,2,2,1,8,1,15,1,1,48,1,0,41,12,0,0,rr-12-04.pdf
0,0,2,2,84,84,12,1,0,43.6748046875,0,1,1,2,2,1,1,2,67,1,1,9,1,0,84,13,0,0,rr-03-108.pdf
0,0,5,5,473,473,39,0,0,151.41796875,0,0,5,5,5,4,10,4,431,4,4,78,4,0,473,31,0,0,f990partvi_instructions2008.pdf
0,0,2,2,104,104,21,0,0,94.2783203125,0,1,1,2,2,1,3,1,82,1,1,28,1,0,104,8,0,0,bitt.pdf
0,0,2,0,40,40,37,0,0,204.97265625,0,1,1,2,2,0,2,2,10,0,2,1,1,0,40,18,0,0,browser_brains.pdf
0,0,2,2,141,141,24,0,0,142.82421875,0,1,3,2,2,1,6,1,52,1,1,80,1,5,141,9,0,0,i8952.pdf
1,2,2,2,133,133,49,0,0,77.8330078125,0,1,2,3,2,1,21,1,158,1,1,81,1,33,133,21,0,1,f8878a_accessible.pdf
0,0,2,2,28,28,7,0,0,13.646484375,0,1,5,2,2,1,5,1,11,1,1,25,1,0,28,11,0,0,n-07-60.pdf
0,0,2,2,30,30,9,0,0,52.509765625,0,1,3,2,2,1,3,2,13,1,1,27,1,0,30,12,0,0,rr-04-62.pdf
0,0,2,2,48,48,17,0,0,30.9873046875,0,1,13,3,2,1,13,1,28,1,1,23,1,0,48,12,0,0,rr-10-04.pdf
0,0,2,2,11,11,3,0,0,23.494140625,0,1,1,2,2,1,1,2,4,1,1,0,0,0,11,11,1,0,agitech.pdf
0,0,3,0,55,55,37,0,0,163.9013671875,0,0,2,3,3,0,4,3,29,0,3,15,2,0,55,12,0,0,p3067ecn.pdf
0,0,1,1,20,20,2,0,0,21.1298828125,0,0,2,1,1,1,2,1,14,1,1,29,0,0,20,13,0,0,64fr23875.pdf
0,0,2,0,32,32,28,0,0,101.8046875,0,1,2,2,2,0,3,2,12,0,2,2,1,0,32,12,0,0,alexnews.pdf
0,0,2,2,12,12,4,0,0,16.744140625,0,1,1,2,2,1,1,2,5,1,1,0,1,0,12,12,1,0,ccviilsg.pdf
0,0,1,1,69,69,33,0,0,44.2666015625,0,0,8,1,1,1,10,1,16,1,1,37,1,0,69,11,0,0,071702f.pdf
0,0,3,0,112,112,102,0,0,145.69140625,0,0,6,3,3,0,48,3,72,0,3,20,1,0,112,23,0,0,f1120pol_accessible.pdf
0,0,2,2,67,67,27,0,0,54.9375,0,1,4,2,2,1,4,1,43,1,1,68,1,0,67,9,0,0,i2553.pdf
0,0,2,2,41,41,10,1,0,20.0908203125,0,1,8,2,2,1,8,2,13,1,1,32,0,0,41,12,0,0,rr-01-60.pdf
0,0,1,1,6,6,2,0,0,77.478515625,0,0,1,1,1,1,1,0,2,1,1,1,0,0,6,12,1,0,augimage.pdf
0,0,3,0,84,84,78,0,0,111.5986328125,0,0,2,3,3,0,41,3,61,0,3,2,1,0,84,20,0,0,fw312_accessible.pdf
0,0,2,2,56,56,13,0,0,32.103515625,0,1,9,3,2,1,9,1,62,1,1,29,1,8,56,12,0,0,rr-08-25.pdf
0,0,2,2,34,34,22,0,0,96.44921875,0,1,1,2,2,1,2,1,33,1,1,5,1,0,34,14,0,0,bottlerock.pdf
0,0,3,4,233,233,66,0,0,138.6962890625,0,0,4,4,3,2,31,3,313,2,2,165,2,107,232,10,0,0,f944ss.pdf
0,0,2,2,28,28,7,0,0,13.1689453125,0,1,5,2,2,1,5,1,11,1,1,25,1,0,28,11,0,0,n-05-89.pdf
0,0,2,2,79,79,21,0,0,68.6044921875,0,1,17,3,2,1,17,1,31,2,1,57,1,2,79,12,0,0,rr-11-01.pdf
0,0,4,5,62,62,20,0,0,52.43359375,0,0,2,5,4,3,9,4,72,3,3,35,3,12,61,9,0,0,f8546.pdf
0,0,2,2,38,38,10,0,0,35.81640625,0,1,6,3,2,1,6,1,21,2,1,26,1,2,38,12,0,0,rp-11-33.pdf
0,0,1,1,6,6,2,0,0,81.5283203125,0,0,1,1,1,1,1,0,2,1,1,1,0,0,6,12,1,0,anacorts.pdf
0,0,1,1,6,6,2,0,0,86.6904296875,0,0,1,1,1,1,1,0,2,1,1,1,0,0,6,9,1,0,baanv.pdf
0,0,2,2,25,25,6,0,0,10.5400390625,0,1,4,2,2,1,4,1,11,1,1,24,1,0,25,12,0,0,rr-05-27.pdf
0,0,4,0,191,191,183,0,0,170.1787109375,0,0,3,4,4,0,110,4,134,0,4,38,2,0,191,39,0,0,f1120_schedule_m-3--2011-00-00--acc.pdf
0,0,5,5,129,129,54,0,0,186.8544921875,0,0,2,6,5,4,6,4,98,4,4,149,4,0,129,12,0,0,p4346bru.pdf
0,0,2,2,58,58,19,0,0,115.9365234375,0,1,4,2,2,1,4,2,31,1,1,56,0,0,58,9,0,0,p3383.pdf
0,0,2,2,36,36,13,0,0,62.1083984375,0,1,1,2,2,1,1,2,11,1,1,17,1,0,36,28,0,0,11-erica-redler-naba-wbu.pdf
0,0,3,0,79,79,73,0,0,86.68359375,0,0,2,3,3,0,26,3,51,0,3,10,1,0,79,20,0,0,f8809_accessible.pdf
0,0,2,2,67,67,54,0,0,103.1806640625,0,1,2,2,2,1,3,1,71,1,1,5,1,0,67,12,0,0,antonpro.pdf
0,0,2,2,51,51,16,1,0,76.9970703125,0,1,7,2,2,1,8,1,21,1,1,40,0,0,51,11,0,0,1120021.pdf
0,0,5,0,98,98,25,0,0,42.3798828125,0,0,2,5,5,3,2,5,79,3,5,13,4,0,98,13,0,0,aod201104.pdf
0,0,1,1,6,6,2,0,0,92.693359375,0,0,1,1,1,1,1,0,2,1,1,1,0,0,6,11,1,0,amercap.pdf
0,0,2,2,87,87,19,0,0,59.7724609375,0,1,2,2,2,1,7,2,61,1,1,43,1,17,87,13,0,0,67fr70093.pdf
0,0,7,0,462,462,447,0,0,346.18359375,0,0,5,8,7,1,371,7,407,1,7,351,6,0,462,14,0,0,f2290sp_10.pdf
0,0,2,2,43,43,18,0,0,26.8115234375,0,1,5,2,2,1,6,1,14,1,1,23,1,0,43,11,0,0,075001f.pdf
0,0,2,2,156,156,28,0,0,131.0498046875,0,1,4,2,2,1,7,1,62,1,1,86,1,7,156,11,0,0,i1098et.pdf
0,0,3,4,70,70,25,0,0,58.7099609375,0,0,8,6,3,2,16,4,64,2,4,76,2,2,70,23,0,0,accreditorstandards.pdf
0,0,2,2,145,145,43,0,0,135.3759765625,0,1,34,2,2,1,34,1,38,1,1,99,1,0,145,21,0,0,computersci_profs.pdf
0,0,2,2,11,11,3,0,0,26.5869140625,0,1,1,2,2,1,1,2,4,1,1,0,0,0,11,12,1,0,apldthry.pdf
0,0,3,4,184,184,64,0,0,118.263671875,0,0,2,4,3,2,36,3,239,2,2,124,2,71,183,11,0,0,f1040ez.pdf
0,0,2,2,35,35,7,0,0,19.6806640625,0,1,4,3,2,1,4,1,16,2,1,14,1,0,35,12,0,0,rp-11-29.pdf
0,0,2,2,91,91,23,1,0,56.615234375,0,1,21,2,2,1,21,2,21,1,1,64,0,3,91,11,0,0,n-01-10.pdf
0,0,2,2,11,11,3,0,0,27.4296875,0,1,1,2,2,1,1,2,4,1,1,0,0,0,11,12,1,0,califint.pdf
0,0,2,2,51,51,21,0,0,59.55859375,0,1,3,2,2,1,3,1,36,1,1,68,1,0,51,12,0,0,70fr3656.pdf
0,0,2,2,33,33,10,0,0,39.2744140625,0,1,6,2,2,1,6,2,9,1,1,14,1,0,33,12,0,0,rr-02-50.pdf
0,0,2,2,369,369,56,0,0,372.1220703125,0,1,36,2,2,1,36,1,96,1,1,119,1,36,369,12,0,0,irb05-48.pdf
0,0,2,2,53,53,21,0,0,149.4228515625,0,1,7,2,2,1,8,1,17,1,1,41,1,0,53,29,0,0,intell-property_64FR72090.pdf
0,0,2,2,84,84,56,0,0,158.0888671875,0,0,1,2,2,2,2,2,89,2,2,64,3,0,84,23,0,0,Creole_CNAstatement.pdf
0,0,2,2,27,27,7,0,0,57.7841796875,0,1,1,2,2,1,1,1,18,1,1,52,1,0,27,23,0,0,2012_irpac_meetings.pdf
0,0,3,0,88,88,82,0,0,111.5888671875,0,0,2,3,3,0,47,3,66,0,3,17,1,0,88,19,0,0,fw3c_accessible.pdf
0,0,2,2,37,37,10,0,0,17.59375,0,1,8,2,2,1,8,1,11,1,1,28,1,0,37,12,0,0,rp-06-56.pdf
0,0,2,2,22,22,6,0,0,22.2451171875,0,1,3,3,2,1,3,1,11,2,1,13,1,0,22,11,0,0,n-11-45.pdf
0,0,2,2,72,72,20,0,0,43.6845703125,0,1,16,2,2,1,16,1,19,1,1,64,1,0,72,12,0,0,rr-08-17.pdf
0,0,2,2,163,163,76,0,0,161.3515625,0,1,65,3,2,1,65,1,83,1,1,95,1,0,163,12,0,0,rp-09-39.pdf
0,0,1,1,6,6,2,0,0,83.955078125,0,0,1,1,1,1,1,0,2,1,1,1,0,0,6,13,1,0,astagenfo.pdf
0,0,1,1,42,42,12,0,0,51.9248046875,0,0,2,1,1,1,2,1,44,1,1,66,0,1,42,13,0,0,74fr55138.pdf
0,0,1,1,17,17,1,0,0,13.4052734375,0,0,1,1,1,1,1,1,15,1,1,28,0,0,17,13,0,0,64fr49671.pdf
0,0,3,0,49,49,44,0,0,61.5859375,0,0,1,3,3,0,4,3,27,0,3,2,1,0,49,20,0,0,f8810_accessible.pdf
0,0,2,2,48,48,36,0,0,136.875,0,1,1,2,2,1,2,1,49,1,1,5,1,0,48,10,0,0,accwea.pdf
0,0,2,2,24,24,12,0,0,82.994140625,0,1,1,2,2,1,2,1,23,1,1,5,1,0,24,12,0,0,busnescm.pdf
0,0,2,2,39,39,13,0,0,123.7353515625,0,1,2,2,2,1,2,2,13,1,1,30,0,0,39,13,0,0,64fr66391.pdf
0,0,2,2,62,62,52,0,0,274.34765625,0,1,1,2,2,1,2,1,65,1,1,5,1,0,62,13,0,0,caseinter.pdf
0,0,2,2,267,267,27,0,0,235.1533203125,0,1,1,2,2,1,2,1,227,1,1,70,1,1,267,20,0,0,calif_pub_health.pdf
2,3,1,2,88,88,34,0,0,34.681640625,0,0,1,3,1,1,15,2,80,1,2,46,1,14,88,20,0,1,f1122_accessible.pdf
0,0,4,4,47,47,19,0,0,97.681640625,0,0,2,4,4,8,2,3,24,8,3,35,3,0,47,13,0,0,aod201002.pdf
0,0,5,0,112,112,104,0,0,178.361328125,0,0,2,5,5,0,72,5,93,0,5,47,4,0,112,11,0,0,f1120sb.pdf
0,0,1,1,6,6,2,0,0,75.908203125,0,0,1,1,1,1,1,0,2,1,1,1,0,0,6,11,1,0,allsupi.pdf
0,0,2,2,55,55,40,0,0,127.12109375,0,1,4,2,2,1,5,1,70,1,1,5,1,0,55,16,0,0,acuitybrands.pdf
0,0,2,2,271,271,36,0,0,180.5927734375,0,1,8,2,2,1,14,1,85,1,1,102,1,15,271,8,0,0,i944.pdf
0,0,2,2,31,31,12,0,0,23.7353515625,0,1,7,3,2,1,7,1,20,1,1,17,1,0,31,11,0,0,n-06-05.pdf
0,0,2,2,119,119,36,0,0,65.638671875,0,1,34,2,2,1,34,1,11,1,1,54,1,0,119,12,0,0,rp-09-16.pdf
0,0,2,2,192,192,31,0,0,162.396484375,0,1,7,2,2,1,12,1,58,1,1,84,1,7,192,9,0,0,i945x.pdf
0,0,2,2,74,74,36,0,0,59.08984375,0,1,3,3,2,0,10,1,52,1,1,76,1,0,74,16,0,0,cp13_english.pdf
0,0,1,1,6,6,2,0,0,75.501953125,0,0,1,1,1,1,1,0,2,1,1,1,0,0,6,12,1,0,bookdogb.pdf
0,0,2,2,84,84,43,0,0,120.7158203125,0,0,1,2,2,2,2,2,71,2,2,83,3,0,84,21,0,0,Thai_CNAstatement.pdf
0,0,2,2,109,109,51,0,0,400.1474609375,0,1,3,3,2,1,3,1,97,1,1,136,5,0,109,11,0,0,p4900sp.pdf
0,0,2,2,11,11,3,0,0,26.2841796875,0,1,1,2,2,1,1,2,4,1,1,0,0,0,11,12,1,0,barnrdcl.pdf
0,0,2,2,16,16,5,0,0,60.015625,0,1,2,2,2,1,2,2,5,1,1,0,0,0,16,12,0,0,broadwng.pdf
0,0,1,1,30,30,4,0,0,11.466796875,0,0,1,1,1,1,1,4,18,1,1,11,1,0,30,17,0,0,Arionna_Johns.pdf
0,0,2,2,83,83,34,0,0,70.8935546875,0,1,6,2,2,1,6,1,44,1,1,70,1,0,83,9,0,0,i5307.pdf
0,0,1,1,6,6,2,0,0,76.4560546875,0,0,1,1,1,1,1,0,2,1,1,1,0,0,6,9,1,0,benso.pdf
0,0,2,2,34,34,22,0,0,78.0244140625,0,1,1,2,2,1,2,1,35,1,1,5,1,0,34,15,0,0,collegeroar.pdf
0,0,3,0,82,82,76,0,0,90.5380859375,0,0,2,3,3,0,26,3,50,0,3,10,1,0,82,20,0,0,f4563_accessible.pdf
0,0,2,2,11,11,4,0,0,85.8037109375,0,0,1,3,2,1,1,3,9,1,3,10,0,0,11,14,1,0,Anh_Nguyen.pdf
0,0,2,2,1733,1733,24,0,0,336.80859375,0,1,1,2,2,1,2,1,1429,1,1,57,1,2,1733,8,0,0,aaii.pdf
0,0,5,5,248,248,63,0,0,308.998046875,0,0,28,6,5,4,30,4,157,4,4,156,3,27,248,20,0,0,09fallbulfodcorp.pdf
0,0,2,2,30,30,9,0,0,41.4970703125,0,1,4,2,2,1,4,2,11,1,1,20,1,0,30,12,0,0,rr-04-55.pdf
0,0,2,2,36,36,11,0,0,55.279296875,0,1,4,2,2,1,4,2,15,1,1,36,1,0,36,12,0,0,rr-03-55.pdf
0,0,2,2,92,92,56,0,0,71.072265625,0,1,3,3,2,0,12,1,62,1,1,74,1,0,92,17,0,0,cp773_spanish.pdf
0,0,2,2,11,11,3,0,0,21.6884765625,0,1,1,2,2,1,1,2,4,1,1,0,0,0,11,10,1,0,ccvcom.pdf
0,0,3,0,79,79,73,0,0,158.787109375,0,0,2,3,3,0,44,3,66,0,3,28,2,0,79,9,0,0,f2063.pdf
0,0,2,2,11,11,3,0,0,30.431640625,0,1,1,2,2,1,1,2,4,1,1,0,0,0,11,12,1,0,cmntychl.pdf
0,0,2,2,45,45,14,0,0,71.17578125,0,1,10,2,2,1,10,2,9,1,1,18,1,0,45,12,0,0,rp-03-38.pdf
0,0,2,2,122,122,82,0,0,241.359375,0,1,22,3,2,1,22,1,41,1,1,53,1,0,122,12,0,0,rp-09-55.pdf
0,1,4,4,183,183,90,0,0,232.2275390625,0,0,2,4,4,3,72,4,167,3,3,69,3,57,183,12,0,0,f1120idp.pdf
0,0,2,2,48,48,15,0,0,65.6142578125,0,1,9,2,2,1,9,2,13,1,1,33,1,0,48,12,0,0,rp-03-61.pdf
0,0,1,1,6,6,2,0,0,64.580078125,0,0,1,1,1,1,1,0,2,1,1,1,0,0,6,10,1,0,buxinc.pdf
0,0,1,1,6,6,2,0,0,88.111328125,0,0,1,1,1,1,1,0,2,1,1,1,0,0,6,11,1,0,amscorp.pdf
0,0,2,2,38,38,9,0,0,17.7529296875,0,1,7,2,2,1,7,2,14,1,1,35,1,0,38,11,0,0,042902f.pdf
0,0,5,0,148,148,141,0,0,260.8701171875,0,0,2,5,5,0,105,5,113,0,5,29,4,0,148,8,0,0,f976.pdf
0,0,2,2,136,136,24,0,0,187.5322265625,0,1,1,2,2,1,2,1,101,1,1,57,1,2,136,10,0,0,adappt.pdf
0,0,2,2,60,60,17,0,0,38.587890625,0,1,15,2,2,1,15,2,10,1,1,23,0,0,60,11,0,0,a-00-20.pdf
0,0,2,2,35,35,9,1,0,40.6640625,0,1,4,2,2,1,4,2,22,1,1,26,0,0,35,35,0,0,penalty_policy-larry_(12-20-01).pdf
0,0,1,0,101,101,90,1,0,107.7138671875,0,1,8,2,1,0,8,1,30,0,1,8,1,0,101,8,0,0,p594.pdf
0,0,2,2,25,25,10,0,0,11.04296875,0,1,1,2,2,1,1,1,13,1,1,31,1,0,25,20,0,0,icdiscauditguide.pdf
0,0,1,1,183,183,17,1,0,102.017578125,0,0,2,1,1,1,2,1,141,1,1,34,1,0,183,13,0,0,aod200501.pdf
0,0,2,2,26,26,5,1,0,10.984375,0,1,4,2,2,1,4,2,11,1,1,25,0,0,26,11,0,0,n-01-29.pdf
0,0,2,2,39,39,10,0,0,19.46484375,0,1,8,2,2,1,8,1,13,1,1,38,1,0,39,11,0,0,n-07-31.pdf
0,0,2,2,79,79,39,0,0,70.7197265625,0,1,4,3,2,0,13,1,59,1,1,66,1,0,79,17,0,0,cp603_spanish.pdf
0,0,3,0,55,55,48,0,0,89.9443359375,0,0,3,3,3,0,3,3,24,0,3,3,1,0,55,20,0,0,f4255_accessible.pdf
0,0,2,2,11,11,3,0,0,25.3896484375,0,1,1,2,2,1,1,2,4,1,1,0,0,0,11,12,1,0,cbvpflug.pdf
1,0,2,2,137,137,43,0,0,160.6845703125,0,1,33,2,2,1,33,1,24,1,1,99,1,0,137,16,0,0,2008-2009pgp.pdf
0,0,2,2,22,22,10,0,0,78.81640625,0,1,1,2,2,1,2,1,21,1,1,5,1,0,22,15,0,0,afactoryllc.pdf
0,0,3,0,78,78,70,0,0,93.3447265625,0,0,4,3,3,0,28,3,52,0,3,12,1,0,78,22,0,0,f2106ez_accessible.pdf
0,0,1,1,6,6,2,0,0,77.0,0,0,1,1,1,1,1,0,2,1,1,1,0,0,6,11,1,0,comcorp.pdf
0,0,2,2,415,415,46,1,0,296.3828125,0,1,11,3,2,1,12,1,371,1,1,110,1,0,415,18,0,0,administration.pdf
0,0,2,2,29,29,7,0,0,15.107421875,0,1,4,2,2,1,4,1,13,1,1,34,1,0,29,13,0,0,n-2010-53.pdf
0,0,2,2,49,49,19,0,0,54.0224609375,0,1,6,3,2,1,6,1,44,1,1,63,1,1,49,14,0,0,scrips-pia.pdf
0,0,2,2,11,11,3,0,0,37.1103515625,0,1,1,2,2,1,1,2,4,1,1,0,0,0,11,12,1,0,burlcocl.pdf
0,0,2,2,171,171,27,0,0,157.8583984375,0,1,6,2,2,1,9,1,50,1,1,83,1,4,171,10,0,0,i706na.pdf
0,0,2,2,11,11,3,0,0,30.2578125,0,1,1,2,2,1,1,2,4,1,1,0,0,0,11,11,1,0,brkaway.pdf
0,0,2,0,52,52,46,0,0,89.9384765625,0,1,4,2,2,0,4,2,16,0,2,4,1,0,52,10,0,0,92appa.pdf
0,0,2,2,24,24,9,0,0,19.1181640625,0,1,4,3,2,1,4,1,18,1,1,24,1,0,24,12,0,0,rr-06-07.pdf
0,0,2,2,137,137,42,0,0,67.3857421875,0,1,40,2,2,1,40,1,11,1,1,60,1,0,137,12,0,0,rp-07-16.pdf
0,0,1,1,59,59,16,0,0,29.44921875,0,0,16,1,1,1,16,1,7,1,1,22,0,0,59,11,0,0,rp98-11.pdf
0,0,3,0,103,103,95,0,0,141.857421875,0,0,4,3,3,0,40,3,65,0,3,16,1,0,103,20,0,0,f4972_accessible.pdf
0,0,2,2,11,11,3,0,0,26.66015625,0,1,1,2,2,1,1,2,4,1,1,0,0,0,11,12,1,0,ballstat.pdf
0,0,1,1,6,6,1,0,0,1.294921875,0,0,1,1,1,1,1,1,2,1,1,3,0,0,6,33,1,0,purepdf_pdfptablecolumnwidths.pdf
0,0,2,0,331,331,297,1,0,1226.2822265625,0,1,26,5,2,0,156,2,216,3,2,80,8,0,331,26,0,0,RichContentorFlash (4).pdf
0,0,3,0,64,64,56,0,0,159.1044921875,0,0,4,3,3,0,8,3,32,0,3,8,1,0,64,20,0,0,f8834_accessible.pdf
0,0,2,2,73,73,30,1,0,94.986328125,0,1,25,2,2,1,25,2,16,1,1,45,0,0,73,11,0,0,1233016.pdf
0,0,2,2,72,72,19,0,0,56.671875,0,1,8,3,2,1,8,1,77,1,1,88,1,8,72,23,0,0,qeprefguide10-01-10.pdf
0,0,2,2,53,53,15,0,0,31.7802734375,0,1,12,2,2,1,12,1,11,1,1,32,1,0,53,11,0,0,n-06-87.pdf
0,0,2,2,28,28,16,0,0,85.3271484375,0,1,1,2,2,1,2,1,29,1,1,5,1,0,28,17,0,0,classifiedads.pdf
0,0,4,6,138,138,50,0,0,83.0419921875,0,0,2,7,4,3,32,5,153,3,5,61,3,45,137,10,0,0,f12277.pdf
0,0,1,1,43,43,11,0,0,55.44921875,0,0,3,1,1,1,3,1,40,1,1,65,0,2,43,13,0,0,71fr24829.pdf
0,0,2,2,17,17,6,0,0,26.0751953125,0,1,2,2,2,1,2,2,6,1,1,0,1,0,17,12,0,0,chasradp.pdf
0,0,2,2,17,17,6,0,0,26.69140625,0,1,2,2,2,1,2,2,6,1,1,0,1,0,17,12,0,0,cncrdmdg.pdf
0,0,2,2,49,49,37,0,0,105.1025390625,0,1,1,2,2,1,2,1,48,1,1,5,1,0,49,13,0,0,comwebrev.pdf
0,0,4,6,86,86,33,0,0,76.9580078125,0,0,2,8,4,3,9,6,98,3,5,79,3,19,85,9,0,0,f8899.pdf
0,0,2,2,323,323,42,0,0,198.060546875,0,1,8,3,2,1,13,1,206,1,1,151,1,108,323,15,0,0,i1099msc_11.pdf
0,0,2,2,158,158,130,0,0,204.865234375,0,0,1,2,2,2,2,2,200,2,2,64,3,0,158,27,0,0,Portuguese_CNAstatement.pdf
0,0,2,2,56,56,15,0,0,26.8056640625,0,1,12,2,2,1,12,1,21,1,1,41,1,0,56,12,0,0,rr-09-07.pdf
0,0,2,2,33,33,9,0,0,19.6123046875,0,1,6,2,2,1,6,1,11,1,1,26,1,0,33,12,0,0,rr-05-18.pdf
0,0,2,2,56,56,18,0,0,84.1376953125,0,1,10,2,2,1,10,2,17,1,1,44,1,0,56,12,0,0,rr-04-11.pdf
0,0,2,2,30,30,9,0,0,25.6142578125,0,1,3,3,2,1,3,1,25,1,1,56,1,0,30,11,0,0,a-05-37.pdf
0,0,1,1,40,40,10,0,0,35.3720703125,0,0,10,1,1,1,10,1,8,1,1,18,0,0,40,11,0,0,n-98-58.pdf
0,0,2,2,186,186,24,0,0,95.029296875,0,1,13,3,2,1,13,1,323,1,1,66,1,57,186,35,0,0,nta_testimony_housewm_amt030707.pdf
0,0,2,2,34,34,22,0,0,92.302734375,0,1,1,2,2,1,2,1,33,1,1,5,1,0,34,12,0,0,broadllc.pdf
0,0,2,0,35,35,32,0,0,180.8056640625,0,1,1,2,2,0,2,2,10,0,2,1,1,0,35,16,0,0,company_line.pdf
0,0,3,0,101,101,89,0,0,101.7314453125,0,0,8,3,3,0,38,3,58,0,3,18,1,0,101,21,0,0,fw2g12_accessible.pdf
0,0,1,1,96,96,27,0,0,151.9130859375,0,0,23,1,1,1,23,1,26,1,1,66,0,0,96,13,0,0,66fr66433.pdf
0,0,2,0,25,25,21,0,0,22.0390625,0,1,2,2,2,0,0,2,5,0,2,0,1,0,25,11,0,0,12-0029.pdf
0,0,1,1,6,6,1,0,0,1.3671875,0,0,1,1,1,1,1,1,2,1,1,3,0,0,6,28,1,0,purepdf_pdfptablealigned.pdf
0,0,2,2,256,256,18,1,0,96.78515625,0,1,6,2,2,1,6,2,192,1,1,22,1,0,256,11,0,0,n-03-60.pdf
0,0,2,2,52,52,26,0,0,52.11328125,0,1,8,3,2,1,8,1,40,1,1,36,1,1,52,16,0,0,lmsb-dcs-pia.pdf
0,0,2,2,25,25,13,0,0,81.046875,0,1,1,2,2,1,2,1,26,1,1,5,1,0,25,12,0,0,care2com.pdf
0,0,2,2,85,85,21,0,0,157.5322265625,0,0,6,2,2,2,12,2,75,2,2,74,1,5,85,13,0,0,75fr56868.pdf
0,0,4,0,61,61,54,0,0,76.47265625,0,0,2,5,4,0,15,4,41,0,4,11,3,0,61,9,0,0,f8586.pdf
0,0,2,2,35,35,8,0,0,19.82421875,0,1,5,2,2,1,5,1,17,1,1,56,1,0,35,12,0,0,rp-04-48.pdf
0,0,2,2,67,67,23,0,0,85.5693359375,0,1,19,3,2,1,19,1,21,2,1,59,1,1,67,11,0,0,n-11-96.pdf
0,0,2,2,56,56,6,1,0,33.4013671875,0,1,2,2,2,1,2,2,52,1,1,10,1,0,56,11,0,0,n-02-12.pdf
0,0,3,0,44,44,38,0,0,57.2451171875,0,0,2,3,3,0,2,3,20,0,3,2,1,0,44,23,0,0,f1065sb1_accessible.pdf
0,0,2,2,48,48,13,0,0,23.759765625,0,1,10,2,2,1,10,1,17,1,1,48,1,0,48,12,0,0,rp-12-17.pdf
0,0,3,3,160,160,26,1,0,142.650390625,0,0,2,3,3,2,4,2,148,2,2,65,2,0,160,12,0,0,a2012_20.pdf
0,0,1,1,16,16,9,0,0,160.1416015625,0,0,2,1,1,1,2,1,6,1,1,0,0,0,16,11,0,0,1233032.pdf
0,0,1,1,6,6,2,0,0,68.294921875,0,0,1,1,1,1,1,0,2,1,1,1,0,0,6,13,1,0,blupulinc.pdf
0,0,3,0,103,103,95,0,0,123.8505859375,0,0,4,3,3,0,43,3,65,0,3,17,1,0,103,20,0,0,f943x_accessible.pdf
0,0,2,0,102,102,96,0,0,126.2998046875,0,1,4,2,2,0,0,2,58,0,2,0,1,0,102,18,0,0,cp504b_chinese.pdf
0,0,2,2,33,33,10,0,0,53.4345703125,0,1,4,2,2,1,4,2,13,1,1,28,1,0,33,11,0,0,a-03-40.pdf
0,0,1,0,20,20,17,0,0,60.455078125,0,0,1,1,1,0,0,1,4,0,1,1,1,0,20,17,0,0,Pre-Cert-Form.pdf
0,0,1,1,13,13,1,0,0,10.755859375,0,0,1,1,1,1,1,1,7,1,1,12,0,0,13,12,1,0,ann97-52.pdf
0,0,2,2,25,25,8,0,0,27.642578125,0,1,2,3,2,1,2,1,21,1,1,23,1,1,25,21,0,0,20101224-B-Corber.pdf
0,0,2,2,114,114,84,0,0,163.63671875,0,1,4,3,2,1,4,1,78,1,1,47,1,0,114,15,0,0,cp08_korean.pdf
0,0,2,2,110,110,23,0,0,138.0234375,0,1,3,2,2,1,5,1,48,1,1,76,1,4,110,10,0,0,i8275r.pdf
0,0,3,0,181,181,174,0,0,295.73046875,0,0,3,3,3,0,131,3,152,0,3,45,1,0,181,9,0,0,f5309.pdf
0,0,3,4,76,76,28,0,0,88.775390625,0,0,14,6,3,2,14,4,48,2,4,57,2,0,76,24,0,0,fy_2012_teb_workplan.pdf
0,0,1,1,6,6,2,0,0,81.3408203125,0,0,1,1,1,1,1,0,2,1,1,1,0,0,6,12,1,0,anheuser.pdf
0,0,2,2,148,148,99,0,0,234.3984375,0,1,4,3,2,1,4,1,99,1,1,136,1,0,148,16,0,0,cp14_russian.pdf
0,0,2,2,154,154,27,0,0,152.16796875,0,1,5,2,2,1,7,1,42,1,1,78,1,0,154,10,0,0,i990sk.pdf
0,0,2,2,20,20,5,0,0,11.6435546875,0,1,3,2,2,1,3,1,9,1,1,13,1,0,20,12,0,0,a-08-103.pdf
0,0,5,0,50,50,44,0,0,73.01171875,0,0,1,6,5,0,2,5,30,0,5,2,4,0,50,11,0,0,f1065sd.pdf
0,0,2,2,32,32,20,0,0,81.5888671875,0,1,1,2,2,1,2,1,33,1,1,5,1,0,32,12,0,0,986forum.pdf
0,0,2,0,32,32,29,0,0,176.5673828125,0,1,1,2,2,0,2,2,9,0,2,1,1,0,32,15,0,0,amer_health.pdf
0,0,2,2,58,58,24,0,0,42.490234375,0,1,2,2,2,1,2,1,38,1,1,58,1,0,58,13,0,0,i1098c_09.pdf
0,0,2,2,31,31,19,0,0,93.7802734375,0,1,1,2,2,1,2,1,30,1,1,5,1,0,31,13,0,0,buoydigit.pdf
0,0,2,2,120,120,12,1,0,76.2138671875,0,1,5,2,2,1,5,2,107,1,1,37,1,0,120,12,0,0,rr-04-18.pdf
0,0,2,2,32,32,7,0,0,17.720703125,0,1,3,2,2,1,3,2,18,1,1,31,1,0,32,7,0,0,184.pdf
0,0,2,2,41,41,10,1,0,19.7568359375,0,1,9,2,2,1,9,2,16,1,1,30,0,0,41,12,0,0,rp-01-37.pdf
0,0,2,2,33,33,8,0,0,14.56640625,0,1,6,2,2,1,6,1,13,1,1,36,1,0,33,12,0,0,n-06-110.pdf
0,0,1,2,86,86,33,0,0,112.3388671875,0,0,26,3,1,1,26,2,103,1,2,69,1,0,86,24,0,0,1999ComplianceReport.pdf
0,0,2,2,26,26,8,0,0,14.791015625,0,1,3,3,2,1,3,1,22,1,1,23,1,1,26,25,0,0,ex_parte_final_script.pdf
0,0,2,2,11,11,3,0,0,18.9580078125,0,1,1,2,2,1,1,2,4,1,1,0,0,0,11,12,1,0,artmtrxl.pdf
0,0,2,2,63,63,14,0,0,228.1708984375,0,1,6,2,2,1,6,1,49,1,1,83,1,0,63,11,0,0,ar-1869.pdf
0,0,1,1,9,9,4,0,0,166.9111328125,0,0,2,1,1,1,2,0,3,1,1,2,0,0,9,12,1,0,atentain.pdf
0,0,2,2,283,283,37,0,0,245.44140625,0,1,12,2,2,1,20,1,74,1,1,84,1,15,283,14,0,0,i2290sp_10.pdf
0,0,2,2,116,116,20,0,0,177.6962890625,0,1,1,2,2,1,2,1,91,1,1,42,1,3,116,14,0,0,bema_media.pdf
0,0,1,1,36,36,10,0,0,50.392578125,0,0,2,3,1,1,2,1,47,1,1,50,0,3,36,13,0,0,75fr74749.pdf
0,0,1,1,6,6,2,0,0,74.02734375,0,0,1,1,1,1,1,0,2,1,1,1,0,0,6,12,1,0,cnctprsl.pdf
0,0,2,2,55,55,22,0,0,45.431640625,0,1,4,2,2,1,4,1,35,1,1,52,1,0,55,9,0,0,i4768.pdf
0,0,3,0,103,103,95,0,0,124.4853515625,0,0,4,3,3,0,43,3,65,0,3,17,1,0,103,9,0,0,fct1x.pdf
0,0,2,2,11,11,3,0,0,29.146484375,0,1,1,2,2,1,1,2,4,1,1,0,0,0,11,12,1,0,brainscn.pdf
0,0,1,0,49,49,45,0,0,135.4990234375,0,1,2,2,1,0,2,1,8,0,1,2,1,0,49,9,0,0,p4854.pdf
0,0,2,2,141,141,43,0,0,149.375,0,1,23,2,2,1,23,2,51,1,1,116,0,0,141,9,0,0,p3991.pdf
0,0,1,1,6,6,2,0,0,74.1435546875,0,0,1,1,1,1,1,0,2,1,1,1,0,0,6,12,1,0,asoamlas.pdf
0,0,1,1,6,6,2,0,0,84.5498046875,0,0,1,1,1,1,1,0,2,1,1,1,0,0,6,12,1,0,conldtcm.pdf
0,0,2,2,44,44,11,1,0,23.51953125,0,1,9,2,2,1,9,2,11,1,1,25,0,0,44,11,0,0,n-01-67.pdf
0,0,2,2,23,23,7,0,0,14.189453125,0,1,3,3,2,1,3,1,19,1,1,23,1,0,23,11,0,0,n-06-07.pdf
0,0,2,2,98,98,62,0,0,164.5048828125,0,1,3,3,2,1,3,1,67,1,1,97,1,0,98,17,0,0,cp22a_russian.pdf
0,0,5,5,113,113,19,3,0,57.5439453125,0,0,1,5,5,4,2,4,111,4,4,26,4,0,113,12,0,0,a2012_22.pdf
0,0,2,2,24,24,12,0,0,85.8212890625,0,1,1,2,2,1,2,1,23,1,1,5,1,0,24,12,0,0,clearwyr.pdf
0,0,3,3,828,828,261,0,0,250.587890625,0,0,6,3,3,2,240,2,756,2,2,331,2,417,828,9,0,0,f433b.pdf
0,0,2,2,26,26,7,0,0,16.4755859375,0,1,2,3,2,1,2,1,23,1,1,32,1,1,26,11,0,0,n-12-14.pdf
0,0,2,2,38,38,26,0,0,112.7890625,0,1,1,2,2,1,2,1,37,1,1,5,1,0,38,12,0,0,clickbuy.pdf
0,0,3,0,69,69,63,0,0,86.056640625,0,0,2,3,3,0,17,3,42,0,3,7,1,0,69,21,0,0,f8453b_accessible.pdf
0,0,2,0,31,31,28,0,0,146.8095703125,0,1,1,2,2,0,2,2,10,0,2,1,1,0,31,19,0,0,connectria_corp.pdf
1,0,3,0,137,137,131,0,0,125.845703125,0,0,2,3,3,0,80,3,103,0,3,36,1,0,137,20,0,0,f8839_accessible.pdf
0,0,2,2,38,38,10,0,0,20.7255859375,0,1,9,2,2,1,9,2,6,1,1,16,0,0,38,12,0,0,rr-98-12.pdf
0,0,1,1,6,6,2,0,0,86.669921875,0,0,1,1,1,1,1,0,2,1,1,1,0,0,6,12,1,0,ciscotec.pdf
0,0,2,2,35,35,9,0,0,18.9453125,0,1,6,2,2,1,6,1,13,1,1,36,1,0,35,12,0,0,rp-10-31.pdf
0,0,1,1,6,6,2,0,0,67.8486328125,0,0,1,1,1,1,1,0,2,1,1,1,0,0,6,12,1,0,centxcom.pdf
0,0,2,2,67,67,16,0,0,166.1943359375,0,0,1,2,2,2,6,2,59,2,2,68,1,1,67,13,0,0,75fr20526.pdf
0,0,2,0,37,37,34,0,0,179.6640625,0,1,1,2,2,0,2,2,10,0,2,1,1,0,37,15,0,0,closely_inc.pdf
0,0,1,1,6,6,2,0,0,69.236328125,0,0,1,1,1,1,1,0,2,1,1,1,0,0,6,12,1,0,condirec.pdf
0,0,2,2,35,35,11,0,0,62.0458984375,0,1,3,2,2,1,3,2,17,1,1,37,1,0,35,12,0,0,rp-04-25.pdf
0,0,2,2,11,11,3,0,0,29.4287109375,0,1,1,2,2,1,1,2,4,1,1,0,0,0,11,11,1,0,bigvine.pdf
0,0,2,2,25,25,13,0,0,77.1171875,0,1,1,2,2,1,2,1,24,1,1,5,1,0,25,13,0,0,bocajumpl.pdf
1,2,2,2,852,852,152,0,0,165.7939453125,0,1,2,2,2,1,128,5,839,1,1,73,1,131,852,20,0,1,f6118_accessible.pdf
0,0,2,2,139,139,9,1,0,58.4228515625,0,1,5,2,2,1,5,2,104,1,1,13,1,1,139,12,0,0,rr-04-31.pdf
0,0,1,1,6,6,1,0,0,1.2392578125,0,0,1,1,1,1,1,1,3,1,1,3,0,0,6,29,1,0,purepdf_pdfptableexample1.pdf
0,0,1,1,6,6,2,0,0,74.623046875,0,0,1,1,1,1,1,0,2,1,1,1,0,0,6,13,1,0,agisofgmb.pdf
0,0,2,2,20,20,8,0,0,72.6796875,0,1,1,2,2,1,2,1,19,1,1,5,1,0,20,12,0,0,childlaw.pdf
0,0,2,2,45,45,19,0,0,91.0908203125,0,1,1,3,2,1,1,1,38,1,1,49,1,3,45,15,0,0,overview_vt.pdf
0,0,2,2,71,71,20,0,0,47.568359375,0,1,14,3,2,1,14,1,64,1,1,54,1,6,71,11,0,0,n-10-35.pdf
0,0,2,2,123,123,8,1,0,58.880859375,0,1,3,2,2,1,3,2,113,1,1,19,1,0,123,23,0,0,competent_authority.pdf
0,0,3,0,269,269,260,0,0,238.9404296875,0,0,5,3,3,0,185,3,210,0,3,65,1,0,269,20,0,0,f1065_accessible.pdf
0,0,2,0,36,36,33,0,0,56.39453125,0,1,1,2,2,0,1,2,12,0,2,1,1,0,36,10,0,0,92appj.pdf
0,0,3,0,61,61,55,0,0,78.4052734375,0,0,2,3,3,0,11,3,35,0,3,5,1,0,61,22,0,0,f8453pe_accessible.pdf
0,0,3,0,93,93,87,0,0,81.7470703125,0,0,2,3,3,0,41,3,66,0,3,15,1,0,93,20,0,0,f8453_accessible.pdf
0,0,1,1,171,171,42,0,0,283.9072265625,0,0,40,1,1,2,40,1,100,2,1,90,1,25,171,11,0,0,96scorp.pdf
0,0,2,2,11,11,3,0,0,28.029296875,0,1,1,2,2,1,1,2,4,1,1,0,0,0,11,12,1,0,blotwnpl.pdf
0,0,2,2,46,46,12,0,0,24.0498046875,0,1,8,3,2,1,8,1,29,1,1,18,1,0,46,12,0,0,rr-09-11.pdf
0,0,2,2,50,50,22,0,0,58.5947265625,0,1,8,3,2,1,8,1,35,1,1,51,1,1,50,12,0,0,trac-pia.pdf
0,0,2,2,81,81,50,0,0,142.8515625,0,1,2,3,2,1,2,1,56,1,1,81,1,0,81,16,0,0,cp21b_korean.pdf
0,0,3,0,82,82,74,0,0,108.55078125,0,0,4,3,3,0,25,3,49,0,3,11,1,0,82,20,0,0,f4835_accessible.pdf
0,0,1,1,6,6,2,0,0,68.21875,0,0,1,1,1,1,1,0,2,1,1,1,0,0,6,12,1,0,copccinc.pdf
0,0,1,1,6,6,2,0,0,76.8916015625,0,0,1,1,1,1,1,0,2,1,1,1,0,0,6,10,1,0,cencom.pdf
0,0,2,2,32,32,14,0,0,20.5654296875,0,1,3,3,2,1,3,1,21,1,1,43,1,0,32,32,0,0,20110131-Joel-Brian Kellum-2.pdf
0,0,1,0,447,447,442,0,0,185.5,0,1,3,2,1,0,387,1,399,0,1,131,1,0,447,16,0,0,schedule-utp.pdf
0,0,2,2,69,69,39,0,0,40.001953125,0,1,5,2,2,1,7,1,13,1,1,19,1,0,69,13,0,0,am2007012.pdf
0,0,2,2,543,543,45,0,0,258.3095703125,0,1,19,2,2,1,23,1,158,1,1,113,1,78,543,9,0,0,i4720.pdf
0,0,2,2,25,25,8,0,0,16.52734375,0,1,3,3,2,1,3,1,19,1,1,23,1,0,25,11,0,0,n-09-55.pdf
0,0,2,2,124,124,23,0,0,203.5234375,0,1,1,2,2,1,2,1,95,1,1,55,1,3,124,15,0,0,chucklr-com.pdf
0,0,2,2,34,34,11,0,0,20.7705078125,0,1,7,3,2,1,7,1,28,1,1,37,1,1,34,11,0,0,n-08-99.pdf
0,0,2,2,36,36,24,0,0,129.6357421875,0,1,1,2,2,1,2,1,35,1,1,5,1,0,36,11,0,0,bizzinc.pdf
0,0,2,0,86,86,78,0,0,263.3095703125,0,1,6,2,2,0,8,2,34,0,2,6,2,0,86,10,0,0,circ04.pdf
0,0,2,2,27,27,10,0,0,19.9453125,0,1,4,3,2,1,4,1,22,1,1,32,1,0,27,12,0,0,rr-12-15.pdf
0,0,2,2,46,46,12,0,0,63.294921875,0,1,5,2,2,1,5,1,26,1,1,82,1,0,46,17,0,0,cp90c_english.pdf
0,0,2,2,27,27,15,0,0,81.662109375,0,1,1,2,2,1,2,1,26,1,1,5,1,0,27,15,0,0,brotherloco.pdf
0,0,1,0,34,34,32,0,0,175.466796875,0,0,1,1,1,1,1,1,7,1,1,0,1,0,34,14,0,0,bestvender.pdf
2,3,3,3,158,158,78,0,0,195.6923828125,0,0,2,3,3,2,62,2,143,2,2,82,2,45,158,9,0,1,f4768.pdf
0,0,2,2,74,74,38,0,0,88.90625,0,1,12,3,2,1,12,1,54,1,1,59,1,1,74,11,0,0,mef-pia.pdf
0,0,1,1,27,27,5,0,0,15.154296875,0,0,5,1,1,1,5,1,13,1,1,33,0,0,27,39,0,0,guidance_regarding_us-japan_treaty1.pdf
0,0,1,1,6,6,2,0,0,81.677734375,0,0,1,1,1,1,1,0,2,1,1,1,0,0,6,12,1,0,cellcopt.pdf
0,0,2,2,29,29,7,0,0,20.5849609375,0,1,3,2,2,1,3,1,17,1,1,46,1,0,29,37,0,0,final_map_on_llc_8-26-2005_signed.pdf
0,0,3,0,50,50,43,0,0,72.95703125,0,0,3,3,3,0,3,3,25,0,3,3,1,0,50,9,0,0,f5884.pdf
43,43,1,1,1051,1050,143,1,0,17260.927734375,0,0,41,1,1,1,47,1,1298,1,1,135,10,264,1050,26,0,1,RichContentorFlash (6).pdf
0,0,2,2,33,33,21,0,0,83.109375,0,1,1,2,2,1,2,1,32,1,1,5,1,0,33,11,0,0,chiqllc.pdf
0,0,3,0,140,140,134,0,0,128.20703125,0,0,2,3,3,0,81,3,102,0,3,28,1,0,140,21,0,0,f1040a_accessible.pdf
0,0,2,2,45,45,19,0,0,62.2919921875,0,1,3,2,2,1,3,1,32,1,1,57,1,0,45,13,0,0,72fr28998.pdf
0,0,3,4,41,41,16,0,0,36.7958984375,0,0,6,6,3,2,6,4,32,2,4,44,2,0,41,29,0,0,sampleprogramdescriptions.pdf
0,0,2,2,52,52,17,0,0,52.57421875,0,1,4,2,2,1,4,2,26,1,1,42,1,0,52,13,0,0,66fr38226.pdf
0,0,2,2,244,244,20,0,0,48.58984375,0,1,5,2,2,1,5,1,238,1,1,35,1,1,244,11,0,0,eia-pia.pdf
0,0,1,1,58,58,15,0,0,23.32421875,0,0,15,1,1,1,15,1,9,1,1,25,0,0,58,12,0,0,not98-43.pdf
0,0,2,2,23,23,6,0,0,15.0908203125,0,1,2,3,2,1,2,1,18,1,1,32,1,0,23,11,0,0,n-04-69.pdf
0,0,2,2,43,43,12,0,0,23.087890625,0,1,10,2,2,1,10,1,11,1,1,30,1,0,43,11,0,0,n-11-68.pdf
0,0,5,0,180,180,171,0,0,136.0966796875,0,0,2,6,5,0,117,5,148,0,5,79,4,0,180,10,0,0,f706na.pdf
0,0,2,2,69,69,26,0,0,61.3564453125,0,1,10,3,2,1,10,1,54,1,1,71,1,4,69,17,0,0,ig_wo_memo_03.pdf
0,0,2,2,11,11,3,0,0,23.396484375,0,1,1,2,2,1,1,2,4,1,1,0,0,0,11,12,1,0,advtcila.pdf
0,0,3,3,266,266,30,0,0,286.9501953125,0,0,1,3,3,2,2,2,244,2,2,81,2,3,266,13,0,0,alpha_web.pdf
1,0,2,2,31,31,19,0,0,86.1328125,0,1,1,2,2,1,2,1,30,1,1,5,1,0,31,11,0,0,amrosen.pdf
0,0,2,2,82,82,29,0,0,71.359375,0,0,14,2,2,3,16,2,20,3,2,43,2,0,82,11,0,0,090801f.pdf
0,0,2,2,52,52,14,0,0,30.75390625,0,1,9,3,2,1,9,1,32,1,1,29,1,0,52,12,0,0,rp-10-13.pdf
0,0,2,2,23,23,6,0,0,13.9580078125,0,1,4,2,2,1,4,1,9,1,1,14,1,0,23,11,0,0,n-04-71.pdf
0,0,2,2,34,34,22,0,0,85.396484375,0,1,1,2,2,1,2,1,35,1,1,5,1,0,34,15,0,0,bealestreet.pdf
0,0,2,2,94,94,36,0,0,99.4921875,0,1,27,3,2,1,27,1,67,1,1,67,1,4,94,11,0,0,n-09-27.pdf
0,0,2,2,40,40,15,0,0,245.150390625,0,0,4,3,2,1,4,3,33,1,3,51,0,0,40,41,0,0,041211-society-of-american-archivists.pdf
0,0,2,2,26,26,8,0,0,30.291015625,0,1,5,3,2,1,5,1,11,2,1,15,1,0,26,11,0,0,n-11-38.pdf
0,0,2,2,46,46,15,0,0,168.1201171875,0,0,1,2,2,2,2,2,30,2,2,77,3,0,46,23,0,0,French_CNAstatement.pdf
0,0,2,2,88,88,24,0,0,66.0634765625,0,1,22,2,2,1,22,2,19,1,1,57,1,0,88,42,0,0,advance_payment_transactions__cip_5-03.pdf
0,0,2,2,50,50,37,0,0,108.51953125,0,1,2,2,2,1,3,1,55,1,1,5,1,0,50,15,0,0,bonnierwork.pdf
0,0,2,2,25,25,8,0,0,16.97265625,0,1,4,3,2,1,4,1,20,1,1,24,1,0,25,11,0,0,n-06-06.pdf
0,0,2,2,139,139,43,0,0,179.6279296875,0,1,32,2,2,1,32,2,26,1,1,96,1,0,139,17,0,0,notice2001_57.pdf
0,0,2,2,148,148,45,0,0,158.4404296875,0,1,28,2,2,1,28,2,42,1,1,99,0,0,148,12,0,0,p3--2001.pdf
0,0,3,0,134,134,127,0,0,142.8974609375,0,0,3,3,3,0,87,3,107,0,3,3,1,0,134,22,0,0,fw3ss12_accessible.pdf
0,0,2,0,109,109,103,0,0,145.28125,0,1,4,2,2,0,0,2,59,0,2,0,1,0,109,17,0,0,cp504_russian.pdf
0,0,2,2,34,34,12,0,0,23.23046875,0,1,7,3,2,1,7,1,26,1,1,17,1,1,34,11,0,0,n-08-56.pdf
0,0,1,1,6,6,2,0,0,79.9140625,0,0,1,1,1,1,1,0,2,1,1,1,0,0,6,12,1,0,asfkicom.pdf
0,0,2,2,36,36,11,0,0,61.998046875,0,1,6,2,2,1,6,2,11,1,1,22,1,0,36,12,0,0,rr-03-47.pdf
0,0,2,2,39,39,25,0,0,97.685546875,0,1,2,2,2,1,3,1,46,1,1,5,1,0,39,11,0,0,branllc.pdf
0,0,2,2,67,67,26,0,0,62.4453125,0,1,7,2,2,1,7,1,38,1,1,63,1,0,67,9,0,0,i8283.pdf
0,0,1,1,6,6,2,0,0,62.1181640625,0,0,1,1,1,1,1,0,2,1,1,1,0,0,6,13,1,0,advcareer.pdf
0,0,2,2,55,55,23,0,0,49.396484375,0,1,18,3,2,1,18,1,31,1,1,28,1,0,55,12,0,0,rp-05-11.pdf
0,0,2,2,11,11,3,0,0,33.716796875,0,1,1,2,2,1,1,2,4,1,1,0,0,0,11,12,1,0,audioinf.pdf
0,0,2,2,369,369,18,1,0,143.5380859375,0,1,7,2,2,1,7,2,307,1,1,71,1,2,369,11,0,0,n-02-34.pdf
0,0,2,2,34,34,7,0,0,42.0830078125,0,0,1,2,2,2,2,2,29,2,2,35,2,1,34,13,0,0,67fr47574.pdf
0,0,2,2,52,52,24,0,0,116.291015625,0,1,1,3,2,1,1,1,35,1,1,73,1,1,52,15,0,0,ir-09-84_vt.pdf
0,0,1,1,6,6,2,0,0,79.9423828125,0,0,1,1,1,1,1,0,2,1,1,1,0,0,6,15,1,0,apvalbrocas.pdf
0,0,2,2,326,326,100,1,0,209.0361328125,0,1,97,2,2,1,97,2,20,1,1,132,0,0,326,12,0,0,rp-02-47.pdf
0,0,2,2,126,126,30,0,0,305.728515625,0,0,16,3,2,1,16,3,183,1,3,108,0,35,126,29,0,0,DV_2013_instructions_Latv.pdf
0,0,1,1,50,50,14,0,0,25.6884765625,0,0,11,1,1,1,12,1,7,1,1,19,0,0,50,12,0,0,rr-99-14.pdf
0,0,2,0,46,46,42,0,0,204.685546875,0,1,2,2,2,0,3,2,13,0,2,2,1,0,46,20,0,0,appropriate_tech.pdf
0,0,2,2,45,45,19,0,0,62.3232421875,0,1,3,2,2,1,3,1,32,1,1,57,1,0,45,13,0,0,72fr30641.pdf
0,0,2,2,27,27,7,0,0,14.8681640625,0,1,6,2,2,1,6,2,7,1,1,10,0,0,27,11,0,0,rr-00-6.pdf
0,0,3,3,90,90,43,0,0,55.1279296875,0,0,9,3,3,4,12,2,23,4,2,42,2,0,90,11,0,0,100501f.pdf
0,0,2,2,133,133,26,0,0,144.2861328125,0,1,4,2,2,1,6,1,46,1,1,77,1,2,133,11,0,0,i1120sd.pdf
0,0,2,0,42,42,39,0,0,168.748046875,0,1,1,2,2,0,3,2,11,0,2,1,1,0,42,15,0,0,blue_valley.pdf
0,0,2,2,154,154,30,0,0,243.1728515625,0,1,1,2,2,1,2,1,163,1,1,83,1,17,154,15,0,0,aw_internet.pdf
0,0,2,2,66,66,16,0,0,30.0732421875,0,1,4,3,2,1,4,1,86,1,1,34,1,13,66,52,0,0,evolution_of_the_office_of_the_taxpayer_advocate.pdf
0,0,3,0,67,67,48,0,0,163.9052734375,0,0,3,3,3,0,5,3,32,0,3,16,2,0,67,12,0,0,p3067eru.pdf
0,0,2,2,32,32,10,0,0,92.4755859375,0,1,1,2,2,1,1,1,22,1,1,54,1,0,32,15,0,0,ppt_pptCard.pdf
0,0,2,2,140,140,24,0,0,179.80078125,0,1,1,2,2,1,2,1,106,1,1,57,1,3,140,12,0,0,admo-net.pdf
0,0,2,2,24,24,7,0,0,24.6396484375,0,1,1,3,2,1,1,1,20,1,1,41,1,0,24,16,0,0,cp53_spanish.pdf
0,0,2,2,40,40,9,0,0,24.001953125,0,1,7,2,2,1,7,1,17,1,1,57,1,0,40,11,0,0,n-05-05.pdf
0,0,3,0,39,39,33,0,0,52.919921875,0,0,2,3,3,0,2,3,22,0,3,2,1,0,39,10,0,0,f8874a.pdf
0,0,2,2,28,28,16,0,0,81.421875,0,1,1,2,2,1,2,1,27,1,1,5,1,0,28,10,0,0,arvixe.pdf
0,0,2,2,47,47,19,0,0,55.0830078125,0,1,6,3,2,1,6,1,40,1,1,55,1,1,47,11,0,0,opa-pia.pdf
0,0,2,0,18,18,14,0,0,19.3720703125,0,1,2,2,2,0,0,2,5,0,2,0,1,0,18,11,0,0,12-0042.pdf
0,0,2,0,113,113,108,0,0,156.548828125,0,1,3,2,2,0,0,2,63,0,2,0,1,0,113,17,0,0,cp521_chinese.pdf
0,0,2,4,165,165,71,0,0,131.3251953125,0,0,4,4,2,2,38,3,205,2,3,192,2,36,164,9,0,0,f8888.pdf
0,0,2,2,29,29,8,0,0,14.560546875,0,1,6,2,2,1,6,1,9,1,1,16,1,0,29,12,0,0,rr-05-11.pdf
0,0,2,2,389,389,31,0,0,383.587890625,0,1,16,2,2,1,16,1,45,1,1,77,1,6,389,12,0,0,irb09-34.pdf
0,0,2,2,22,22,6,0,0,15.9970703125,0,1,3,3,2,1,3,1,11,2,1,13,1,0,22,11,0,0,n-11-18.pdf
0,0,2,2,26,26,14,0,0,88.8935546875,0,1,1,2,2,1,2,1,25,1,1,5,1,0,26,12,0,0,bencoote.pdf
0,0,2,2,52,52,14,0,0,28.70703125,0,1,11,2,2,1,11,1,13,1,1,41,1,0,52,11,0,0,n-08-04.pdf
0,0,2,2,42,42,11,0,0,24.5595703125,0,1,6,3,2,1,6,1,42,1,1,26,1,4,42,11,0,0,n-09-62.pdf
0,0,1,1,6,6,2,0,0,63.6376953125,0,0,1,1,1,1,1,0,2,1,1,1,0,0,6,14,1,0,arnoldport.pdf
0,0,3,0,39,39,30,0,0,37.966796875,0,0,6,3,3,1,0,3,7,1,3,0,2,0,39,11,0,0,113901f.pdf
0,0,2,2,11,11,3,0,0,23.1806640625,0,1,1,2,2,1,1,2,4,1,1,0,0,0,11,10,1,0,athcab.pdf
0,0,2,2,33,33,10,0,0,56.2451171875,0,1,5,2,2,1,5,2,11,1,1,21,1,0,33,11,0,0,n-03-31.pdf
0,0,2,2,27,27,6,0,0,11.0537109375,0,1,4,2,2,1,4,1,13,1,1,34,1,0,27,12,0,0,rr-07-50.pdf
0,0,2,2,38,38,26,0,0,82.7060546875,0,1,1,2,2,1,2,1,39,1,1,5,1,0,38,15,0,0,clockmakers.pdf
0,0,8,0,592,592,135,0,0,351.53515625,0,0,2,9,8,4,62,11,606,4,8,46,8,10,592,20,0,0,f8816_accessible.pdf
0,0,2,2,34,34,16,0,0,100.0849609375,0,1,1,3,2,1,1,1,22,1,1,44,1,0,34,15,0,0,cp53_korean.pdf
0,0,2,2,59,59,21,0,0,76.07421875,0,1,16,3,2,1,16,1,17,2,1,57,1,0,59,12,0,0,rr-11-18.pdf
0,0,1,1,29,29,7,0,0,16.3583984375,0,0,7,1,1,1,7,1,6,1,1,13,0,0,29,10,0,0,n99-43.pdf
0,0,2,2,154,154,25,0,0,152.0419921875,0,1,5,2,2,1,7,1,50,1,1,78,1,5,154,11,0,0,i8038cp.pdf
0,0,4,0,56,56,48,0,0,77.5615234375,0,0,3,5,4,0,4,4,32,0,4,4,3,0,56,9,0,0,f8911.pdf
2,3,3,3,99,99,35,0,0,86.705078125,0,0,2,3,3,2,2,2,57,2,2,26,2,16,99,9,0,1,f4670.pdf
0,0,2,2,54,54,15,0,0,25.263671875,0,1,13,2,2,1,13,1,11,1,1,33,1,0,54,11,0,0,n-07-30.pdf
0,0,2,2,39,39,27,0,0,84.080078125,0,1,1,2,2,1,2,1,38,1,1,5,1,0,39,11,0,0,birdbaa.pdf
0,0,2,2,26,26,9,0,0,21.0205078125,0,1,4,3,2,1,4,1,23,1,1,32,1,0,26,12,0,0,rr-10-02.pdf
0,0,3,0,56,56,49,0,0,76.8525390625,0,0,3,3,3,0,3,3,23,0,3,3,1,0,56,9,0,0,f8820.pdf
0,0,1,1,6,6,2,0,0,82.14453125,0,0,1,1,1,1,1,0,2,1,1,1,0,0,6,12,1,0,collneti.pdf
0,0,2,2,66,66,32,0,0,49.306640625,0,1,2,3,2,0,9,1,47,1,1,64,1,0,66,16,0,0,cp25_english.pdf
0,0,3,0,53,53,47,0,0,72.4892578125,0,0,2,3,3,0,2,3,24,0,3,2,1,0,53,22,0,0,f1040sj_accessible.pdf
0,0,2,2,34,34,9,0,0,17.3369140625,0,1,7,2,2,1,7,1,11,1,1,27,1,0,34,11,0,0,n-05-31.pdf
0,0,2,2,153,153,23,0,0,191.9951171875,0,1,1,2,2,1,2,1,117,1,1,40,1,1,153,10,0,0,alamy4.pdf
0,0,2,2,32,32,9,0,0,16.1806640625,0,1,7,2,2,1,7,1,9,1,1,17,1,0,32,11,0,0,n-05-69.pdf
0,0,1,1,6,6,2,0,0,86.8125,0,0,1,1,1,1,1,0,2,1,1,1,0,0,6,12,1,0,appleinc.pdf
0,0,2,2,54,54,25,0,0,86.5947265625,0,1,4,3,2,1,4,1,33,1,1,66,1,1,54,11,0,0,n-10-20.pdf
0,0,1,1,26,26,6,0,0,10.6455078125,0,0,6,1,1,1,6,1,6,1,1,10,0,0,26,11,0,0,rp98-15.pdf
0,0,3,0,77,77,67,0,0,125.8525390625,0,0,6,3,3,0,27,3,48,0,3,13,1,0,77,23,0,0,f1099int_accessible.pdf
0,0,2,2,40,40,14,0,0,36.1796875,0,1,3,3,2,1,3,1,37,1,1,53,1,1,40,12,0,0,ntfo-pia.pdf
0,0,2,2,62,62,25,0,0,47.9599609375,0,1,3,2,2,1,3,1,43,1,1,67,1,0,62,14,0,0,i1098et_10.pdf
0,0,2,2,112,112,13,1,0,82.6376953125,0,1,5,2,2,1,5,2,96,1,1,45,1,0,112,12,0,0,rp-02-48.pdf
0,0,1,1,29,29,4,0,0,23.123046875,0,0,1,1,1,1,1,1,5,1,1,17,0,0,29,18,0,0,Carmen_Alvarez.pdf
0,0,2,2,34,34,10,1,0,10.6572265625,0,1,2,2,2,1,2,2,11,1,1,16,0,1,34,11,0,0,n-01-40.pdf
0,0,2,2,116,116,25,0,0,139.275390625,0,1,4,2,2,1,7,1,46,1,1,81,1,2,116,10,0,0,i941sd.pdf
0,0,1,1,187,187,54,0,0,336.7861328125,0,0,52,1,1,1,52,1,86,1,1,109,1,20,187,11,0,0,99scorp.pdf
0,0,2,2,173,173,53,0,0,133.9912109375,0,1,48,2,2,1,48,1,19,1,1,101,1,0,173,12,0,0,rp-07-44.pdf
0,0,2,2,45,45,14,0,0,68.5654296875,0,1,10,2,2,1,10,2,9,1,1,18,1,0,45,12,0,0,rp-03-43.pdf
0,0,2,2,11,11,3,0,0,36.01953125,0,1,1,2,2,1,1,2,4,1,1,0,0,0,11,9,1,0,advns.pdf
0,0,3,0,228,228,216,0,0,318.986328125,0,0,8,3,3,0,151,3,174,0,3,129,1,0,228,22,0,0,f2290sp_accessible.pdf
0,0,2,2,11,11,3,0,0,30.919921875,0,1,1,2,2,1,1,2,4,1,1,0,0,0,11,11,1,0,bowdoin.pdf
0,0,1,1,12,12,6,0,0,207.8818359375,0,0,3,1,1,1,3,0,4,1,1,3,0,0,12,7,1,0,aol.pdf
0,0,2,2,164,164,11,1,0,79.771484375,0,1,5,2,2,1,5,2,139,1,1,29,1,0,164,12,0,0,rp-04-36.pdf
0,0,1,1,24,24,4,1,0,85.916015625,0,0,1,2,1,1,1,1,23,2,1,13,0,2,24,32,0,0,Streaming-Video-From-YouTube.pdf
0,0,1,1,6,6,2,0,0,77.8359375,0,0,1,1,1,1,1,0,2,1,1,1,0,0,6,12,1,0,bitarmin.pdf
0,0,2,2,31,31,6,0,0,15.2333984375,0,1,2,3,2,1,2,1,38,1,1,32,1,4,31,11,0,0,n-09-09.pdf
0,0,2,2,44,44,12,0,0,28.7177734375,0,1,8,2,2,1,8,1,17,1,1,51,1,0,44,11,0,0,n-05-30.pdf
0,0,2,2,162,162,30,0,0,173.001953125,0,1,4,2,2,1,7,1,51,1,1,93,1,1,162,9,0,0,i8801.pdf
0,0,2,2,94,94,21,0,0,96.935546875,0,1,15,3,2,1,15,1,68,2,1,58,1,12,94,11,0,0,n-10-90.pdf
0,0,2,2,46,46,15,0,0,76.9580078125,0,1,4,3,2,1,4,1,38,1,1,81,1,1,46,21,0,0,13-stuart-holland.pdf
0,0,1,1,6,6,2,0,0,75.9169921875,0,0,1,1,1,1,1,0,2,1,1,1,0,0,6,12,1,0,chastacm.pdf
0,0,2,2,105,105,34,0,0,94.0810546875,0,1,25,3,2,1,25,1,92,1,1,75,1,9,105,11,0,0,a-09-34.pdf
0,0,2,2,98,98,24,1,0,84.1748046875,0,1,6,2,2,1,8,1,104,3,1,63,1,19,98,13,0,0,71fr54948.pdf
0,0,2,2,48,48,12,0,0,145.0556640625,0,1,5,2,2,1,5,1,36,1,1,59,1,0,48,11,0,0,ar-1891.pdf
0,0,2,2,204,204,41,0,0,195.89453125,0,1,12,2,2,1,18,1,61,1,1,114,1,1,204,9,0,0,i2555.pdf
0,0,1,1,6,6,2,0,0,81.5810546875,0,0,1,1,1,1,1,0,2,1,1,1,0,0,6,12,1,0,barryunv.pdf
0,0,5,0,662,662,632,0,0,325.4384765625,0,0,8,5,5,0,549,5,585,0,5,331,5,0,662,9,0,0,f3115.pdf
0,0,2,2,28,28,16,0,0,91.625,0,1,1,2,2,1,2,1,27,1,1,5,1,0,28,11,0,0,blackos.pdf
0,0,2,2,117,117,34,1,0,100.5498046875,0,1,33,2,2,1,33,2,12,1,1,54,0,0,117,12,0,0,rp-00-40.pdf
0,0,2,2,124,124,56,0,0,183.9521484375,0,1,4,2,2,1,6,2,86,1,1,193,2,0,124,10,0,0,circ66.pdf
0,0,2,2,11,11,3,0,0,27.2578125,0,1,1,2,2,1,1,2,4,1,1,0,0,0,11,8,1,0,alin.pdf
0,0,2,0,286,286,281,0,0,123.9970703125,0,1,3,2,2,0,241,2,254,0,2,11,1,0,286,21,0,0,ContractAppendixC.pdf
0,0,2,2,46,46,15,0,0,38.24609375,0,1,12,3,2,1,12,1,15,2,1,42,1,0,46,11,0,0,n-10-58.pdf
0,0,3,3,118,118,29,0,0,143.6611328125,0,0,3,3,3,3,6,3,67,3,3,42,3,18,118,13,0,0,67fr21176.pdf
0,0,1,1,6,6,2,0,0,65.7373046875,0,0,1,1,1,1,1,0,2,1,1,1,0,0,6,12,1,0,awanholc.pdf
0,0,2,2,25,25,8,0,0,15.4375,0,1,4,3,2,1,4,1,20,1,1,24,1,0,25,11,0,0,n-08-92.pdf
0,0,2,2,26,26,8,0,0,20.0185546875,0,1,2,3,2,1,2,1,23,1,1,39,1,0,26,19,0,0,tege-07-0909-02.pdf
0,0,1,1,6,6,2,0,0,71.361328125,0,0,1,1,1,1,1,0,2,1,1,1,0,0,6,13,1,0,cmxsports.pdf
0,0,2,0,13,13,10,1,0,33.380859375,0,1,1,2,2,0,0,2,5,0,2,0,1,0,13,27,1,0,Christian_Andrew_Warren.pdf
0,0,2,2,162,162,22,0,0,66.9619140625,0,1,2,2,2,1,3,2,213,1,1,35,1,6,162,12,0,0,68fr7350.pdf
0,0,2,2,23,23,6,0,0,16.8115234375,0,1,1,2,2,1,1,1,14,1,1,31,1,0,23,13,0,0,ir-05-015.pdf
0,0,2,2,38,38,11,1,0,14.3037109375,0,1,3,2,2,1,3,2,11,1,1,24,0,0,38,45,0,0,netherlands_antillesweb-rev_november_2002.pdf
0,0,2,2,53,53,24,0,0,48.2080078125,0,1,5,3,2,1,5,1,42,1,1,62,1,1,53,13,0,0,misdw-pia.pdf
0,0,3,0,64,64,52,0,0,102.375,0,0,8,5,3,0,8,3,39,0,3,8,2,0,64,23,0,0,f1099l11_accessible.pdf
0,0,2,2,69,69,23,0,0,79.052734375,0,1,19,3,2,1,19,1,23,2,1,69,1,1,69,12,0,0,rp-10-52.pdf
0,0,2,2,45,45,16,0,0,47.1875,0,1,5,3,2,1,5,1,40,1,1,65,1,1,45,15,0,0,acuserv-pia.pdf
0,0,2,2,27,27,7,0,0,16.1904296875,0,1,5,2,2,1,5,2,8,1,1,12,1,0,27,7,0,0,229.pdf
0,0,1,1,29,29,10,0,0,21.779296875,0,0,1,1,1,1,1,1,14,1,1,37,1,0,29,19,0,0,counselorgchart.pdf
0,0,4,0,76,76,66,0,0,84.4384765625,0,0,4,4,4,1,28,4,55,1,4,12,3,0,76,7,0,0,fw9.pdf
0,0,2,2,28,28,8,0,0,16.94140625,0,1,4,3,2,1,4,1,19,1,1,14,1,0,28,12,0,0,rr-08-32.pdf
0,0,2,2,25,25,6,0,0,10.552734375,0,1,4,2,2,1,4,1,11,1,1,24,1,0,25,12,0,0,rr-05-08.pdf
0,0,2,2,11,11,3,0,0,24.1904296875,0,1,1,2,2,1,1,2,4,1,1,0,0,0,11,12,1,0,advtcinc.pdf
0,0,1,1,36,36,9,0,0,22.2353515625,0,0,8,1,1,1,8,1,11,1,1,29,1,0,36,12,0,0,rp-03-22.pdf
0,0,2,2,126,126,90,0,0,86.8173828125,0,1,4,3,2,1,4,1,85,1,1,70,1,0,126,17,0,0,cp504_spanish.pdf
0,0,2,2,30,30,16,0,0,38.4306640625,0,1,5,3,2,1,5,1,17,1,1,15,1,0,30,12,0,0,rr-09-02.pdf
0,0,2,2,119,119,44,0,0,276.759765625,0,1,13,3,2,1,13,1,47,1,1,143,1,0,119,17,0,0,07rppsjohnson.pdf
0,0,4,4,27,27,8,0,0,23.330078125,0,0,1,5,4,3,2,3,30,3,3,22,3,1,27,37,0,0,SF424_RR_Guide_General_Adobe_VerA.pdf
0,0,2,0,114,114,109,0,0,139.1953125,0,1,3,2,2,0,0,2,62,0,2,0,1,0,114,17,0,0,cp521_russian.pdf
0,0,1,1,6,6,2,0,0,73.755859375,0,0,1,1,1,1,1,0,2,1,1,1,0,0,6,12,1,0,conneigh.pdf
0,0,1,1,25,25,6,0,0,125.986328125,0,0,3,1,1,1,3,1,13,1,1,33,0,0,25,12,0,0,65fr3404.pdf
0,0,1,1,6,6,2,0,0,68.6416015625,0,0,1,1,1,1,1,0,2,1,1,1,0,0,6,12,1,0,admtesay.pdf
0,0,2,2,49,49,37,0,0,116.3349609375,0,1,1,2,2,1,2,1,50,1,1,5,1,0,49,11,0,0,add2net.pdf
0,0,2,2,12,12,4,0,0,16.8232421875,0,1,1,2,2,1,1,2,5,1,1,0,1,0,12,12,1,0,chtcblpt.pdf
0,0,1,1,6,6,2,0,0,86.7763671875,0,0,1,1,1,1,1,0,2,1,1,1,0,0,6,12,1,0,cheatmas.pdf
0,0,1,1,6,6,2,0,0,86.30859375,0,0,1,1,1,1,1,0,2,1,1,1,0,0,6,13,1,0,blerepllc.pdf
0,0,1,1,6,6,2,0,0,76.359375,0,0,1,1,1,1,1,0,2,1,1,1,0,0,6,9,1,0,amsne.pdf
0,0,2,2,404,404,52,0,0,261.6650390625,0,1,17,4,2,1,24,1,95,1,1,154,1,7,404,9,0,0,i5471.pdf
0,0,2,2,78,78,52,0,0,55.5341796875,0,1,2,3,2,1,2,1,55,1,1,58,1,0,78,16,0,0,cp49_english.pdf
0,0,2,2,56,56,14,0,0,37.6904296875,0,1,11,2,2,1,11,1,19,1,1,64,1,0,56,18,0,0,bank_agreement.pdf
0,0,2,2,130,130,30,0,0,222.6806640625,0,1,1,2,2,1,2,1,83,1,1,83,1,0,130,16,0,0,contenix_inc.pdf
0,0,2,2,39,39,12,0,0,59.1845703125,0,1,7,2,2,1,7,2,11,1,1,23,1,0,39,11,0,0,n-03-13.pdf
0,0,2,2,29,29,17,0,0,87.138671875,0,1,1,2,2,1,2,1,30,1,1,5,1,0,29,13,0,0,allonhill.pdf
0,0,2,2,119,119,28,0,0,226.9658203125,0,1,1,2,2,1,2,1,77,1,1,73,1,1,119,21,0,0,bayshore_software.pdf
0,0,2,2,11,11,3,0,0,21.7705078125,0,1,1,2,2,1,1,2,4,1,1,0,0,0,11,12,1,0,atlannet.pdf
0,0,2,2,46,46,15,0,0,177.234375,0,0,1,2,2,2,2,2,30,2,2,77,3,0,46,23,0,0,Polish_CNAstatement.pdf
0,0,2,0,53,53,49,0,0,64.1689453125,0,1,2,2,2,0,14,2,32,0,2,10,1,0,53,23,0,0,f1120idp_accessible.pdf
0,0,2,0,30,30,27,0,0,57.341796875,0,1,1,2,2,0,1,2,9,0,2,1,1,0,30,12,0,0,afforums.pdf
0,0,2,2,30,30,18,0,0,88.41796875,0,1,1,2,2,1,2,1,31,1,1,5,1,0,30,10,0,0,cisaic.pdf
0,0,2,2,53,53,17,0,0,61.3330078125,0,1,3,2,2,1,3,1,51,1,1,55,1,5,53,12,0,0,73fr3898.pdf
0,0,2,2,28,28,7,0,0,13.2236328125,0,1,5,2,2,1,5,1,11,1,1,25,1,0,28,14,0,0,rr-2010-25.pdf
0,0,2,2,31,31,8,0,0,20.0634765625,0,1,6,2,2,1,6,1,11,1,1,26,1,0,31,12,0,0,rr-06-58.pdf
0,0,2,2,25,25,13,0,0,76.1455078125,0,1,1,2,2,1,2,1,24,1,1,5,1,0,25,15,0,0,aplcreative.pdf
0,0,4,0,74,74,67,0,0,85.2666015625,0,0,2,5,4,0,21,4,51,0,4,9,3,0,74,9,0,0,f8878.pdf
0,0,2,2,34,34,10,0,0,41.2802734375,0,1,5,2,2,1,5,2,12,1,1,23,1,0,34,12,0,0,rr-04-25.pdf
0,0,2,2,66,66,15,0,0,173.9482421875,0,0,2,2,2,2,7,2,56,2,2,61,1,1,66,13,0,0,75fr27248.pdf
0,0,2,2,22,22,5,0,0,10.3798828125,0,1,3,2,2,1,3,1,11,1,1,23,1,0,22,11,0,0,n-06-64.pdf
0,0,3,0,41,41,37,0,0,178.29296875,0,0,1,3,3,1,4,3,15,1,3,4,2,0,41,22,0,0,community_wireless.pdf
0,0,2,2,23,23,4,1,0,11.3828125,0,1,3,2,2,1,3,2,7,1,1,10,0,0,23,11,0,0,a-01-91.pdf
0,0,2,0,891,891,97,0,0,195.736328125,0,0,24,2,2,1,0,2,783,1,2,20,2,5,891,11,0,0,121601f.pdf
0,0,3,3,1654,1654,57,0,0,315.58984375,0,0,18,3,3,2,36,2,1505,2,2,79,2,0,1654,38,0,0,funding_based_benefit_restrictions.pdf
0,0,1,1,6,6,2,0,0,72.380859375,0,0,1,1,1,1,1,0,2,1,1,1,0,0,6,13,1,0,arkarcomt.pdf
0,0,2,2,21,21,6,0,0,31.0859375,0,1,2,2,2,1,2,2,9,1,1,10,1,0,21,11,0,0,a-03-47.pdf
0,1,4,4,175,175,91,0,0,235.05859375,0,0,3,4,4,3,74,4,156,3,3,80,3,46,175,10,0,0,f8804c.pdf
0,0,2,2,120,120,27,0,0,123.2294921875,0,1,2,2,2,1,6,1,56,1,1,88,1,3,120,14,0,0,i1099sa_11.pdf
0,0,2,2,91,91,56,0,0,77.6318359375,0,1,12,3,2,1,12,1,53,1,1,32,1,0,91,11,0,0,n-09-22.pdf
0,0,2,2,21,21,9,0,0,76.6953125,0,1,1,2,2,1,2,1,20,1,1,5,1,0,21,10,0,0,beamzi.pdf
0,0,2,2,114,114,79,0,0,76.455078125,0,1,4,3,2,0,14,1,76,1,1,55,1,0,114,17,0,0,cp566_english.pdf
0,0,1,1,6,6,2,0,0,73.6904296875,0,0,1,1,1,1,1,0,2,1,1,1,0,0,6,9,1,0,alinc.pdf
0,0,2,2,26,26,14,0,0,85.6416015625,0,1,1,2,2,1,2,1,25,1,1,5,1,0,26,12,0,0,aasgardc.pdf
0,0,2,0,30,30,27,0,0,164.9560546875,0,1,1,2,2,0,2,2,10,0,2,1,1,0,30,14,0,0,basho_tech.pdf
0,0,4,0,157,157,150,0,0,131.3828125,0,0,2,4,4,0,86,4,112,0,4,30,2,0,157,10,0,0,f1040x.pdf
0,0,1,1,6,6,2,0,0,79.7998046875,0,0,1,1,1,1,1,0,2,1,1,1,0,0,6,12,1,0,conuptld.pdf
0,0,2,2,30,30,18,0,0,94.1787109375,0,1,1,2,2,1,2,1,29,1,1,5,1,0,30,13,0,0,comcassti.pdf
0,0,2,0,34,34,31,0,0,177.2763671875,0,1,1,2,2,0,2,2,10,0,2,1,1,0,34,15,0,0,audio_video.pdf
0,0,1,1,453,453,24,0,0,116.01171875,0,0,16,1,1,2,17,1,384,2,1,61,1,1,453,14,0,0,eotopico00.pdf
0,0,2,2,42,42,13,0,0,67.9423828125,0,1,6,2,2,1,6,2,15,1,1,38,1,0,42,12,0,0,rr-03-91.pdf
0,0,2,2,30,30,9,0,0,58.033203125,0,1,3,2,2,1,3,2,13,1,1,27,1,0,30,12,0,0,rr-04-21.pdf
0,0,3,0,118,118,111,0,0,95.2841796875,0,0,3,3,3,0,72,3,91,0,3,26,1,0,118,20,0,0,f8554_accessible.pdf
0,0,1,1,6,6,2,0,0,73.37890625,0,0,1,1,1,1,1,0,2,1,1,1,0,0,6,12,1,0,acbusigr.pdf
0,0,1,1,50,50,16,0,0,70.765625,0,0,8,1,1,1,8,1,44,1,1,64,0,2,50,11,0,0,td_9501.pdf
0,0,1,1,30,30,4,0,0,13.771484375,0,0,1,1,1,1,1,4,18,1,1,11,1,0,30,13,0,0,Ben_Frede.pdf
0,0,3,0,82,82,76,0,0,88.439453125,0,0,2,3,3,0,32,3,56,0,3,12,1,0,82,11,0,0,f8453eo.pdf
0,0,1,1,6,6,2,0,0,76.771484375,0,0,1,1,1,1,1,0,2,1,1,1,0,0,6,12,1,0,characqn.pdf
0,0,2,2,20,20,5,0,0,14.0126953125,0,1,2,3,2,1,2,1,11,2,1,12,1,0,20,12,0,0,rp-11-36.pdf
0,0,2,2,29,29,17,0,0,78.8330078125,0,1,1,2,2,1,2,1,28,1,1,5,1,0,29,16,0,0,catalystmail.pdf
0,0,1,1,6,6,2,0,0,73.587890625,0,0,1,1,1,1,1,0,2,1,1,1,0,0,6,12,1,0,acumeass.pdf
0,0,1,1,11,11,2,0,0,10.453125,0,0,1,1,1,1,1,1,8,1,1,3,0,0,11,23,1,0,purepdf_readoutloud.pdf
0,0,2,2,29,29,17,0,0,90.2734375,0,1,1,2,2,1,2,1,28,1,1,5,1,0,29,12,0,0,capdirec.pdf
0,0,2,2,109,109,33,1,0,42.423828125,0,1,32,2,2,1,32,2,6,1,1,34,0,0,109,12,0,0,rp-00-39.pdf
0,0,4,0,64,64,60,0,0,101.7587890625,0,0,2,5,4,0,0,4,28,0,4,0,4,0,64,11,0,0,f1041sj.pdf
0,0,2,2,29,29,17,0,0,92.54296875,0,1,1,2,2,1,2,1,28,1,1,5,1,0,29,12,0,0,chrisnor.pdf
0,0,1,1,63,63,16,0,0,65.7578125,0,0,5,1,1,1,5,1,37,1,1,85,1,0,63,15,0,0,Brett_Smith.pdf
0,0,2,2,52,52,13,0,0,25.1962890625,0,1,11,2,2,1,11,1,15,1,1,51,1,0,52,12,0,0,rp-05-32.pdf
0,0,2,2,167,167,10,0,0,32.5146484375,0,1,8,2,2,1,8,2,8,1,1,12,1,0,167,16,0,0,103hommedieu.pdf
0,0,2,2,211,211,28,0,0,174.9560546875,0,1,8,2,2,1,9,1,31,1,1,64,1,0,211,9,0,0,i5713.pdf
0,0,3,0,39,39,33,0,0,172.5224609375,0,0,4,3,3,0,0,3,11,0,3,4,2,0,39,14,0,0,17_sec_sop.pdf
0,0,2,0,34,34,30,0,0,107.9140625,0,1,2,2,2,0,0,2,8,0,2,2,1,0,34,30,0,0,RetiringAbroadNovember2010.pdf
0,0,3,0,59,59,40,0,0,132.2001953125,0,0,3,3,3,0,5,3,31,0,3,16,2,0,59,12,0,0,p3067ekr.pdf
0,0,1,1,6,6,2,0,0,75.9755859375,0,0,1,1,1,1,1,0,2,1,1,1,0,0,6,12,1,0,bitserve.pdf
0,0,1,1,6,6,2,0,0,79.0126953125,0,0,1,1,1,1,1,0,2,1,1,1,0,0,6,9,1,0,adams.pdf
0,0,2,2,138,138,9,1,0,59.8203125,0,1,4,2,2,1,4,2,130,1,1,20,1,0,138,12,0,0,rp-03-25.pdf
0,0,2,2,51,51,12,0,0,88.775390625,0,1,10,2,2,1,10,1,17,1,1,45,1,0,51,8,0,0,p216.pdf
0,0,2,2,36,36,10,0,0,15.703125,0,1,6,2,2,1,6,1,15,1,1,34,1,0,36,11,0,0,n-11-61.pdf
0,0,2,2,619,619,56,0,0,150.73828125,0,1,34,2,2,1,34,1,619,1,1,148,1,0,619,24,0,0,ea-1_spring_2008_pdf.pdf
0,0,1,1,6,6,2,0,0,85.904296875,0,0,1,1,1,1,1,0,2,1,1,1,0,0,6,12,1,0,akamajtc.pdf
0,0,2,2,32,32,9,0,0,20.8486328125,0,1,4,3,2,1,4,1,27,1,1,34,1,1,32,12,0,0,rp-08-56.pdf
0,0,2,2,11,11,3,0,0,31.2626953125,0,1,1,2,2,1,1,2,4,1,1,0,0,0,11,12,1,0,andercon.pdf
2,3,2,2,76,76,28,0,0,233.701171875,0,0,2,2,2,2,11,2,59,2,2,66,2,9,76,8,0,1,fw9s.pdf
0,0,1,1,7,7,1,0,0,1.41015625,0,0,1,1,1,1,1,1,3,1,1,5,0,0,7,28,1,0,purepdf_paragraphexample.pdf
0,0,2,0,81,81,75,0,0,52.916015625,0,0,2,3,2,0,51,2,64,0,2,0,2,0,81,12,0,0,f14039sp.pdf
0,0,2,2,676,676,54,0,0,329.87109375,0,1,24,2,2,1,29,1,203,1,1,118,1,136,676,9,0,0,i1120.pdf
0,0,2,2,37,37,14,0,0,37.416015625,0,1,5,3,2,1,5,1,30,1,1,38,1,1,37,14,0,0,cr-tac-pia.pdf
0,0,2,2,40,40,18,0,0,108.3525390625,0,1,6,2,2,1,6,1,22,1,1,26,1,0,40,11,0,0,ar-1887.pdf
0,0,2,2,65,65,20,0,0,41.267578125,0,1,14,3,2,1,14,1,38,1,1,44,1,0,65,12,0,0,rp-12-15.pdf
0,0,2,2,56,56,18,0,0,179.3798828125,0,0,1,2,2,2,2,2,36,2,2,101,3,0,56,24,0,0,Chinese_CNAstatement.pdf
0,0,2,2,11,11,3,0,0,29.6494140625,0,1,1,2,2,1,1,2,4,1,1,0,0,0,11,8,1,0,also.pdf
0,0,3,0,75,75,67,0,0,95.982421875,0,0,4,3,3,0,25,3,47,0,3,11,1,0,75,20,0,0,f8821_accessible.pdf
0,0,2,2,38,38,11,0,0,23.2353515625,0,1,7,3,2,1,7,1,28,1,1,47,1,0,38,12,0,0,rr-06-43.pdf
0,0,2,2,76,76,23,0,0,77.5068359375,0,1,14,2,2,1,14,2,18,1,1,41,1,0,76,13,0,0,63fr51609.pdf
0,0,2,2,87,87,24,0,0,140.529296875,0,1,7,3,2,1,7,1,97,1,1,60,1,13,87,46,0,0,International_Child_Abduction_Remedies_Act.pdf
0,0,2,0,117,117,111,0,0,222.716796875,0,1,4,2,2,0,0,2,57,0,2,0,1,0,117,16,0,0,cp259_korean.pdf
0,0,3,0,98,98,92,0,0,97.1962890625,0,0,2,3,3,0,47,3,68,0,3,17,1,0,98,20,0,0,f8858_accessible.pdf
0,0,1,1,12,12,4,0,0,5.548828125,0,0,4,1,1,1,4,1,2,1,1,6,0,0,12,38,1,0,purepdf_pdfptableabsolutepositions.pdf
0,0,3,4,107,107,33,0,0,79.7255859375,0,0,25,6,3,2,50,4,104,2,4,80,2,1,107,17,0,0,reg-116284-11.pdf
0,0,2,2,24,24,7,0,0,39.130859375,0,1,3,2,2,1,3,2,9,1,1,11,1,0,24,12,0,0,rr-04-50.pdf
0,0,2,2,34,34,15,0,0,51.80859375,0,1,1,2,2,1,1,1,29,1,1,47,1,0,34,12,0,0,70fr6736.pdf
0,0,4,4,40,40,10,0,0,83.0908203125,0,0,1,4,4,3,1,3,31,3,3,45,3,0,40,12,0,0,f886hfth.pdf
0,0,2,2,555,555,68,0,0,300.0498046875,0,1,23,4,2,1,31,1,247,1,1,163,1,129,555,9,0,0,i4562.pdf
0,0,2,2,11,11,3,0,0,27.03515625,0,1,1,2,2,1,1,2,4,1,1,0,0,0,11,11,1,0,charway.pdf
0,0,1,1,6,6,2,0,0,59.75,0,0,1,1,1,1,1,0,2,1,1,1,0,0,6,12,1,0,conslmem.pdf
0,0,1,1,6,6,2,0,0,70.7490234375,0,0,1,1,1,1,1,0,2,1,1,1,0,0,6,12,1,0,ambizweb.pdf
0,0,1,1,41,41,8,0,0,49.732421875,0,0,2,1,1,1,2,1,45,1,1,56,0,4,41,13,0,0,69fr62411.pdf
0,0,2,2,46,46,11,0,0,22.7119140625,0,1,7,3,2,1,7,1,30,1,1,27,1,0,46,12,0,0,rp-12-31.pdf
0,0,2,2,28,28,6,0,0,20.154296875,0,1,3,2,2,1,3,2,14,1,1,25,1,0,28,16,0,0,050societyaa.pdf
0,0,2,2,77,77,14,1,0,41.2705078125,0,1,3,2,2,1,3,2,59,1,1,11,1,0,77,11,0,0,n-02-40.pdf
0,0,2,2,29,29,9,0,0,28.6171875,0,1,1,3,2,1,1,1,24,1,1,49,1,0,29,17,0,0,cp178_spanish.pdf
0,0,2,2,47,47,23,0,0,44.9482421875,0,1,6,3,2,1,6,1,31,1,1,39,1,1,47,14,0,0,eqrs_f-pia.pdf
0,0,2,2,50,50,20,0,0,70.3798828125,0,1,4,2,2,1,4,1,34,1,1,64,1,0,50,13,0,0,72fr30039.pdf
0,0,1,0,163,163,142,0,0,232.5361328125,0,0,109,1,1,1,0,1,20,1,1,73,1,0,163,24,0,0,ea2a2010_for_posting.pdf
0,0,2,0,17,17,14,0,0,33.4560546875,0,1,1,2,2,0,1,2,7,0,2,1,1,0,17,16,0,0,Bill_Merrell.pdf
0,0,2,2,56,56,14,1,0,37.4970703125,0,1,2,2,2,1,2,1,40,1,1,15,1,0,56,13,0,0,09crocker.pdf
0,0,1,1,24,24,5,0,0,22.6728515625,0,0,1,1,1,1,1,1,8,1,1,17,0,0,24,18,0,0,Britt_Griswold.pdf
0,0,2,2,100,100,29,0,0,53.4296875,0,1,24,2,2,1,24,1,23,1,1,85,1,0,100,12,0,0,rp-08-10.pdf
0,0,2,2,709,709,25,1,0,267.0595703125,0,1,13,2,2,1,13,2,515,1,1,79,1,0,709,12,0,0,rp-04-29.pdf
0,0,2,2,41,41,29,0,0,82.4853515625,0,1,1,2,2,1,2,1,42,1,1,5,1,0,41,16,0,0,bionicturtle.pdf
0,0,2,2,87,87,17,0,0,179.16796875,0,0,2,2,2,2,7,2,92,2,2,69,1,9,87,13,0,0,76fr10405.pdf
0,0,2,2,118,118,22,0,0,135.0634765625,0,1,2,2,2,1,4,1,42,1,1,75,1,1,118,7,0,0,i56.pdf
0,0,2,2,11,11,3,0,0,30.193359375,0,1,1,2,2,1,1,2,4,1,1,0,0,0,11,12,1,0,amerxfna.pdf
0,0,3,3,117,117,5,2,0,47.0283203125,0,0,2,3,3,2,2,2,110,2,2,39,2,78,117,10,0,0,f13780.pdf
0,0,1,1,6,6,2,0,0,67.5654296875,0,0,1,1,1,1,1,0,2,1,1,1,0,0,6,11,1,0,clincot.pdf
0,0,2,2,116,116,9,1,0,58.181640625,0,1,4,2,2,1,4,2,99,1,1,20,1,0,116,12,0,0,rr-02-39.pdf
0,0,2,2,111,111,24,0,0,205.7490234375,0,1,1,2,2,1,2,1,82,1,1,57,1,3,111,14,0,0,bitgravity.pdf
0,0,2,2,11,11,3,0,0,19.265625,0,1,1,2,2,1,1,2,4,1,1,0,0,0,11,7,1,0,bac.pdf
0,0,1,1,6,6,2,0,0,67.0478515625,0,0,1,1,1,1,1,0,2,1,1,1,0,0,6,12,1,0,allthweb.pdf
0,0,3,0,65,65,59,0,0,79.39453125,0,0,2,3,3,0,17,3,40,0,3,7,1,0,65,10,0,0,f8453f.pdf
0,0,2,0,59,59,54,1,0,37.185546875,0,1,2,2,2,0,19,2,24,0,2,5,1,0,59,11,0,0,phs3734.pdf
0,0,2,2,77,77,8,1,0,52.2080078125,0,1,3,2,2,1,3,2,72,1,1,19,1,0,77,12,0,0,rr-03-86.pdf
2,3,1,2,111,111,33,0,0,65.90234375,0,0,2,3,1,1,11,3,113,1,2,66,1,27,111,20,0,1,f8693_accessible.pdf
0,0,2,2,194,194,34,0,0,168.072265625,0,1,7,2,2,1,12,1,64,1,1,104,1,4,194,9,0,0,i3800.pdf
0,0,3,0,98,98,93,0,0,84.943359375,0,0,1,3,3,0,52,3,73,0,3,18,1,0,98,11,0,0,f8038cp.pdf
0,0,2,2,27,27,9,0,0,121.203125,0,1,1,3,2,1,1,1,22,1,1,44,1,0,27,16,0,0,cp53_chinese.pdf
0,0,2,2,49,49,22,0,0,46.3369140625,0,1,7,3,2,1,7,1,34,1,1,50,1,1,49,12,0,0,hctc-pia.pdf
0,0,2,2,39,39,12,0,0,73.5849609375,0,1,5,2,2,1,5,2,15,1,1,37,1,0,39,12,0,0,rp-03-79.pdf
0,0,2,2,144,144,24,0,0,203.4560546875,0,1,1,2,2,1,2,1,116,1,1,57,1,5,144,15,0,0,atomic_data.pdf
0,0,2,0,28,28,25,0,0,48.2412109375,0,1,1,2,2,0,0,2,7,0,2,1,1,0,28,29,0,0,Embassy_Specific_Info_MEP.pdf
0,0,2,2,44,44,5,1,0,31.4921875,0,1,1,2,2,1,1,2,46,1,1,9,1,0,44,11,0,0,a-02-18.pdf
0,0,2,2,21,21,6,0,0,43.8251953125,0,1,1,2,2,1,1,2,11,1,1,17,1,0,21,11,0,0,n-03-30.pdf
0,0,2,2,67,67,11,0,0,24.638671875,0,1,4,2,2,1,4,1,56,1,1,46,1,0,67,30,0,0,pmta-booster_club_11-24-10.pdf
0,0,5,0,73,73,62,0,0,106.6015625,0,0,4,6,5,0,11,5,47,0,5,7,4,0,73,10,0,0,f1120x.pdf
0,0,2,2,11,11,3,0,0,27.36328125,0,1,1,2,2,1,1,2,4,1,1,0,0,0,11,12,1,0,bizfinty.pdf
0,0,2,0,33,33,30,0,0,184.75,0,1,1,2,2,0,2,2,10,0,2,1,1,0,33,11,0,0,arrived.pdf
0,0,2,2,11,11,3,0,0,23.943359375,0,1,1,2,2,1,1,2,4,1,1,0,0,0,11,12,1,0,brnsvlhr.pdf
0,0,2,2,49,49,32,0,0,51.5595703125,0,1,2,2,2,0,18,1,31,1,1,31,1,0,49,17,0,0,cp565_english.pdf
0,0,2,0,92,92,87,0,0,54.3046875,0,0,1,3,2,0,55,2,69,0,2,37,1,0,92,10,0,0,f14204.pdf
0,0,5,5,362,362,35,0,0,177.7734375,0,0,5,5,5,4,11,4,367,4,4,57,4,14,362,12,0,0,rr2004_6.pdf
0,0,2,0,234,234,220,0,0,344.1884765625,0,1,12,2,2,0,168,2,185,0,2,12,1,0,234,11,0,0,phs2271.pdf
0,0,2,2,11,11,3,0,0,24.6142578125,0,1,1,2,2,1,1,2,4,1,1,0,0,0,11,9,1,0,adesa.pdf
1,2,5,0,253,253,220,0,0,330.044921875,0,0,3,6,5,2,176,5,248,2,5,160,5,0,253,8,0,1,fss4.pdf
0,0,1,1,6,6,2,0,0,91.3310546875,0,0,1,1,1,1,1,0,2,1,1,1,0,0,6,12,1,0,bauconsm.pdf
0,0,2,2,49,49,17,0,0,53.6533203125,0,1,6,2,2,1,6,1,19,1,1,32,1,0,49,12,0,0,rp-00-43.pdf
0,0,4,0,90,90,81,0,0,106.29296875,0,0,4,5,4,0,32,4,60,0,4,16,3,0,90,12,0,0,f1041qft.pdf
0,0,2,2,36,36,11,0,0,61.994140625,0,1,3,2,2,1,3,2,17,1,1,43,1,0,36,11,0,0,n-03-50.pdf
5,6,1,1,50,50,16,1,0,372.58203125,0,0,1,2,1,1,4,0,32,1,1,25,0,4,50,14,0,1,PDFwithjar.pdf
0,0,5,0,173,173,163,0,0,152.068359375,0,0,5,6,5,0,96,5,125,0,5,56,4,0,173,10,0,0,f990sd.pdf
0,0,2,2,25,25,9,0,0,17.541015625,0,1,5,3,2,1,5,1,19,1,1,25,1,0,25,11,0,0,n-10-07.pdf
0,0,1,1,27,27,5,0,0,41.3876953125,0,0,5,1,1,1,5,1,16,1,1,33,0,0,27,12,0,0,perwltes.pdf
0,0,3,3,285,285,61,0,0,224.2001953125,0,0,14,4,3,2,18,2,49,2,2,87,2,1,285,11,0,0,i1040sj.pdf
0,0,2,2,105,105,15,1,0,47.0439453125,0,1,3,2,2,1,3,1,96,1,1,16,1,6,105,22,0,0,10sultzberger_NYFU.pdf
0,0,2,2,20,20,5,0,0,10.599609375,0,1,3,2,2,1,3,1,9,1,1,13,1,0,20,11,0,0,n-10-08.pdf
0,0,2,2,108,108,19,0,0,126.3544921875,0,1,3,2,2,1,4,1,32,1,1,51,1,2,108,9,0,0,i8082.pdf
0,0,3,3,192,192,47,0,0,158.62890625,0,0,39,3,3,3,39,3,64,3,2,85,2,0,192,17,0,0,2003-2004_pgp.pdf
0,0,2,2,243,243,28,0,0,165.921875,0,1,8,2,2,1,11,1,79,1,1,77,1,20,243,9,0,0,i1128.pdf
0,0,1,1,6,6,2,0,0,75.0498046875,0,0,1,1,1,1,1,0,2,1,1,1,0,0,6,13,1,0,camalucom.pdf
2,3,1,2,774,774,448,0,0,289.3203125,0,0,5,3,1,1,401,3,853,1,2,383,1,166,774,20,0,1,f8633_accessible.pdf
0,0,2,2,222,222,68,0,0,135.392578125,0,1,66,2,2,1,66,1,15,1,1,106,1,0,222,11,0,0,td_9375.pdf
0,0,2,2,23,23,8,0,0,14.3515625,0,1,4,3,2,1,4,1,18,1,1,24,1,0,23,11,0,0,n-09-32.pdf
0,0,1,1,6,6,2,0,0,78.5185546875,0,0,1,1,1,1,1,0,2,1,1,1,0,0,6,12,1,0,chumbyin.pdf
0,0,2,2,117,117,24,0,0,406.8427734375,0,1,11,2,2,1,11,1,91,1,1,163,1,0,117,11,0,0,ar-1940.pdf
0,0,2,2,21,21,8,0,0,75.9775390625,0,1,2,2,2,1,3,1,26,1,1,5,1,0,21,14,0,0,ashforduni.pdf
0,0,2,0,15,15,12,0,0,11.2412109375,0,1,1,2,2,0,1,3,7,0,2,1,1,0,15,15,0,0,Adam_Leibel.pdf
0,0,1,1,26,26,6,0,0,40.8203125,0,0,3,1,1,1,3,1,20,1,1,36,0,0,26,13,0,0,66fr50220.pdf
0,0,2,2,136,136,24,0,0,191.8544921875,0,1,1,2,2,1,2,1,96,1,1,57,1,1,136,12,0,0,cody_inc.pdf
0,0,2,2,28,28,7,0,0,21.3056640625,0,1,4,3,2,1,4,1,15,2,1,34,1,0,28,12,0,0,rr-11-16.pdf
0,0,2,2,26,26,14,0,0,74.43359375,0,1,1,2,2,1,2,1,25,1,1,5,1,0,26,11,0,0,calguns.pdf
0,0,4,6,58,58,28,0,0,125.4013671875,0,0,1,9,4,3,1,7,44,3,7,80,4,0,58,9,0,0,p4513.pdf
0,0,1,1,6,6,2,0,0,77.39453125,0,0,1,1,1,1,1,0,2,1,1,1,0,0,6,10,1,0,aikcom.pdf
0,0,2,2,55,55,26,0,0,87.7783203125,0,1,4,3,2,1,4,1,33,1,1,66,1,1,55,11,0,0,n-09-77.pdf
0,0,2,2,224,224,32,0,0,69.9345703125,0,1,6,4,2,1,6,8,209,1,1,93,1,2,224,23,0,0,f1099q11_accessible.pdf
0,0,3,0,68,68,62,0,0,56.91796875,0,0,2,3,3,0,26,3,41,0,3,10,1,0,68,9,0,0,f4419.pdf
0,0,2,2,12,12,4,0,0,16.6767578125,0,1,1,2,2,1,1,2,5,1,1,0,1,0,12,12,1,0,ccvhldns.pdf
0,0,3,0,109,109,100,0,0,142.734375,0,0,5,3,3,0,50,3,73,0,3,20,1,0,109,20,0,0,f8300_accessible.pdf
0,0,1,1,27,27,5,0,0,19.4345703125,0,0,4,1,1,1,4,1,17,1,1,39,1,0,27,11,0,0,061701f.pdf
0,0,2,2,80,80,40,0,0,69.5703125,0,1,4,3,2,0,14,1,60,1,1,66,1,0,80,17,0,0,cp501_english.pdf
0,0,3,0,165,165,157,0,0,183.1962890625,0,0,4,3,3,0,85,3,112,0,3,31,1,0,165,10,0,0,f1040c.pdf
0,0,1,1,6,6,2,0,0,78.416015625,0,0,1,1,1,1,1,0,2,1,1,1,0,0,6,12,1,0,cartnetw.pdf
0,0,1,1,52,52,14,0,0,22.7451171875,0,0,14,1,1,1,14,1,6,1,1,18,0,0,52,12,0,0,rp-98-17.pdf
0,0,2,2,26,26,7,0,0,11.33203125,0,1,5,2,2,1,5,1,9,1,1,15,1,0,26,12,0,0,rp-04-72.pdf
0,0,2,2,11,11,3,0,0,25.3994140625,0,1,1,2,2,1,1,2,4,1,1,0,0,0,11,9,1,0,cedco.pdf
0,0,2,2,33,33,10,0,0,64.6435546875,0,1,3,2,2,1,3,2,15,1,1,35,1,0,33,11,0,0,n-03-81.pdf
0,0,2,0,131,131,128,0,0,270.6572265625,0,1,1,2,2,0,48,2,90,0,2,23,2,0,131,9,0,0,p4324.pdf
0,0,2,2,28,28,16,0,0,87.380859375,0,1,1,2,2,1,2,1,29,1,1,5,1,0,28,11,0,0,axaequi.pdf
0,0,1,1,6,6,2,0,0,69.9189453125,0,0,1,1,1,1,1,0,2,1,1,1,0,0,6,12,1,0,centcoun.pdf
0,0,2,2,207,207,7,1,0,32.810546875,0,1,4,2,2,1,4,2,208,1,1,6,1,0,207,12,0,0,rr-02-10.pdf
0,0,4,6,552,552,41,0,0,233.6748046875,0,0,2,7,4,3,2,6,925,3,5,141,3,428,551,9,0,0,f4684.pdf
0,0,2,2,12,12,4,0,0,42.388671875,0,1,1,2,2,1,1,2,5,1,1,0,1,0,12,14,1,0,bugatti_di.pdf
0,0,3,4,49,49,17,0,0,49.1240234375,0,0,9,6,3,2,10,4,43,2,4,50,2,1,49,20,0,0,esop_tar4_022310.pdf
0,0,2,2,54,54,25,0,0,85.474609375,0,1,4,3,2,1,4,1,33,1,1,66,1,1,54,11,0,0,n-08-69.pdf
0,0,2,0,105,105,100,0,0,185.33203125,0,1,3,2,2,0,0,2,49,0,2,0,1,0,105,16,0,0,cp71_russian.pdf
0,0,1,1,6,6,2,0,0,74.4482421875,0,0,1,1,1,1,1,0,2,1,1,1,0,0,6,12,1,0,chvision.pdf
0,0,1,1,9,9,4,0,0,18.1806640625,0,0,1,1,1,1,1,1,11,1,1,0,1,0,9,14,1,0,allstarpro.pdf
0,0,1,1,48,48,13,0,0,70.18359375,0,0,8,1,1,1,8,1,27,1,1,55,0,0,48,11,0,0,42CFR66.pdf
0,0,1,1,6,6,2,0,0,86.3798828125,0,0,1,1,1,1,1,0,2,1,1,1,0,0,6,12,1,0,comtecnt.pdf
0,0,2,2,27,27,5,1,0,11.4697265625,0,1,4,2,2,1,4,2,10,1,1,20,0,0,27,11,0,0,n-01-46.pdf
0,0,2,2,40,40,8,1,0,18.294921875,0,1,7,2,2,1,7,2,16,1,1,42,0,1,40,12,0,0,rr-02-45.pdf
0,0,4,4,132,132,25,0,0,72.892578125,0,0,3,4,4,3,6,3,100,3,3,103,3,0,132,20,0,0,sbse-04-0911-083.pdf
0,0,2,2,63,63,28,0,0,36.7509765625,0,1,1,3,2,1,1,1,59,1,1,81,1,0,63,23,0,0,Contact_Information.pdf
0,0,2,2,27,27,9,0,0,16.7666015625,0,1,5,3,2,1,5,1,21,1,1,35,1,0,27,11,0,0,n-06-45.pdf
0,0,2,2,12,12,4,0,0,21.3017578125,0,1,1,2,2,1,1,2,5,1,1,0,1,0,12,12,1,0,beatgret.pdf
0,0,3,4,159,159,56,0,0,155.421875,0,0,39,6,3,2,78,4,150,2,4,109,2,0,159,16,0,0,coda_lrm0106.pdf
0,0,2,2,29,29,8,0,0,22.3759765625,0,1,4,3,2,1,4,1,16,2,1,35,1,0,29,12,0,0,rr-10-19.pdf
0,0,2,2,11,11,3,0,0,22.2744140625,0,1,1,2,2,1,1,2,4,1,1,0,0,0,11,12,1,0,chacompr.pdf
0,0,1,1,57,57,9,0,0,55.076171875,0,0,2,1,1,1,2,1,77,1,1,56,0,12,57,13,0,0,71fr67508.pdf
0,0,2,2,24,24,12,0,0,91.7900390625,0,1,1,2,2,1,2,1,23,1,1,5,1,0,24,16,0,0,colorunivers.pdf
0,0,2,2,50,50,26,0,0,115.4111328125,0,1,2,3,2,1,2,1,30,1,1,58,1,0,50,17,0,0,cp130_russian.pdf
0,0,2,2,11,11,3,0,0,22.107421875,0,1,1,2,2,1,1,2,4,1,1,0,0,0,11,11,1,0,chacomv.pdf
0,0,2,2,100,100,30,0,0,188.4580078125,0,0,15,2,2,2,21,2,63,2,2,83,1,2,100,13,0,0,2011-7573.pdf
0,0,2,2,35,35,8,0,0,17.6884765625,0,1,6,2,2,1,6,2,15,1,1,29,1,0,35,18,0,0,083hendrix_ala.pdf
0,0,1,1,18,18,3,0,0,2.66015625,0,0,3,1,1,1,3,1,11,1,1,5,0,4,18,36,0,0,purepdf_helloworldinternalanchor.pdf
0,0,1,1,6,6,2,0,0,79.68359375,0,0,1,1,1,1,1,0,2,1,1,1,0,0,6,11,1,0,amedgui.pdf
0,0,2,2,52,52,21,0,0,59.3134765625,0,1,7,3,2,1,7,1,46,1,1,64,1,1,52,15,0,0,94x-xml-pia.pdf
0,0,2,2,29,29,11,0,0,22.4912109375,0,1,4,3,2,1,4,1,22,1,1,32,1,0,29,12,0,0,rr-12-21.pdf
0,0,4,0,168,168,160,0,0,144.0966796875,0,0,3,4,4,0,96,4,120,0,4,34,2,0,168,10,0,0,f990bl.pdf
0,0,2,2,21,21,6,0,0,63.326171875,0,1,1,2,2,1,1,1,13,1,1,34,1,0,21,44,0,0,2011_ovdi_consent_to_extend_fbar_statute.pdf
0,0,2,2,32,32,11,0,0,24.8798828125,0,1,5,3,2,1,5,1,27,1,1,15,1,2,32,11,0,0,n-08-31.pdf
0,0,2,2,79,79,41,0,0,97.5732421875,0,1,12,3,2,1,12,1,56,1,1,69,1,1,79,11,0,0,bmf-pia.pdf
0,0,1,1,11,11,3,0,0,84.6162109375,0,0,1,1,1,1,1,1,6,1,1,6,1,0,11,12,1,0,agilpurs.pdf
0,0,6,0,129,129,122,0,0,102.88671875,0,0,2,7,6,0,72,6,102,0,6,34,5,0,129,11,0,0,f9465fs.pdf
0,0,2,2,241,241,17,0,0,53.6591796875,0,1,8,2,2,1,8,1,239,1,1,48,1,1,241,13,0,0,tamis-pia.pdf
0,0,2,2,119,119,25,0,0,155.5400390625,0,1,8,2,2,1,9,1,43,1,1,64,1,6,119,9,0,0,i8940.pdf
0,0,1,1,31,31,5,0,0,32.224609375,0,0,5,1,1,1,5,1,23,1,1,47,0,0,31,6,0,0,ho.pdf
0,0,2,2,25,25,13,0,0,84.703125,0,1,1,2,2,1,2,1,24,1,1,5,1,0,25,13,0,0,blebitslc.pdf
0,0,2,2,33,33,21,0,0,77.9111328125,0,1,1,2,2,1,2,1,32,1,1,5,1,0,33,19,0,0,collegeofsteliz.pdf
0,0,2,2,27,27,8,0,0,46.880859375,0,1,3,2,2,1,3,2,11,1,1,19,1,0,27,12,0,0,rr-03-96.pdf
0,0,1,1,6,6,2,0,0,72.9814453125,0,0,1,1,1,1,1,0,2,1,1,1,0,0,6,10,1,0,coheso.pdf
0,0,2,2,26,26,14,0,0,66.7822265625,0,1,1,2,2,1,2,1,25,1,1,5,1,0,26,11,0,0,bobuckl.pdf
0,0,2,2,11,11,3,0,0,26.80078125,0,1,1,2,2,1,1,2,4,1,1,0,0,0,11,12,1,0,bstnstgl.pdf
0,0,4,0,128,128,120,0,0,122.677734375,0,0,3,5,4,0,64,4,90,0,4,34,3,0,128,12,0,0,f1065sm3.pdf
0,0,1,1,6,6,2,0,0,76.0556640625,0,0,1,1,1,1,1,0,2,1,1,1,0,0,6,12,1,0,acaheimp.pdf
0,0,2,2,62,62,23,0,0,48.666015625,0,1,9,2,2,1,9,1,23,1,1,66,1,0,62,11,0,0,n-12-17.pdf
0,0,3,0,68,68,62,0,0,81.7861328125,0,0,2,3,3,0,20,3,42,0,3,8,1,0,68,22,0,0,f1040sd_accessible.pdf
0,0,1,1,51,51,15,0,0,78.5791015625,0,0,10,1,1,1,10,1,26,1,1,56,0,0,51,13,0,0,69fr61325.pdf
0,0,1,1,6,6,2,0,0,82.779296875,0,0,1,1,1,1,1,0,2,1,1,1,0,0,6,12,1,0,bluerazr.pdf
0,0,1,1,6,6,2,0,0,81.884765625,0,0,1,1,1,1,1,0,2,1,1,1,0,0,6,11,1,0,aubidle.pdf
0,0,1,1,36,36,15,0,0,17.52734375,0,0,15,1,1,1,15,1,2,1,1,17,0,0,36,35,0,0,purepdf_pdfptablememoryfriendly.pdf
0,0,2,2,125,125,11,1,0,79.0615234375,0,1,4,2,2,1,4,2,113,1,1,36,1,0,125,12,0,0,rp-03-24.pdf
0,0,2,2,190,190,17,1,0,81.4248046875,0,1,12,2,2,1,12,2,147,1,1,28,1,0,190,12,0,0,rp-02-46.pdf
0,0,2,2,51,51,14,0,0,24.21484375,0,1,12,2,2,1,12,1,11,1,1,32,1,0,51,11,0,0,n-06-85.pdf
0,0,2,2,90,90,25,0,0,104.69921875,0,1,22,2,2,1,22,1,17,1,1,72,1,0,90,12,0,0,rp-07-26.pdf
0,0,3,0,103,103,95,0,0,127.9296875,0,0,4,3,3,0,43,3,65,0,3,17,1,0,103,20,0,0,fct1x_accessible.pdf
0,0,2,2,48,48,13,0,0,33.6953125,0,1,11,2,2,1,11,1,11,1,1,31,1,0,48,11,0,0,n-09-04.pdf
0,0,2,2,62,62,18,0,0,121.8466796875,0,0,1,2,2,2,2,2,38,2,2,107,3,0,62,31,0,0,CNA Fax Sheet_DeathOrInjury.pdf
0,0,2,2,35,35,10,0,0,15.8212890625,0,1,2,2,2,1,2,2,15,1,1,27,0,0,35,13,0,0,64fr36829.pdf
0,0,2,2,102,102,34,0,0,84.53125,0,1,28,3,2,1,28,1,33,2,1,61,1,3,102,12,0,0,rp-11-47.pdf
2,3,2,4,224,224,110,0,0,93.8701171875,0,0,1,7,2,2,82,6,232,2,5,100,2,40,224,21,0,1,fw8ben_accessible.pdf
0,0,2,2,32,32,8,0,0,17.1669921875,0,1,4,2,2,1,4,1,16,1,1,45,1,0,32,12,0,0,rr-10-09.pdf
0,0,3,0,87,87,81,0,0,106.111328125,0,0,2,3,3,0,36,3,57,0,3,13,1,0,87,22,0,0,f1040ez_accessible.pdf
0,0,1,1,23,23,5,0,0,37.4853515625,0,0,2,1,1,1,2,1,20,1,1,35,0,0,23,13,0,0,66fr58179.pdf
0,0,2,2,11,11,3,0,0,27.720703125,0,1,1,2,2,1,1,2,4,1,1,0,0,0,11,12,1,0,boyz2men.pdf
0,0,3,0,79,79,71,0,0,96.0205078125,0,0,4,3,3,0,22,3,45,0,3,10,1,0,79,20,0,0,f8843_accessible.pdf
0,0,2,2,35,35,11,0,0,20.88671875,0,1,7,3,2,1,7,1,20,1,1,17,1,0,35,14,0,0,rp_2005-63.pdf
0,0,3,0,173,173,165,0,0,195.76953125,0,0,4,3,3,0,94,3,119,0,3,34,1,0,173,21,0,0,f1120s_accessible.pdf
0,0,2,0,40,40,37,0,0,109.1650390625,0,1,1,2,2,0,2,2,10,0,2,1,1,0,40,12,0,0,acidlabs.pdf
0,0,2,2,87,87,7,1,0,40.4697265625,0,1,3,2,2,1,3,2,60,1,1,11,1,0,87,11,0,0,n-02-66.pdf
0,0,2,2,202,202,38,0,0,183.919921875,0,1,10,2,2,1,13,1,57,1,1,100,1,3,202,11,0,0,i5500ez.pdf
0,0,2,2,106,106,17,0,0,103.3388671875,0,1,2,2,2,1,3,1,29,1,1,42,1,2,106,9,0,0,i3921.pdf
0,0,1,1,6,6,2,0,0,82.1884765625,0,0,1,1,1,1,1,0,2,1,1,1,0,0,6,11,1,0,borland.pdf
0,0,2,2,11,11,3,0,0,28.060546875,0,1,1,2,2,1,1,2,4,1,1,0,0,0,11,12,1,0,arbisisl.pdf
3,3,1,2,119,119,55,0,0,229.328125,0,0,1,3,1,1,27,3,111,1,2,76,1,16,119,21,0,1,f8283v_accessible.pdf
0,0,2,2,29,29,10,0,0,10.5703125,0,1,1,2,2,1,1,2,8,1,1,8,1,0,29,7,0,0,114.pdf
0,0,2,2,12,12,4,0,0,21.8193359375,0,1,1,2,2,1,1,2,5,1,1,0,1,0,12,12,1,0,blugrsnt.pdf
0,0,1,1,6,6,2,0,0,75.6875,0,0,1,1,1,1,1,0,2,1,1,1,0,0,6,12,1,0,chirpint.pdf
0,0,2,2,829,829,67,0,0,334.341796875,0,1,48,3,2,1,48,1,1560,1,1,91,1,280,829,31,0,0,nta_testimony_taxgap_062811.pdf
4,3,1,1,605,605,157,1,0,2814.2568359375,0,0,23,1,1,1,29,1,609,1,1,116,1,138,605,26,0,1,RichContentorFlash (9).pdf
0,0,2,2,57,57,16,0,0,37.9423828125,0,1,8,2,2,1,8,2,17,1,1,35,0,0,57,13,0,0,64fr29518.pdf
0,0,1,1,6,6,2,0,0,65.1572265625,0,0,1,1,1,1,1,0,2,1,1,1,0,0,6,12,1,0,amepoasi.pdf
0,0,1,1,6,6,2,0,0,92.0595703125,0,0,1,1,1,1,1,0,2,1,1,1,0,0,6,12,1,0,babycntr.pdf
0,0,4,0,59,59,52,0,0,84.5556640625,0,0,2,5,4,0,3,4,33,0,4,3,3,0,59,9,0,0,f8880.pdf
0,0,2,2,61,61,51,0,0,354.306640625,0,1,1,2,2,1,2,1,64,1,1,5,1,0,61,12,0,0,assetint.pdf
0,0,1,1,34,34,8,1,0,4425.2666015625,0,0,1,2,1,1,2,1,28,2,1,27,0,1,34,26,0,0,Video-In-PDF-Converter.pdf
0,0,2,2,37,37,8,0,0,16.0009765625,0,1,3,3,2,1,3,1,26,1,1,13,1,1,37,12,0,0,rp-09-53.pdf
0,0,4,4,84,84,10,0,0,26.833984375,0,0,2,4,4,4,2,3,58,5,6,25,5,0,84,19,0,0,us_uk_mou_final.pdf
0,0,1,1,54,54,14,0,0,274.2607421875,0,0,1,1,1,1,1,1,36,1,1,46,3,0,54,15,0,0,052005-lore.pdf
0,0,2,2,12,12,4,0,0,22.123046875,0,1,1,2,2,1,1,2,5,1,1,0,1,0,12,11,1,0,amgret1.pdf
0,0,2,2,121,121,74,0,0,119.85546875,0,1,4,3,2,1,4,1,89,1,1,90,1,3,121,16,0,0,cp59_english.pdf
0,0,2,2,113,113,48,0,0,104.9375,0,1,41,3,2,1,41,1,64,1,1,71,1,1,113,17,0,0,reg-113770-10.pdf
0,0,2,0,39,39,36,0,0,112.982421875,0,1,1,2,2,0,2,2,9,0,2,1,1,0,39,16,0,0,brandivation.pdf
0,0,2,2,49,49,23,0,0,41.4892578125,0,1,6,3,2,1,6,1,38,1,1,44,1,1,49,13,0,0,crits-pia.pdf
0,0,2,2,678,678,80,0,0,350.6328125,0,1,54,3,2,1,54,1,1141,1,1,125,1,206,678,38,0,0,ntatestimonysfc_filingseason041510.pdf
0,0,3,0,59,59,49,0,0,66.41015625,0,0,6,5,3,0,6,3,35,0,3,6,2,0,59,25,0,0,f1099cap11_accessible.pdf
0,0,2,0,104,104,98,0,0,204.4345703125,0,1,4,2,2,0,0,2,53,0,2,0,1,0,104,16,0,0,cp501_korean.pdf
0,0,2,2,50,50,14,0,0,41.3017578125,0,1,6,2,2,1,6,2,18,1,1,35,0,0,50,13,0,0,63fr43426.pdf
0,0,1,1,6,6,2,0,0,73.859375,0,0,1,1,1,1,1,0,2,1,1,1,0,0,6,11,1,0,avantgo.pdf
0,0,2,2,47,47,19,0,0,45.267578125,0,1,6,3,2,1,6,1,42,1,1,52,1,1,47,11,0,0,mrs-pia.pdf
0,0,2,2,30,30,18,0,0,84.4677734375,0,1,1,2,2,1,2,1,29,1,1,5,1,0,30,12,0,0,chrforne.pdf
0,0,2,2,11,11,3,0,0,28.2734375,0,1,1,2,2,1,1,2,4,1,1,0,0,0,11,12,1,0,brodvwnt.pdf
0,0,3,0,40,40,35,0,0,39.4853515625,0,0,1,3,3,0,12,3,24,0,3,6,1,0,40,10,0,0,f14310.pdf
0,0,2,0,27,27,22,0,0,60.4990234375,0,1,3,2,2,0,0,2,7,0,0,3,0,0,27,57,0,0,Guidance_on_L_Visas_and_Specialized_Knowledge-Jan2011.pdf
0,0,2,2,77,77,29,0,0,74.990234375,0,1,26,3,2,1,26,1,17,2,1,66,1,0,77,12,0,0,rp-11-43.pdf
0,0,2,2,31,31,19,0,0,83.9208984375,0,1,1,2,2,1,2,1,30,1,1,5,1,0,31,13,0,0,antdiscen.pdf
0,0,3,0,86,86,80,0,0,92.4111328125,0,0,2,3,3,0,29,3,54,0,3,11,1,0,86,19,0,0,f945_accessible.pdf
0,0,1,1,6,6,2,0,0,77.2265625,0,0,1,1,1,1,1,0,2,1,1,1,0,0,6,12,1,0,analogic.pdf
0,0,2,2,259,259,29,0,0,178.5888671875,0,1,8,2,2,1,11,1,51,1,1,81,1,5,259,10,0,0,i1041n.pdf
0,0,1,1,6,6,2,0,0,77.955078125,0,0,1,1,1,1,1,0,2,1,1,1,0,0,6,12,1,0,centfamy.pdf
0,0,2,2,130,130,22,0,0,160.291015625,0,1,1,2,2,1,2,1,89,1,1,46,1,2,130,15,0,0,blockbuster.pdf
1,2,4,0,86,86,76,0,0,80.7421875,0,0,2,4,4,0,32,4,59,0,4,22,3,0,86,19,0,1,f976_accessible.pdf
0,0,2,2,58,58,22,0,0,87.5546875,0,1,19,3,2,1,19,1,13,2,1,39,1,0,58,11,0,0,n-11-08.pdf
0,0,2,2,44,44,6,0,0,14.130859375,0,1,1,2,2,0,1,2,46,1,1,17,1,0,44,7,0,0,288.pdf
0,0,1,1,17,17,3,0,0,40.5087890625,0,0,1,1,1,1,1,1,6,1,1,17,0,0,17,16,0,0,Brian_Goudie.pdf
0,0,2,2,75,75,21,0,0,40.634765625,0,1,18,2,2,1,18,1,15,1,1,58,1,0,75,12,0,0,rp-06-12.pdf
0,0,2,2,126,126,84,0,0,244.9462890625,0,1,24,3,2,1,24,1,43,1,1,55,1,0,126,12,0,0,rp-08-70.pdf
0,0,2,2,79,79,13,1,0,48.5537109375,0,1,1,2,2,1,1,2,65,1,1,17,1,0,79,11,0,0,n-02-57.pdf
0,0,1,1,6,6,2,0,0,74.6103515625,0,0,1,1,1,1,1,0,2,1,1,1,0,0,6,12,1,0,buenvstu.pdf
0,0,2,2,96,96,28,0,0,41.0185546875,0,1,24,2,2,1,24,1,19,1,1,73,1,0,96,12,0,0,rp-05-73.pdf
0,0,2,0,45,45,41,0,0,45.3896484375,0,1,2,2,2,0,8,2,13,0,2,2,1,0,45,26,0,0,irsac_application_2012.pdf
0,0,1,1,6,6,2,0,0,76.1201171875,0,0,1,1,1,1,1,0,2,1,1,1,0,0,6,10,1,0,capinc.pdf
0,0,2,2,50,50,14,0,0,28.314453125,0,1,13,2,2,1,13,2,7,1,1,17,0,0,50,12,0,0,rp-00-13.pdf
8,8,3,3,369,369,154,0,0,85.9150390625,0,0,3,3,3,2,151,2,279,2,2,67,2,130,369,9,0,1,f5701.pdf
0,0,2,2,36,36,10,0,0,23.1591796875,0,1,6,2,2,1,6,1,15,1,1,39,1,0,36,12,0,0,rr-05-30.pdf
0,0,2,2,24,24,7,0,0,38.4853515625,0,1,3,2,2,1,3,2,9,1,1,11,1,0,24,12,0,0,rr-03-64.pdf
0,0,2,2,122,122,39,0,0,341.6513671875,0,0,23,3,2,1,23,3,166,1,3,101,0,21,122,15,0,0,DV_2013_ukr.pdf
0,0,3,0,108,108,102,0,0,98.646484375,0,0,2,3,3,0,56,3,79,0,3,20,1,0,108,20,0,0,f5405_accessible.pdf
0,0,2,2,45,45,33,0,0,111.3984375,0,1,1,2,2,1,2,1,44,1,1,5,1,0,45,12,0,0,careidco.pdf
0,0,2,2,23,23,6,0,0,11.1904296875,0,1,4,2,2,1,4,1,9,1,1,14,1,0,23,11,0,0,n-07-93.pdf
0,0,4,0,90,90,83,0,0,105.6142578125,0,0,2,5,4,0,36,4,63,0,4,16,3,0,90,9,0,0,f8873.pdf
0,0,2,2,45,45,10,0,0,29.3076171875,0,0,8,2,2,3,8,2,21,3,2,43,2,0,45,11,0,0,064401f.pdf
1,1,5,0,108,108,98,0,0,249.9453125,0,0,2,5,5,1,64,5,87,1,5,23,4,0,108,20,0,1,f8875_accessible.pdf
0,0,3,0,55,55,50,0,0,72.8330078125,0,0,1,3,3,0,7,3,31,0,3,3,1,0,55,21,0,0,f2210f_accessible.pdf
0,0,2,2,59,59,16,0,0,28.044921875,0,1,14,2,2,1,14,1,13,1,1,44,1,0,59,12,0,0,rp-07-21.pdf
0,0,2,2,37,37,10,0,0,17.6875,0,1,8,2,2,1,8,1,11,1,1,28,1,0,37,12,0,0,rr-07-28.pdf
0,0,2,2,32,32,7,0,0,15.4365234375,0,1,5,2,2,1,5,1,15,1,1,45,1,0,32,11,0,0,n-05-41.pdf
0,0,4,4,142,142,59,0,0,309.521484375,0,0,2,5,4,3,6,3,110,3,3,186,3,0,142,12,0,0,p4346ecn.pdf
0,0,2,2,281,281,67,0,0,367.560546875,0,1,53,3,2,1,53,1,137,2,1,140,1,15,281,11,0,0,a-11-22.pdf
2,3,3,3,128,128,48,0,0,64.7470703125,0,0,1,4,3,2,27,2,109,2,2,65,2,26,128,9,0,1,f2120.pdf
0,0,4,6,43,43,11,0,0,27.431640625,0,0,2,9,4,3,4,7,61,3,7,24,3,6,43,27,0,0,401k_phoneforum_handout.pdf
0,0,1,1,6,6,1,0,0,1.3935546875,0,0,1,1,1,1,1,1,2,1,1,3,0,0,6,28,1,0,purepdf_pdfptablecompare.pdf
0,0,3,0,52,52,47,0,0,66.37890625,0,0,1,3,3,0,1,3,24,0,3,1,1,0,52,22,0,0,f1120sd_accessible.pdf
0,0,2,2,23,23,11,0,0,88.25390625,0,1,1,2,2,1,2,1,22,1,1,5,1,0,23,13,0,0,colsports.pdf
0,0,2,2,40,40,15,0,0,34.55859375,0,1,9,3,2,1,9,1,29,1,1,42,1,0,40,11,0,0,a-06-63.pdf
0,0,2,2,69,69,19,0,0,51.5986328125,0,1,16,2,2,1,16,1,15,1,1,56,1,0,69,11,0,0,n-05-92.pdf
0,0,4,4,289,289,133,0,0,106.689453125,0,0,1,5,4,3,107,3,272,3,3,77,3,102,289,11,0,0,f8858sm.pdf
0,0,3,0,74,74,64,0,0,124.0263671875,0,0,6,3,3,0,27,3,48,0,3,13,1,0,74,23,0,0,f1099oid_accessible.pdf
0,0,2,2,31,31,5,0,0,21.80078125,0,1,1,3,2,1,1,1,25,2,1,41,1,2,31,11,0,0,a-11-16.pdf
0,0,6,0,109,109,101,0,0,108.44921875,0,0,3,7,6,0,47,6,80,0,6,37,5,0,109,10,0,0,f8038r.pdf
0,0,2,2,25,25,6,0,0,11.4345703125,0,1,4,2,2,1,4,1,11,1,1,24,1,0,25,11,0,0,n-10-31.pdf
0,0,2,2,41,41,20,0,0,94.83203125,0,1,1,3,2,1,1,1,26,1,1,59,1,0,41,19,0,0,cp53_vietnamese.pdf
0,0,2,2,188,188,26,0,0,166.5478515625,0,1,6,2,2,1,9,1,59,1,1,75,1,9,188,10,0,0,iw3cpr.pdf
0,0,2,2,28,28,9,0,0,18.16796875,0,1,4,3,2,1,4,1,23,1,1,24,1,1,28,11,0,0,n-06-35.pdf
0,0,4,6,71,71,30,0,0,85.830078125,0,0,18,9,4,3,19,7,52,3,7,49,3,1,71,33,0,0,esop_dl_phoneforum_transcript.pdf
0,0,2,2,301,301,40,0,0,261.470703125,0,1,12,4,2,1,20,1,90,1,1,81,1,21,301,11,0,0,i2290fr.pdf
0,0,2,2,11,11,3,0,0,24.0009765625,0,1,1,2,2,1,1,2,4,1,1,0,0,0,11,12,1,0,colectfy.pdf
0,0,3,0,17,17,13,0,0,16.240234375,0,0,1,3,3,1,1,3,11,1,3,1,2,0,17,11,0,0,ffc109a.pdf
0,0,2,2,46,46,34,0,0,95.6484375,0,1,1,2,2,1,2,1,47,1,1,5,1,0,46,14,0,0,boostworld.pdf
1,2,3,3,94,94,39,0,0,59.1787109375,0,0,1,4,3,2,13,3,87,2,2,81,2,8,94,9,0,1,f8718.pdf
0,0,2,2,91,91,24,0,0,130.8564453125,0,1,2,2,2,1,4,1,42,1,1,75,1,0,91,11,0,0,i1120fv.pdf
0,0,2,2,21,21,4,0,0,10.611328125,0,1,2,2,2,1,2,1,13,1,1,32,1,0,21,11,0,0,a-04-80.pdf
0,0,2,2,29,29,12,0,0,72.900390625,0,1,4,2,2,1,4,1,17,1,1,20,1,0,29,11,0,0,ar-1889.pdf
0,0,2,2,33,33,15,0,0,22.248046875,0,1,3,3,2,1,3,1,22,1,1,31,1,0,33,11,0,0,a-04-58.pdf
0,0,1,1,210,210,62,0,0,366.4140625,0,0,60,1,1,1,60,1,18,1,1,97,0,0,210,21,0,0,irb2001-5.012901..pdf
0,0,2,2,37,37,10,1,0,10.955078125,0,1,8,2,2,1,8,2,9,1,1,18,0,0,37,11,0,0,n-01-24.pdf
0,0,3,0,88,88,80,0,0,120.0966796875,0,0,4,3,3,0,31,3,54,0,3,13,1,0,88,23,0,0,f1041qft_accessible.pdf
0,0,2,2,11,11,3,0,0,28.5390625,0,1,1,2,2,1,1,2,4,1,1,0,0,0,11,12,1,0,artnsidr.pdf
0,0,2,2,200,200,24,0,0,72.9521484375,0,1,2,2,2,1,5,2,235,1,1,35,1,16,200,13,0,0,68fr13652.pdf
2,3,4,4,92,92,33,0,0,49.697265625,0,0,1,4,4,3,20,3,80,3,3,51,3,19,92,9,0,1,f1122.pdf
0,0,3,4,136,136,44,0,0,112.537109375,0,0,2,4,3,2,14,3,152,2,2,149,2,38,135,9,0,0,f8812.pdf
0,0,3,4,167,167,83,0,0,366.6025390625,0,0,1,6,3,2,12,5,156,2,4,27,16,0,167,22,0,0,savings_retirement.pdf
0,0,2,2,24,24,5,1,0,15.4267578125,0,1,3,2,2,1,3,2,11,1,1,17,1,0,24,7,0,0,036.pdf
1,0,2,2,54,54,42,0,0,149.953125,0,1,1,2,2,1,2,1,55,1,1,5,1,0,54,13,0,0,brickarms.pdf
1,2,2,2,327,327,61,0,0,203.91015625,0,1,2,2,2,1,42,28,384,1,1,55,1,36,327,22,0,1,f1066sq_accessible.pdf
0,0,2,2,11,11,3,0,0,17.3134765625,0,1,1,2,2,1,1,2,4,1,1,0,0,0,11,11,1,0,angstrm.pdf
0,0,3,0,174,174,167,0,0,154.8427734375,0,0,3,3,3,0,105,3,126,0,3,37,1,0,174,12,0,0,f1120pm3.pdf
0,0,2,0,27,27,24,0,0,139.8330078125,0,1,1,2,2,0,2,2,10,0,2,1,1,0,27,18,0,0,bishop_account.pdf
0,0,2,2,36,36,11,0,0,15.9794921875,0,1,2,2,2,1,2,2,14,1,1,23,1,0,36,7,0,0,072.pdf
0,0,2,2,33,33,10,0,0,63.5546875,0,1,3,2,2,1,3,2,15,1,1,35,1,0,33,12,0,0,rr-03-78.pdf
0,0,2,2,59,59,18,0,0,74.63671875,0,1,13,2,2,1,13,2,11,1,1,29,1,0,59,12,0,0,rp-03-68.pdf
0,0,2,2,27,27,6,1,0,11.5048828125,0,1,5,2,2,1,5,2,9,1,1,19,0,0,27,11,0,0,n-01-50.pdf
0,0,2,2,131,131,39,0,0,119.986328125,0,1,33,2,2,1,33,1,23,1,1,99,1,0,131,32,0,0,ntatestimonysfctax_gap072606.pdf
0,0,5,0,633,633,626,0,0,271.1240234375,0,0,2,6,5,0,561,5,590,0,5,375,4,0,633,10,0,0,f990sk.pdf
0,0,2,2,39,39,10,0,0,19.0966796875,0,1,8,2,2,1,8,1,13,1,1,38,1,0,39,12,0,0,rp-11-15.pdf
1,2,2,2,274,274,27,0,0,87.9169921875,0,1,3,2,2,1,3,11,347,1,1,62,1,27,274,20,0,1,f5578_accessible.pdf
0,0,2,2,25,25,13,0,0,69.80859375,0,1,1,2,2,1,2,1,24,1,1,5,1,0,25,11,0,0,appeian.pdf
0,0,2,2,11,11,3,0,0,17.775390625,0,1,1,2,2,1,1,2,4,1,1,0,0,0,11,11,1,0,aragllc.pdf
0,0,2,2,27,27,6,0,0,11.53125,0,1,4,2,2,1,4,1,13,1,1,34,1,0,27,12,0,0,rr-08-04.pdf
0,0,1,1,6,6,2,0,0,85.45703125,0,0,1,1,1,1,1,0,2,1,1,1,0,0,6,10,1,0,comucf.pdf
0,0,2,2,25,25,7,0,0,16.9189453125,0,1,3,3,2,1,3,1,20,1,1,33,1,0,25,11,0,0,n-04-07.pdf
0,0,5,0,280,280,262,0,0,221.19921875,0,0,5,6,5,0,169,5,206,0,5,83,4,0,280,11,0,0,f1040nr.pdf
0,0,2,2,160,160,31,0,0,154.2587890625,0,1,5,2,2,1,9,1,57,1,1,99,1,2,160,10,0,0,i990sf.pdf
0,0,2,2,11,11,3,0,0,32.708984375,0,1,1,2,2,1,1,2,4,1,1,0,0,0,11,12,1,0,clevcomp.pdf
0,0,2,2,11,11,3,0,0,27.2900390625,0,1,1,2,2,1,1,2,4,1,1,0,0,0,11,12,1,0,cartmcon.pdf
0,0,2,2,68,68,22,0,0,164.826171875,0,1,11,2,2,1,11,2,13,1,1,39,0,0,68,13,0,0,65fr77292.pdf
0,0,5,0,187,187,146,0,0,120.7578125,0,0,6,8,5,0,94,5,189,0,5,56,4,2,187,10,0,0,f1099b.pdf
0,0,3,4,290,290,67,0,0,311.5615234375,0,0,13,11,3,2,13,4,467,2,4,122,2,76,290,13,0,0,rne_sum08.pdf
0,0,2,2,80,80,9,1,0,49.7578125,0,1,3,2,2,1,3,2,68,1,1,27,1,0,80,11,0,0,n-02-25.pdf
0,0,3,0,83,83,75,0,0,106.0869140625,0,0,4,3,3,0,25,3,49,0,3,11,1,0,83,20,0,0,f8610_accessible.pdf
0,0,2,2,11,11,3,0,0,35.6982421875,0,1,1,2,2,1,1,2,4,1,1,0,0,0,11,12,1,0,bestware.pdf
0,0,2,2,96,96,14,1,0,59.46484375,0,1,1,2,2,1,1,2,79,1,1,25,1,1,96,11,0,0,a-02-36.pdf
0,0,1,1,6,6,2,0,0,71.3984375,0,0,1,1,1,1,1,0,2,1,1,1,0,0,6,12,1,0,amroland.pdf
0,0,1,1,20,20,2,0,0,21.2705078125,0,0,2,1,1,1,2,1,14,1,1,29,0,0,20,13,0,0,64fr50758.pdf
0,0,2,2,25,25,13,0,0,97.0419921875,0,1,1,2,2,1,2,1,24,1,1,5,1,0,25,12,0,0,boardgam.pdf
0,0,2,2,35,35,13,0,0,37.8408203125,0,1,4,3,2,1,4,1,24,1,1,44,1,0,35,11,0,0,n-12-55.pdf
0,0,2,2,180,180,57,0,0,141.8623046875,0,1,49,2,2,1,49,1,21,1,1,101,1,0,180,11,0,0,n-09-24.pdf
0,0,3,3,128,128,19,0,0,51.482421875,0,0,1,3,3,2,7,2,119,2,2,47,2,81,128,9,0,0,f4977.pdf
0,0,2,2,175,175,9,1,0,66.25,0,1,3,2,2,1,3,2,144,1,1,27,1,0,175,12,0,0,rp-04-17.pdf
0,0,2,2,167,167,48,0,0,148.939453125,0,1,26,3,2,1,26,1,124,1,1,90,1,4,167,46,0,0,401k_questionnaire_phoneforum_presentation.pdf
0,0,2,2,76,76,31,0,0,135.896484375,0,1,1,3,2,1,1,1,54,1,1,118,3,0,76,17,0,0,cp166_english.pdf
1,1,3,3,108,108,32,0,0,54.1259765625,0,0,2,3,3,2,29,2,100,2,2,69,2,37,108,9,0,1,f6466.pdf
0,0,2,2,52,52,40,0,0,151.1171875,0,1,1,2,2,1,2,1,53,1,1,5,1,0,52,16,0,0,cengagelearn.pdf
0,0,2,2,24,24,12,0,0,72.7900390625,0,1,1,2,2,1,2,1,25,1,1,5,1,0,24,10,0,0,boromc.pdf
0,0,4,0,81,81,74,0,0,208.3681640625,0,0,2,5,4,2,8,4,44,2,4,2,3,0,81,12,0,0,p4346fru.pdf
0,0,2,0,28,28,25,0,0,90.064453125,0,1,1,2,2,0,2,2,10,0,2,1,1,0,28,15,0,0,cashamerica.pdf
0,0,2,2,25,25,8,0,0,15.2861328125,0,1,4,3,2,1,4,1,20,1,1,24,1,0,25,11,0,0,n-09-43.pdf
0,0,2,2,94,94,10,1,0,56.5947265625,0,1,5,2,2,1,5,2,77,1,1,21,1,0,94,13,0,0,n-2005-36.pdf
0,0,2,2,52,52,25,0,0,86.4912109375,0,1,4,3,2,1,4,1,31,1,1,56,1,1,52,12,0,0,n-08-105.pdf
0,0,1,1,6,6,2,0,0,87.29296875,0,0,1,1,1,1,1,0,2,1,1,1,0,0,6,7,1,0,ask.pdf
1,2,2,2,142,142,23,0,0,81.27734375,0,1,2,3,2,1,2,1,210,1,1,59,1,76,142,20,0,1,f5754_accessible.pdf
0,0,2,2,47,47,13,0,0,25.5615234375,0,1,10,2,2,1,10,1,13,1,1,40,1,0,47,12,0,0,rr-07-22.pdf
0,0,2,2,273,273,29,0,0,277.806640625,0,1,1,2,2,1,2,1,237,1,1,81,1,2,273,18,0,0,communications.pdf
0,0,3,4,149,149,37,0,0,96.9501953125,0,0,1,4,3,2,10,3,207,2,2,112,2,73,148,11,0,0,f1040sa.pdf
0,0,1,1,20,20,4,0,0,39.5078125,0,0,1,1,1,1,1,1,6,1,1,17,0,0,20,30,0,0,20101112-J-Allison-Bunnell.pdf
0,0,2,2,52,52,18,0,0,35.810546875,0,1,12,3,2,1,12,1,38,1,1,32,1,2,52,11,0,0,n-08-35.pdf
0,0,2,2,46,46,18,0,0,42.115234375,0,1,11,3,2,1,11,1,29,1,1,52,1,0,46,12,0,0,rr-09-14.pdf
0,0,3,0,67,67,62,0,0,65.1923828125,0,0,1,3,3,0,19,3,42,0,3,7,1,0,67,21,0,0,f1042t_accessible.pdf
0,0,2,2,34,34,10,0,0,19.4580078125,0,1,7,2,2,1,7,1,9,1,1,17,1,0,34,12,0,0,rr-07-21.pdf
0,0,3,4,113,113,54,0,0,137.255859375,0,0,30,6,3,2,30,4,66,2,4,96,2,0,113,25,0,0,eo_determs_governance.pdf
0,0,2,2,170,170,71,0,0,142.5703125,0,1,48,2,2,1,48,1,70,1,1,158,1,1,170,37,0,0,2008_tab_progress_rpt_to_congress.pdf
0,0,1,1,6,6,2,0,0,75.0576171875,0,0,1,1,1,1,1,0,2,1,1,1,0,0,6,12,1,0,beaubank.pdf
0,0,2,0,24,24,21,0,0,36.9150390625,0,1,1,2,2,0,1,2,7,0,2,1,1,0,24,16,0,0,Andre_Nozari.pdf
0,0,1,1,27,27,7,0,0,56.935546875,0,0,2,1,1,1,2,1,13,1,1,26,1,1,27,14,0,0,notice3336.pdf
1,2,2,2,264,264,46,0,0,81.73828125,0,1,1,2,2,1,25,27,284,1,1,82,1,46,264,21,0,1,f8609a_accessible.pdf
0,0,4,0,76,76,67,0,0,123.0810546875,0,0,4,4,4,0,7,4,31,0,4,5,2,0,76,21,0,0,f1041a_accessible.pdf
0,0,2,2,49,49,37,0,0,94.5126953125,0,1,1,2,2,1,2,1,48,1,1,5,1,0,49,14,0,0,avoncosmet.pdf
2,2,2,2,68,68,23,0,0,257.3408203125,0,1,2,3,2,1,2,2,62,1,1,70,1,16,68,12,0,1,phs416-5.pdf
0,0,2,2,111,111,27,0,0,121.07421875,0,1,2,2,2,1,6,1,52,1,1,88,1,1,111,15,0,0,i1099cap_11.pdf
0,0,1,1,6,6,2,0,0,108.6845703125,0,0,1,1,1,1,1,0,2,1,1,1,0,0,6,12,1,0,brithous.pdf
0,0,2,2,24,24,6,0,0,16.2841796875,0,1,3,2,2,1,3,1,14,1,1,17,1,0,24,13,0,0,aod200702.pdf
0,0,2,2,36,36,11,0,0,24.232421875,0,1,4,3,2,1,4,1,30,1,1,56,1,1,36,12,0,0,rr-08-45.pdf
0,0,2,2,12,12,5,0,0,336.7626953125,0,1,1,2,2,1,0,1,9,1,1,0,1,1,12,13,1,0,3D_statue.pdf
1,2,2,2,450,450,102,0,0,259.1494140625,0,1,2,2,2,1,88,4,403,1,1,132,1,64,450,20,0,1,f4810_accessible.pdf
0,0,2,2,63,63,25,0,0,39.3330078125,0,0,6,2,2,4,8,2,24,4,2,43,2,0,63,11,0,0,082802f.pdf
0,0,2,2,360,360,38,0,0,228.57421875,0,1,10,3,2,1,15,1,61,1,1,92,1,5,360,11,0,0,i1040se.pdf
0,0,1,1,67,67,15,0,0,177.962890625,0,0,8,1,1,1,8,1,12,1,1,48,0,0,67,32,0,0,041413future-music-coalition.pdf
0,0,2,2,120,120,24,0,0,187.7578125,0,1,1,2,2,1,2,1,87,1,1,57,1,2,120,17,0,0,conner_legacy.pdf
0,0,2,2,11,11,3,0,0,23.134765625,0,1,1,2,2,1,1,2,4,1,1,0,0,0,11,12,1,0,bluticom.pdf
0,0,7,0,916,916,902,0,0,371.77734375,0,0,8,7,7,0,794,7,827,0,7,325,7,0,916,10,0,0,f990sh.pdf
0,0,2,2,11,11,3,0,0,26.421875,0,1,1,2,2,1,1,2,4,1,1,0,0,0,11,12,1,0,cohnwolf.pdf
0,0,1,1,6,6,2,0,0,73.2529296875,0,0,1,1,1,1,1,0,2,1,1,1,0,0,6,11,1,0,chikepo.pdf
0,0,2,2,27,27,8,0,0,56.03515625,0,1,2,2,2,1,2,2,13,1,1,26,1,0,27,11,0,0,a-03-32.pdf
0,0,4,6,233,233,22,2,0,71.4287109375,0,0,2,9,4,3,4,7,491,3,7,55,3,89,233,23,0,0,eorevenueprocedures.pdf
0,0,2,2,16,16,5,0,0,25.00390625,0,1,1,2,2,1,1,1,7,1,1,9,1,0,16,16,0,0,Amy_Toensing.pdf
0,0,2,2,24,24,12,0,0,69.2060546875,0,1,1,2,2,1,2,1,25,1,1,5,1,0,24,11,0,0,colloln.pdf
0,0,2,2,31,31,11,0,0,151.12890625,0,1,5,2,2,1,5,2,8,1,1,0,0,0,31,16,0,0,aline_soules.pdf
0,0,2,2,94,94,57,0,0,71.4775390625,0,1,3,3,2,0,12,1,65,1,1,74,1,0,94,17,0,0,cp774_spanish.pdf
0,0,2,2,41,41,17,0,0,56.3515625,0,1,2,2,2,1,2,1,32,1,1,56,1,0,41,13,0,0,70fr58310.pdf
0,0,1,1,40,40,11,0,0,60.5400390625,0,0,5,1,1,1,5,1,29,1,1,59,0,0,40,13,0,0,69fr39333.pdf
0,0,2,2,24,24,12,0,0,85.7451171875,0,1,1,2,2,1,2,1,23,1,1,5,1,0,24,12,0,0,aualallc.pdf
0,0,2,2,23,23,7,0,0,78.5927734375,0,0,1,3,2,1,1,3,24,1,3,27,0,3,23,23,0,0,20110128-TE-Garrett.pdf
0,0,1,1,6,6,2,0,0,72.6787109375,0,0,1,1,1,1,1,0,2,1,1,1,0,0,6,12,1,0,blkftnet.pdf
0,0,2,2,97,97,20,0,0,83.4306640625,0,1,2,2,2,0,2,2,109,1,1,53,1,0,97,7,0,0,295.pdf
0,0,2,2,70,70,9,1,0,57.5458984375,0,1,3,2,2,1,3,2,61,1,1,27,1,0,70,11,0,0,n-06-02.pdf
0,0,2,0,34,34,31,0,0,196.65625,0,1,1,2,2,0,2,2,10,0,2,1,1,0,34,14,0,0,a_z_sports.pdf
0,0,3,0,74,74,64,0,0,122.541015625,0,0,6,3,3,0,27,3,48,0,3,13,1,0,74,23,0,0,f1099p12_accessible.pdf
0,0,2,2,65,65,6,1,0,49.9013671875,0,1,1,2,2,1,1,2,65,1,1,17,1,0,65,11,0,0,n-02-74.pdf
0,0,2,2,177,177,30,0,0,143.560546875,0,1,5,2,2,1,9,1,50,1,1,91,1,0,177,15,0,0,i1099int_11.pdf
0,0,3,0,48,48,42,0,0,65.7763671875,0,0,2,3,3,0,2,3,22,0,3,2,1,0,48,8,0,0,f972.pdf
0,0,1,1,21,21,5,0,0,37.3466796875,0,0,1,1,1,1,1,1,21,1,1,34,0,0,21,13,0,0,68fr71171.pdf
0,0,2,2,29,29,8,0,0,35.6689453125,0,1,3,2,2,1,3,2,13,1,1,23,1,0,29,13,0,0,20032901f.pdf
0,0,2,2,45,45,33,0,0,93.765625,0,1,1,2,2,1,2,1,46,1,1,5,1,0,45,13,0,0,appsolute.pdf
0,0,2,0,73,73,57,0,0,124.4150390625,0,1,14,2,2,0,14,2,17,0,2,14,1,0,73,12,0,0,92chap10.pdf
0,0,3,0,94,94,88,0,0,86.779296875,0,0,2,3,3,0,47,3,67,0,3,17,1,0,94,22,0,0,f1120fs_accessible.pdf
0,0,2,4,864,864,187,0,0,390.4091796875,0,0,8,4,2,2,151,3,1113,2,3,282,2,485,863,11,0,0,f2290fr.pdf
0,0,2,2,11,11,3,0,0,26.248046875,0,1,1,2,2,1,1,2,4,1,1,0,0,0,11,12,1,0,aalmemcu.pdf
0,0,5,0,91,91,81,0,0,102.5869140625,0,0,2,6,5,0,31,5,63,0,5,17,4,0,91,9,0,0,f4563.pdf
0,0,1,1,30,30,4,0,0,10.953125,0,0,1,1,1,1,1,4,18,1,1,11,1,0,30,9,0,0,arpan.pdf
0,0,4,6,117,117,50,0,0,91.9931640625,0,0,1,7,4,3,23,6,135,3,5,104,3,29,116,9,0,0,f7004.pdf
0,0,1,1,6,6,2,0,0,67.3818359375,0,0,1,1,1,1,1,0,2,1,1,1,0,0,6,12,1,0,brbanmar.pdf
0,0,2,2,105,105,43,0,0,92.1123046875,0,1,10,2,2,1,10,1,42,1,1,74,1,0,105,12,0,0,i2290_10.pdf
0,0,2,2,11,11,3,0,0,32.4326171875,0,1,1,2,2,1,1,2,4,1,1,0,0,0,11,11,1,0,aviatnx.pdf
0,0,6,0,143,143,120,0,0,240.2646484375,0,0,12,6,6,3,37,6,77,3,6,35,5,0,143,11,0,0,f1040es.pdf
0,0,1,1,6,6,2,0,0,79.7900390625,0,0,1,1,1,1,1,0,2,1,1,1,0,0,6,10,1,0,baldor.pdf
0,0,3,0,62,62,56,0,0,143.4482421875,0,0,2,3,3,0,4,3,30,0,3,4,1,0,62,9,0,0,f4137.pdf
0,0,2,2,31,31,19,0,0,74.3447265625,0,1,1,2,2,1,2,1,30,1,1,5,1,0,31,11,0,0,bestcom.pdf
0,0,1,1,6,6,1,0,0,1.2890625,0,0,1,1,1,1,1,1,3,1,1,3,0,0,6,31,1,0,purepdf_hellosplitcharacter.pdf
2,3,1,2,112,112,46,0,0,199.2021484375,0,0,2,3,1,1,20,3,91,1,2,71,1,12,112,19,0,1,fw4v_accessible.pdf
0,0,2,2,92,92,24,0,0,389.4794921875,0,1,11,2,2,1,11,1,68,1,1,117,1,0,92,11,0,0,ar-1945.pdf
0,0,3,3,66,66,23,0,0,54.1064453125,0,0,2,3,3,2,7,2,58,2,2,65,2,3,66,11,0,0,f5305rb.pdf
0,0,2,2,32,32,12,0,0,24.94921875,0,1,7,3,2,1,7,1,24,1,1,37,1,0,32,12,0,0,rr-10-07.pdf
0,0,1,1,6,6,2,0,0,73.7451171875,0,0,1,1,1,1,1,0,2,1,1,1,0,0,6,9,1,0,abika.pdf
0,0,2,2,30,30,8,0,0,13.25,0,1,6,2,2,1,6,2,9,1,1,12,1,0,30,11,0,0,042302f.pdf
0,0,3,0,53,53,47,0,0,88.1142578125,0,0,2,3,3,0,16,3,40,0,3,6,2,0,53,9,0,0,f8302.pdf
2,3,1,2,164,164,34,0,0,71.443359375,0,0,2,3,1,1,2,3,170,1,2,77,1,48,164,20,0,1,f8874_accessible.pdf
0,0,3,0,33,33,24,0,0,39.2958984375,0,0,6,3,3,1,0,3,7,1,3,0,2,0,33,11,0,0,114701f.pdf
0,0,2,2,47,47,16,0,0,46.6025390625,0,1,5,3,2,1,5,1,38,1,1,79,1,1,47,12,0,0,beft-pia.pdf
0,0,1,1,13,13,2,0,0,2.025390625,0,0,2,1,1,1,2,1,9,1,1,0,0,0,13,27,1,0,purepdf_shadingpatterns.pdf
0,0,3,0,56,56,50,0,0,78.7734375,0,0,2,3,3,0,2,3,26,0,3,2,1,0,56,20,0,0,f8907_accessible.pdf
0,0,2,2,34,34,22,0,0,86.513671875,0,1,1,2,2,1,2,1,35,1,1,5,1,0,34,11,0,0,colopol.pdf
0,0,2,2,45,45,33,0,0,109.0048828125,0,1,1,2,2,1,2,1,44,1,1,5,1,0,45,13,0,0,adtollcom.pdf
0,0,1,1,43,43,11,0,0,24.791015625,0,0,11,1,1,1,11,1,6,1,1,15,0,0,43,12,0,0,rp-99-19.pdf
0,0,2,2,32,32,7,0,0,13.5068359375,0,1,3,3,2,1,3,1,22,1,1,23,1,0,32,12,0,0,rr-09-19.pdf
0,0,4,0,61,61,54,0,0,75.4619140625,0,0,2,5,4,0,9,4,39,0,4,5,3,0,61,11,0,0,f8879pe.pdf
0,0,2,0,103,103,97,0,0,66.22265625,0,0,2,3,2,0,62,2,74,0,2,42,1,0,103,11,0,0,f13424c.pdf
0,0,2,2,61,61,41,0,0,38.443359375,0,1,2,3,2,1,2,1,40,1,1,35,1,0,61,18,0,0,cp276b_english.pdf
0,0,1,0,58,58,51,0,0,75.322265625,0,1,5,2,1,0,11,1,32,0,1,9,1,0,58,22,0,0,f8849s2_accessible.pdf
0,0,2,2,30,30,8,0,0,15.7431640625,0,1,5,2,2,1,5,1,11,1,1,25,1,0,30,11,0,0,n-05-36.pdf
0,0,2,0,365,365,357,0,0,154.0576171875,0,1,6,2,2,0,309,2,331,0,2,26,1,0,365,20,0,0,f5330_accessible.pdf
0,0,2,2,33,33,8,0,0,17.1806640625,0,1,6,2,2,1,6,1,13,1,1,36,1,0,33,12,0,0,rp-07-19.pdf
0,0,1,1,46,45,9,0,0,29.26171875,0,0,9,1,1,1,9,1,20,1,1,50,0,0,45,11,0,0,jeopirm.pdf
0,0,1,1,42,42,12,0,0,16.453125,0,0,9,1,1,1,10,1,7,1,1,16,0,0,42,12,0,0,rr-98-61.pdf
0,0,1,1,31,31,11,0,0,36.48046875,0,0,2,1,1,1,2,1,44,1,1,38,1,0,31,7,0,0,bme.pdf
0,0,2,2,35,35,9,1,0,17.4462890625,0,1,7,2,2,1,7,2,10,1,1,22,0,0,35,12,0,0,rp-00-50.pdf
0,0,1,1,30,30,5,0,0,19.2607421875,0,0,1,1,1,1,1,4,18,1,1,11,1,0,30,17,0,0,Anthony_Bills.pdf
0,0,3,0,85,85,79,0,0,90.6728515625,0,0,2,3,3,0,32,3,55,0,3,12,1,0,85,22,0,0,f1040sr_accessible.pdf
0,0,2,2,33,33,21,0,0,76.8896484375,0,1,1,2,2,1,2,1,32,1,1,5,1,0,33,11,0,0,arizoce.pdf
0,0,2,2,11,11,3,0,0,30.1123046875,0,1,1,2,2,1,1,2,4,1,1,0,0,0,11,12,1,0,broomecc.pdf
0,0,1,1,249,249,112,0,0,195.26171875,0,0,24,1,1,1,45,1,75,1,1,138,1,0,249,10,0,0,20yreo.pdf
0,0,2,2,235,235,16,1,0,114.232421875,0,1,10,2,2,1,10,2,200,1,1,34,1,0,235,11,0,0,n-03-18.pdf
0,0,4,0,46,46,40,0,0,72.9833984375,0,0,1,5,4,0,2,4,27,0,4,2,3,0,46,9,0,0,f8903.pdf
0,0,2,2,102,102,16,0,0,84.796875,0,1,1,2,2,1,2,1,75,1,1,14,1,2,102,17,0,0,amer_marriage.pdf
0,0,3,3,47,47,15,0,0,61.025390625,0,0,1,4,3,3,1,3,48,3,3,58,4,0,47,12,0,0,f13690es.pdf
0,0,1,0,69,69,52,0,0,225.1435546875,0,0,1,1,1,1,28,1,57,1,1,76,1,0,69,9,0,0,f8940.pdf
0,0,2,2,12,12,4,0,0,21.3662109375,0,1,1,2,2,1,1,2,5,1,1,0,1,0,12,12,1,0,campn4al.pdf
0,0,2,2,29,29,10,0,0,19.7314453125,0,1,6,3,2,1,6,1,22,1,1,36,1,0,29,11,0,0,n-10-05.pdf
0,0,2,2,150,150,23,0,0,195.4609375,0,1,1,2,2,1,2,1,111,1,1,40,1,0,150,10,0,0,alamy3.pdf
2,3,3,3,145,145,60,0,0,269.3603515625,0,0,4,3,3,2,40,2,113,2,2,104,2,27,145,12,0,1,f1040ezt.pdf
0,0,2,2,18,18,7,0,0,29.6796875,0,1,1,3,2,1,1,1,15,1,1,14,1,0,18,20,0,0,26-angela-walker.pdf
0,0,2,2,27,27,7,0,0,13.193359375,0,1,6,2,2,1,6,2,7,1,1,10,0,0,27,11,0,0,n-00-26.pdf
0,0,1,1,6,6,2,0,0,80.7109375,0,0,1,1,1,1,1,0,2,1,1,1,0,0,6,13,1,0,amsoclcpa.pdf
0,0,1,1,31,31,20,0,0,334.6728515625,0,0,4,1,1,1,4,1,13,1,1,0,0,0,31,11,0,0,1233025.pdf
0,0,2,2,29,29,17,0,0,95.9228515625,0,1,1,2,2,1,2,1,28,1,1,5,1,0,29,14,0,0,charschool.pdf
0,0,2,2,17,17,6,0,0,11.0634765625,0,1,2,3,2,1,2,1,14,1,1,12,1,0,17,11,0,0,a-09-06.pdf
0,0,2,2,25,25,13,0,0,77.5,0,1,1,2,2,1,2,1,26,1,1,5,1,0,25,10,0,0,bnetic.pdf
0,0,3,0,39,39,32,0,0,233.8095703125,0,0,4,3,3,1,4,3,20,1,3,4,2,0,39,33,0,0,checklist_policy_dev_20120412.pdf
0,0,1,1,34,34,8,1,0,92.609375,0,0,1,2,1,1,2,1,28,2,1,27,0,1,34,26,0,0,Flash-In-PDF-Converter.pdf
0,0,2,2,59,59,17,0,0,32.6943359375,0,1,14,2,2,1,14,1,11,1,1,34,1,0,59,11,0,0,n-06-60.pdf
0,0,2,0,638,638,187,0,0,270.3837890625,0,0,5,2,2,1,137,2,186,1,2,179,2,0,638,9,0,0,f1120.pdf
0,0,2,2,30,30,18,0,0,95.1357421875,0,1,1,2,2,1,2,1,31,1,1,5,1,0,30,14,0,0,alerewomen.pdf
0,0,2,2,57,57,45,0,0,110.0634765625,0,1,1,2,2,1,2,1,58,1,1,5,1,0,57,13,0,0,apollogrp.pdf
0,0,1,1,6,6,2,0,0,67.5283203125,0,0,1,1,1,1,1,0,2,1,1,1,0,0,6,10,1,0,acquia.pdf
0,0,2,2,374,374,58,0,0,388.6650390625,0,1,35,3,2,1,35,1,94,1,1,111,1,39,374,12,0,0,irb04-03.pdf
0,0,2,2,273,273,32,1,0,115.962890625,0,1,18,2,2,1,18,2,209,1,1,50,1,0,273,12,0,0,rp-02-32.pdf
0,0,2,2,232,232,14,1,0,66.9052734375,0,1,3,2,2,1,3,2,146,1,1,11,1,0,232,12,0,0,rr-03-20.pdf
0,0,2,2,27,27,15,0,0,92.830078125,0,1,1,2,2,1,2,1,26,1,1,5,1,0,27,12,0,0,arkheart.pdf
0,0,1,1,6,6,2,0,0,91.4248046875,0,0,1,1,1,1,1,0,2,1,1,1,0,0,6,11,1,0,colocat.pdf
0,0,2,2,30,30,18,0,0,101.8798828125,0,1,1,2,2,1,2,1,29,1,1,5,1,0,30,12,0,0,blacksta.pdf
0,0,2,2,156,156,30,0,0,151.80078125,0,1,4,2,2,1,8,1,77,1,1,98,1,12,156,9,0,0,i8824.pdf
0,0,2,2,11,11,3,0,0,22.9638671875,0,1,1,2,2,1,1,2,4,1,1,0,0,0,11,7,1,0,arh.pdf
0,0,2,2,16,16,5,0,0,69.5888671875,0,1,1,2,2,1,2,1,17,1,1,5,1,0,16,12,0,0,audralli.pdf
0,0,4,0,168,168,160,0,0,150.2373046875,0,0,3,4,4,0,96,4,120,0,4,34,2,0,168,21,0,0,f990bl_accessible.pdf
0,0,1,1,6,6,2,0,0,78.013671875,0,0,1,1,1,1,1,0,2,1,1,1,0,0,6,12,1,0,ccbilleu.pdf
0,0,1,1,6,6,2,0,0,79.5859375,0,0,1,1,1,1,1,0,2,1,1,1,0,0,6,13,1,0,allsincom.pdf
0,0,1,1,37,37,10,0,0,53.12890625,0,0,5,1,1,1,5,1,24,1,1,43,1,0,37,13,0,0,67fr63578.pdf
0,0,2,2,44,44,13,0,0,16.357421875,0,1,10,2,2,1,10,2,9,1,1,14,1,0,44,13,0,0,rr-03-126.pdf
0,0,2,2,39,39,10,0,0,16.9833984375,0,1,8,2,2,1,8,1,13,1,1,38,1,0,39,11,0,0,n-07-98.pdf
0,0,2,2,355,355,42,0,0,237.556640625,0,1,15,2,2,1,20,1,62,1,1,112,1,3,355,12,0,0,i1065sk1.pdf
0,0,5,0,1333,1333,270,0,0,345.40625,0,0,7,5,5,4,198,5,260,4,5,181,5,0,1333,9,0,0,f8939.pdf
0,0,2,2,33,33,8,0,0,20.88671875,0,1,6,2,2,1,6,1,13,1,1,36,1,0,33,12,0,0,rr-11-07.pdf
0,0,2,2,12,12,4,0,0,16.9404296875,0,1,1,2,2,1,1,2,5,1,1,0,1,0,12,12,1,0,chartrjv.pdf
0,0,2,2,30,30,9,0,0,21.3525390625,0,1,2,3,2,1,2,1,26,1,1,44,1,1,30,11,0,0,n-08-98.pdf
0,0,1,1,18,18,2,0,0,2.83203125,0,0,1,1,1,1,2,1,10,1,1,0,0,0,18,23,0,0,purepdf_kalligraphy.pdf
0,0,2,2,48,48,13,1,0,22.87890625,0,1,12,2,2,1,12,2,7,1,1,19,0,0,48,12,0,0,rp-01-21.pdf
0,0,1,1,24,24,3,0,0,15.7802734375,0,0,2,1,1,1,2,1,17,1,1,36,0,0,24,13,0,0,69fr23821.pdf
0,0,2,0,40,40,36,0,0,344.7060546875,0,1,2,2,2,0,2,2,15,0,2,2,7,0,40,11,0,0,p4591kr.pdf
0,0,1,0,30,30,26,0,0,130.5498046875,0,1,2,2,1,0,2,1,5,0,1,2,2,0,30,8,0,0,p892.pdf
0,0,1,1,6,6,2,0,0,71.21484375,0,0,1,1,1,1,1,0,2,1,1,1,0,0,6,10,1,0,colica.pdf
0,0,1,1,6,6,2,0,0,62.2568359375,0,0,1,1,1,1,1,0,2,1,1,1,0,0,6,12,1,0,calhosll.pdf
0,0,2,2,58,58,24,0,0,54.6123046875,0,1,17,3,2,1,17,1,35,1,1,58,1,0,58,12,0,0,rr-06-27.pdf
0,0,2,2,57,57,17,0,0,33.8671875,0,1,13,2,2,1,13,1,13,1,1,36,1,0,57,11,0,0,n-06-79.pdf
0,0,1,1,6,6,2,0,0,86.2685546875,0,0,1,1,1,1,1,0,2,1,1,1,0,0,6,12,1,0,bluewadi.pdf
0,0,2,2,22,22,6,0,0,35.978515625,0,1,2,2,2,1,2,1,12,1,1,22,1,0,22,12,0,0,aipla-23.pdf
0,0,2,2,29,29,17,0,0,85.921875,0,1,1,2,2,1,2,1,30,1,1,5,1,0,29,11,0,0,arperfo.pdf
0,0,2,0,23,23,20,0,0,36.8642578125,0,1,1,2,2,0,0,2,4,0,2,0,1,0,23,22,0,0,Andrew_Schillinger.pdf
0,0,1,1,18,18,4,0,0,116.80859375,0,0,1,1,1,1,1,1,11,1,1,29,0,0,18,13,0,0,65fr78434.pdf
0,0,2,2,38,38,26,0,0,102.033203125,0,1,1,2,2,1,2,1,37,1,1,5,1,0,38,12,0,0,btgespre.pdf
0,0,2,2,42,42,12,0,0,24.16796875,0,1,8,2,2,1,8,1,13,1,1,39,1,0,42,12,0,0,rp-05-31.pdf
0,0,1,1,6,6,2,0,0,75.6591796875,0,0,1,1,1,1,1,0,2,1,1,1,0,0,6,10,1,0,berind.pdf
0,0,2,2,45,45,14,0,0,93.283203125,0,1,5,2,2,2,5,1,20,2,1,47,1,0,45,11,0,0,n-03_53.pdf
0,0,2,2,118,118,77,0,0,66.3466796875,0,1,2,3,2,1,8,1,84,1,1,84,1,0,118,17,0,0,cp51c_english.pdf
0,0,3,0,86,86,76,0,0,127.513671875,0,0,6,3,3,0,39,3,60,0,3,17,1,0,86,21,0,0,f1099k_accessible.pdf
0,0,2,2,22,22,7,0,0,139.39453125,0,1,1,3,2,1,1,1,19,1,1,34,1,0,22,15,0,0,overview_cn.pdf
0,0,4,4,228,228,29,0,0,94.984375,0,0,1,7,4,3,2,6,218,3,3,89,3,10,228,16,0,0,timing_sum07.pdf
0,0,3,0,54,54,48,0,0,74.4951171875,0,0,2,3,3,0,2,3,25,0,3,2,1,0,54,20,0,0,f8912_accessible.pdf
0,0,2,0,36,36,33,0,0,112.703125,0,1,1,2,2,0,2,2,10,0,2,1,1,0,36,13,0,0,bandwidth.pdf
0,0,2,2,77,77,30,0,0,221.6865234375,0,1,1,2,2,1,3,2,64,1,1,80,3,5,77,23,0,0,10esnonresestatsnap.pdf
0,0,2,2,43,43,10,1,0,22.74609375,0,1,9,2,2,1,9,2,29,1,1,37,0,0,43,12,0,0,rr-00-59.pdf
0,0,3,0,46,46,40,0,0,74.1640625,0,0,2,3,3,0,2,3,24,0,3,2,1,0,46,21,0,0,f1040v_accessible.pdf
0,0,2,0,33,33,30,0,0,198.5791015625,0,1,1,2,2,0,2,2,10,0,2,1,1,0,33,13,0,0,black_box.pdf
0,0,2,2,208,208,18,0,0,192.85546875,0,1,1,2,2,1,2,1,182,1,1,32,1,2,208,10,0,0,bluenc.pdf
0,0,1,1,6,6,2,0,0,75.7919921875,0,0,1,1,1,1,1,0,2,1,1,1,0,0,6,13,1,0,choshiinc.pdf
0,0,2,2,73,73,15,0,0,203.8349609375,0,1,1,2,2,1,2,1,58,1,1,80,1,2,73,18,0,0,phishing_email.pdf
0,0,3,4,101,101,14,0,0,50.5498046875,0,0,6,6,3,2,12,4,169,2,4,62,2,25,101,27,0,0,appendix_d_instructions.pdf
0,0,4,0,50,50,35,0,0,57.37109375,0,0,11,4,4,2,0,4,11,2,4,0,3,0,50,11,0,0,115001f.pdf
0,0,2,2,26,26,14,0,0,91.0439453125,0,1,1,2,2,1,2,1,25,1,1,5,1,0,26,12,0,0,arizosta.pdf
0,0,3,3,81,81,32,0,0,58.6640625,0,0,10,3,3,4,13,2,23,4,2,43,2,0,81,11,0,0,101501f.pdf
0,0,2,2,11,11,3,0,0,26.546875,0,1,1,2,2,1,1,2,4,1,1,0,0,0,11,12,1,0,centdmeg.pdf
0,0,2,2,61,61,16,1,0,33.70703125,0,1,7,2,2,1,7,2,15,1,1,37,0,0,61,10,0,0,a-01-6.pdf
0,0,4,0,123,123,114,0,0,147.4482421875,0,0,4,4,4,0,49,4,74,0,4,19,2,0,123,20,0,0,f944x_accessible.pdf
0,0,2,2,113,113,70,0,0,115.5166015625,0,1,4,3,2,1,4,1,77,1,1,97,1,1,113,16,0,0,cp59_spanish.pdf
0,0,1,1,6,6,2,0,0,79.4599609375,0,0,1,1,1,1,1,0,2,1,1,1,0,0,6,12,1,0,corbcorp.pdf
0,0,2,2,373,373,45,0,0,268.3095703125,0,1,23,2,2,1,25,1,46,1,1,99,1,1,373,12,0,0,i1120lm3.pdf
0,0,2,0,25,25,21,0,0,22.3994140625,0,1,2,2,2,0,0,2,5,0,2,0,1,0,25,11,0,0,12-0038.pdf
0,0,2,2,11,11,3,0,0,22.8583984375,0,1,1,2,2,1,1,2,4,1,1,0,0,0,11,11,1,0,abnamro.pdf
0,0,3,3,56,56,9,2,0,56.4609375,0,0,1,3,3,4,2,3,47,4,3,18,3,0,56,11,0,0,121699a.pdf
0,0,2,2,244,244,7,1,0,44.39453125,0,1,3,2,2,1,3,2,169,1,1,13,1,0,244,12,0,0,rr-02-17.pdf
0,0,2,2,47,47,13,0,0,29.2216796875,0,1,5,2,2,1,5,2,17,1,1,32,0,0,47,13,0,0,64fr36576.pdf
0,0,2,0,116,116,110,0,0,165.921875,0,1,4,2,2,0,0,2,60,0,2,0,1,0,116,17,0,0,cp501_russian.pdf
0,0,2,2,53,53,16,0,0,51.03515625,0,1,7,3,2,1,7,1,37,1,1,91,1,0,53,11,0,0,a-06-61.pdf
0,0,1,1,11,11,2,0,0,108.9697265625,0,0,1,1,1,1,1,0,2,0,1,0,0,0,11,14,1,0,Clay_Ellis.pdf
0,0,3,0,95,95,88,0,0,135.6162109375,0,0,3,3,3,0,30,3,54,0,3,12,1,0,95,20,0,0,f3800_accessible.pdf
0,0,2,2,36,36,9,0,0,16.8662109375,0,1,7,2,2,1,7,1,13,1,1,37,1,0,36,11,0,0,n-05-90.pdf
0,0,2,2,36,36,12,0,0,30.0400390625,0,1,7,3,2,1,7,1,27,1,1,47,1,0,36,11,0,0,n-08-87.pdf
0,0,2,2,53,53,18,0,0,55.4755859375,0,1,5,2,2,1,5,1,32,1,1,40,1,3,53,13,0,0,67fr66090.pdf
0,0,4,6,73,73,29,0,0,82.6767578125,0,0,17,9,4,3,19,7,58,3,7,49,3,2,73,28,0,0,ra_phoneforum_transcript.pdf
0,0,2,2,25,25,8,0,0,15.8466796875,0,1,3,3,2,1,3,1,19,1,1,23,1,0,25,11,0,0,n-12-12.pdf
0,0,3,0,169,169,163,0,0,127.00390625,0,0,2,3,3,0,114,3,137,0,3,40,1,0,169,21,0,0,f706na_accessible.pdf
0,0,3,0,91,91,83,0,0,111.84375,0,0,4,3,3,0,31,3,57,0,3,13,1,0,91,21,0,0,f944ss_accessible.pdf
0,0,2,2,128,128,36,1,0,120.859375,0,1,34,2,2,1,34,2,24,1,1,77,0,0,128,12,0,0,rp-01-53.pdf
0,0,2,2,27,27,8,0,0,41.185546875,0,1,4,2,2,1,4,2,9,1,1,12,1,0,27,11,0,0,n-03-75.pdf
0,0,2,2,22,22,5,1,0,11.369140625,0,1,4,2,2,1,4,2,7,1,1,11,0,0,22,12,0,0,rp-00-47.pdf
0,0,2,2,11,11,3,0,0,20.779296875,0,1,1,2,2,1,1,2,4,1,1,0,0,0,11,12,1,0,careersv.pdf
0,0,2,2,12,12,4,0,0,20.818359375,0,1,1,2,2,1,1,2,5,1,1,0,1,0,12,12,1,0,blazecom.pdf
0,0,3,0,102,102,95,0,0,98.142578125,0,0,3,4,3,0,45,3,69,0,3,29,2,0,102,11,0,0,f706gst.pdf
0,0,2,2,12,12,4,0,0,16.6181640625,0,1,1,2,2,1,1,2,5,1,1,0,1,0,12,12,1,0,cffinlgr.pdf
0,0,1,1,12,12,6,0,0,147.0078125,0,0,3,1,1,1,3,0,4,1,1,3,0,0,12,11,1,0,ampsych.pdf
0,0,2,0,126,126,91,0,0,207.96875,0,1,33,3,2,0,0,2,8,0,2,0,1,0,126,22,0,0,11ebfallbulmunbond.pdf
0,0,2,2,60,60,16,1,0,36.1025390625,0,1,7,2,2,1,7,2,18,1,1,44,0,1,60,11,0,0,n-01-42.pdf
0,0,2,2,25,25,6,0,0,13.6103515625,0,1,5,2,2,1,5,2,8,1,1,11,0,0,25,12,0,0,n-2000-6.pdf
0,1,4,4,189,189,21,0,0,263.5244140625,0,0,2,4,4,3,3,4,173,3,3,65,3,132,189,9,0,0,f6118.pdf
0,0,2,0,34,34,30,0,0,108.587890625,0,1,2,2,2,0,3,2,13,0,2,2,1,0,34,9,0,0,azcen.pdf
0,0,2,2,137,137,99,0,0,151.80859375,0,1,3,3,2,1,3,1,90,1,1,72,1,0,137,19,0,0,cp08_vietnamese.pdf
0,0,4,4,82,82,34,0,0,53.419921875,0,0,8,4,4,8,11,3,26,8,3,34,3,0,82,11,0,0,100502f.pdf
0,0,2,2,137,137,41,0,0,68.34375,0,1,37,2,2,1,37,1,17,1,1,88,1,0,137,12,0,0,rp-11-23.pdf
0,0,2,2,295,295,27,0,0,246.548828125,0,1,1,2,2,1,2,1,256,1,1,70,1,2,295,14,0,0,armedzilla.pdf
0,0,1,0,61,61,48,0,0,132.7138671875,0,1,11,3,1,0,0,1,5,0,1,0,1,0,61,16,0,0,08rppsbryant.pdf
0,0,3,3,368,368,22,0,0,175.7705078125,0,0,3,3,3,3,8,2,678,3,2,76,2,106,368,15,0,0,ensb_sample.pdf
0,0,2,2,30,30,18,0,0,78.291015625,0,1,1,2,2,1,2,1,29,1,1,5,1,0,30,12,0,0,clovkeyc.pdf
0,0,2,2,24,24,9,0,0,17.6298828125,0,1,4,3,2,1,4,1,18,1,1,24,1,0,24,12,0,0,rr-06-10.pdf
0,0,2,2,32,32,9,0,0,19.884765625,0,1,5,3,2,1,5,1,22,1,1,15,1,0,32,12,0,0,rp-08-58.pdf
0,0,3,4,170,170,47,0,0,113.9521484375,0,0,3,4,3,2,17,3,197,2,2,135,2,62,169,11,0,0,f8849s3.pdf
0,0,2,2,54,54,25,0,0,85.4326171875,0,1,4,3,2,1,4,1,33,1,1,66,1,1,54,11,0,0,n-08-50.pdf
0,0,2,2,215,215,15,1,0,100.353515625,0,1,9,2,2,1,9,2,183,1,1,33,1,0,215,12,0,0,rr-02-35.pdf
0,0,1,1,7,7,3,0,0,87.09375,0,0,1,1,1,1,1,1,3,1,1,1,1,0,7,12,1,0,chrst2dy.pdf
0,0,2,2,11,11,3,0,0,25.857421875,0,1,1,2,2,1,1,2,4,1,1,0,0,0,11,12,1,0,aladvang.pdf
0,0,2,0,68,68,63,0,0,62.3232421875,0,1,3,2,2,0,30,2,48,0,2,21,1,0,68,21,0,0,f8804c_accessible.pdf
0,0,2,0,82,82,60,0,0,154.375,0,1,20,2,2,0,20,2,15,0,2,20,1,0,82,10,0,0,92appf.pdf
0,0,2,2,31,31,10,0,0,24.69140625,0,1,4,3,2,1,4,1,23,1,1,45,1,0,31,11,0,0,n-04-76.pdf
0,0,2,2,11,11,3,0,0,26.02734375,0,1,1,2,2,1,1,2,4,1,1,0,0,0,11,9,1,0,annex.pdf
0,0,2,2,30,30,7,0,0,13.193359375,0,1,5,2,2,1,5,1,13,1,1,35,1,0,30,12,0,0,rp-05-19.pdf
2,3,3,3,1342,1342,812,0,0,355.5146484375,0,0,7,4,3,2,791,2,1239,2,2,447,2,401,1342,9,0,1,f5310.pdf
0,0,5,0,52,52,46,0,0,73.7734375,0,0,1,6,5,0,2,5,29,0,5,2,4,0,52,10,0,0,f1125e.pdf
0,0,2,2,101,101,38,0,0,72.4072265625,0,1,4,5,2,1,4,1,78,1,1,107,1,2,101,22,0,0,f109611_accessible.pdf
0,0,2,2,91,91,10,1,0,53.1953125,0,1,4,2,2,1,4,2,78,1,1,28,1,0,91,12,0,0,rp-02-42.pdf
0,0,2,2,23,23,11,0,0,75.390625,0,1,1,2,2,1,2,1,24,1,1,5,1,0,23,14,0,0,adaptlocal.pdf
0,0,2,2,204,204,36,0,0,193.1865234375,0,1,9,2,2,1,13,1,56,1,1,111,1,0,204,10,0,0,i990sa.pdf
0,0,3,0,83,83,78,0,0,81.6171875,0,0,1,3,3,0,33,3,55,0,3,13,1,0,83,21,0,0,f1120h_accessible.pdf
0,0,2,2,11,11,3,0,0,29.3662109375,0,1,1,2,2,1,1,2,4,1,1,0,0,0,11,7,1,0,ace.pdf
0,0,2,2,54,54,27,0,0,54.6982421875,0,1,7,3,2,1,7,1,40,1,1,45,1,1,54,11,0,0,ipm-pia.pdf
0,0,2,2,33,33,10,0,0,60.1748046875,0,1,4,2,2,1,4,2,13,1,1,28,1,0,33,11,0,0,n-03-47.pdf
0,0,2,2,225,225,39,0,0,370.1044921875,0,1,2,2,2,1,2,1,217,1,1,118,3,0,225,9,0,0,p4224.pdf
0,0,3,4,143,143,30,0,0,360.0576171875,0,0,17,5,3,2,17,5,195,2,5,100,1,53,142,39,0,0,contofemployeehealthcarecoverageatg.pdf
0,0,2,2,278,278,38,0,0,206.1962890625,0,1,12,2,2,1,16,1,57,1,1,109,1,1,278,12,0,0,i1065bsk.pdf
0,0,2,2,27,27,10,0,0,18.423828125,0,1,6,3,2,1,6,1,20,1,1,26,1,0,27,11,0,0,n-08-34.pdf
0,0,3,0,80,80,68,0,0,132.75,0,0,8,3,3,0,26,3,48,0,3,14,1,0,80,23,0,0,f1099h12_accessible.pdf
0,0,3,0,108,108,98,0,0,81.779296875,0,0,6,5,3,0,55,3,76,0,3,16,2,0,108,20,0,0,f3922_accessible.pdf
0,0,2,0,111,111,105,0,0,221.494140625,0,1,4,2,2,0,0,2,61,0,2,0,1,0,111,17,0,0,cp504b_korean.pdf
0,0,2,2,39,39,12,0,0,49.919921875,0,1,6,2,2,1,6,2,13,1,1,30,1,0,39,12,0,0,rr-03-74.pdf
0,0,2,2,280,280,30,0,0,273.3984375,0,1,1,2,2,1,2,1,237,1,1,83,1,1,280,11,0,0,archnet.pdf
0,0,2,2,150,150,25,0,0,224.8447265625,0,1,1,2,2,1,3,1,115,1,1,57,1,1,150,23,0,0,convention_visitors.pdf
0,0,2,2,25,25,13,0,0,87.470703125,0,1,1,2,2,1,2,1,24,1,1,5,1,0,25,11,0,0,codemed.pdf
0,0,2,2,25,25,5,0,0,14.8271484375,0,1,1,2,2,1,1,1,18,1,1,51,1,0,25,25,0,0,20110224-Ivan-Hoffman.pdf
0,0,1,1,209,209,25,0,0,207.9091796875,0,0,24,1,1,1,24,1,79,1,1,209,0,0,209,12,0,0,irb96-17.pdf
0,0,1,1,6,6,2,0,0,78.6650390625,0,0,1,1,1,1,1,0,2,1,1,1,0,0,6,12,1,0,authsolu.pdf
0,0,2,2,24,24,9,0,0,19.4873046875,0,1,4,3,2,1,4,1,18,1,1,24,1,0,24,12,0,0,rr-06-04.pdf
0,0,2,2,102,102,47,0,0,322.9091796875,0,1,4,8,2,1,4,1,97,1,1,108,1,0,102,11,0,0,pub4744.pdf
0,0,2,2,51,51,8,0,0,25.669921875,0,1,4,2,2,1,4,1,34,1,1,27,1,15,51,12,0,0,form_906.pdf
0,0,2,2,27,27,15,0,0,77.8837890625,0,1,1,2,2,1,2,1,26,1,1,5,1,0,27,17,0,0,captivemotion.pdf
0,0,2,2,40,40,13,1,0,28.533203125,0,1,1,2,2,1,1,1,24,1,1,14,1,0,40,14,0,0,33megerian.pdf
0,0,2,0,48,48,44,0,0,276.0439453125,0,1,2,2,2,0,2,2,19,0,2,2,3,0,48,11,0,0,p3524vn.pdf
0,0,2,2,44,44,20,0,0,41.826171875,0,1,10,3,2,1,10,1,31,1,1,26,1,0,44,12,0,0,rr-05-78.pdf
0,0,2,2,45,45,12,0,0,73.1611328125,0,1,6,2,2,1,6,1,22,1,1,69,1,0,45,26,0,0,041413patrick-loughney.pdf
0,0,2,2,27,27,15,0,0,82.1708984375,0,1,1,2,2,1,2,1,26,1,1,5,1,0,27,12,0,0,conincoc.pdf
0,0,2,2,55,55,15,0,0,29.5625,0,1,12,2,2,1,12,1,13,1,1,42,1,0,55,11,0,0,n-09-29.pdf
0,0,3,0,59,59,53,0,0,78.90234375,0,0,2,3,3,0,9,3,32,0,3,5,1,0,59,9,0,0,f4506.pdf
0,0,2,2,66,66,6,1,0,38.791015625,0,1,2,2,2,1,2,2,59,1,1,10,1,0,66,12,0,0,rp-04-22.pdf
0,0,2,2,12,12,4,0,0,62.26953125,0,1,1,2,2,1,1,2,5,1,1,0,1,0,12,12,1,0,armsgutl.pdf
0,0,2,2,27,27,8,0,0,42.0263671875,0,1,4,2,2,1,4,2,9,1,1,12,1,0,27,12,0,0,rr-03-27.pdf
0,0,2,2,19,19,6,0,0,15.3017578125,0,1,2,3,2,1,2,1,16,1,1,22,1,0,19,28,0,0,uk_qi_attachment_v3_2006.pdf
0,0,2,2,24,24,6,0,0,13.6552734375,0,1,2,3,2,1,2,1,19,1,1,32,1,0,24,11,0,0,n-06-80.pdf
0,0,2,2,23,23,5,0,0,13.3701171875,0,1,2,2,2,1,2,1,13,1,1,32,1,0,23,11,0,0,n-07-99.pdf
0,0,2,2,73,73,22,0,0,48.912109375,0,1,17,2,2,1,17,1,15,1,1,50,1,0,73,11,0,0,n-07-06.pdf
0,0,3,4,309,309,48,0,0,144.521484375,0,0,21,6,3,2,42,4,495,2,4,82,2,77,309,32,0,0,nta_testimony_idtheft_050812.pdf
0,0,2,2,67,67,8,1,0,56.96484375,0,1,2,2,2,1,2,2,65,1,1,26,1,0,67,11,0,0,a-02-90.pdf
0,0,2,2,334,334,51,0,0,305.22265625,0,1,29,3,2,1,29,1,87,1,1,97,1,36,334,12,0,0,irb04-08.pdf
0,0,2,2,108,108,34,0,0,185.2470703125,0,1,22,2,2,1,22,2,27,1,1,90,1,0,108,56,0,0,ntatestimonysfc_tax_return_preparation_process040406.pdf
0,0,6,0,70,70,59,0,0,93.8740234375,0,0,2,7,6,2,15,6,52,2,6,7,5,0,70,9,0,0,f4361.pdf
0,0,1,1,6,6,2,0,0,71.9462890625,0,0,1,1,1,1,1,0,2,1,1,1,0,0,6,12,1,0,cologuys.pdf
0,0,2,2,23,23,6,0,0,15.4248046875,0,1,2,3,2,1,2,1,19,1,1,32,1,0,23,11,0,0,n-04-47.pdf
0,0,7,0,244,244,233,0,0,174.4296875,0,0,6,8,7,0,162,7,196,0,7,106,6,0,244,11,0,0,f990ezb.pdf
0,0,2,2,52,52,16,0,0,27.890625,0,1,11,2,2,1,11,1,17,1,1,27,1,0,52,12,0,0,rr-06-63.pdf
0,0,2,2,11,11,3,0,0,30.3603515625,0,1,1,2,2,1,1,2,4,1,1,0,0,0,11,12,1,0,acnatsci.pdf
0,0,2,2,110,110,32,0,0,106.5859375,0,1,27,2,2,1,27,1,21,1,1,90,1,0,110,16,0,0,apple-inc-31.pdf
0,0,2,2,52,52,20,0,0,140.3486328125,0,1,9,2,2,1,9,2,13,1,1,0,1,0,52,12,0,0,clrchbdl.pdf
0,1,4,4,172,172,83,0,0,92.470703125,0,0,2,5,4,3,64,4,166,3,3,92,3,48,172,8,0,0,f56f.pdf
0,0,1,1,38,38,10,0,0,16.6162109375,0,0,10,1,1,1,10,1,6,1,1,14,0,0,38,12,0,0,rp-98-29.pdf
0,0,3,4,84,84,26,0,0,57.845703125,0,0,7,6,3,2,12,4,100,2,4,70,2,10,84,21,0,0,providerstandards.pdf
0,0,1,1,7076,7076,200,0,0,1191.326171875,0,0,200,1,1,1,200,1,11311,1,1,225,0,5648,7076,39,0,0,PDFwithEmbeddedEverythingReflection.pdf
0,0,2,2,58,58,21,0,0,82.91015625,0,1,7,2,2,1,7,1,34,1,1,64,1,0,58,13,0,0,71fr70434.pdf
0,0,2,2,1767,1767,26,1,0,350.2802734375,0,1,13,2,2,1,13,2,1066,1,1,87,1,0,1767,24,0,0,2003reporttocongress.pdf
0,0,2,2,60,60,20,0,0,42.03125,0,1,14,3,2,1,14,1,44,1,1,54,1,2,60,12,0,0,rp-08-64.pdf
0,0,3,0,172,172,132,0,0,200.7001953125,0,0,37,3,3,1,37,3,106,1,3,37,2,0,172,30,0,0,ra_phoneforum_presentation.pdf
0,0,2,2,44,44,9,0,0,32.6279296875,0,1,2,4,2,1,2,2,29,1,1,83,1,0,44,8,0,0,p1ep.pdf
0,0,2,2,48,48,16,0,0,33.6787109375,0,1,10,3,2,1,10,1,38,1,1,50,1,2,48,11,0,0,n-09-71.pdf
0,0,1,1,6,6,2,0,0,86.1767578125,0,0,1,1,1,1,1,0,2,1,1,1,0,0,6,12,1,0,consoltc.pdf
0,0,2,2,27,27,6,0,0,11.48046875,0,1,4,2,2,1,4,1,13,1,1,34,1,0,27,12,0,0,rp-07-14.pdf
0,0,2,2,74,74,33,0,0,62.5634765625,0,1,27,3,2,1,27,1,41,1,1,47,1,0,74,12,0,0,rp-09-14.pdf
0,0,2,2,28,28,16,0,0,88.4697265625,0,1,1,2,2,1,2,1,29,1,1,5,1,0,28,11,0,0,bayadve.pdf
0,0,2,2,25,25,6,0,0,10.9423828125,0,1,4,2,2,1,4,1,11,1,1,24,1,0,25,11,0,0,n-07-97.pdf
0,0,4,0,120,120,107,0,0,111.9130859375,0,0,8,5,4,0,54,4,82,0,4,24,3,0,120,12,0,0,f1099msc.pdf
0,0,2,2,656,656,26,0,0,127.0732421875,0,1,5,2,2,1,5,1,597,1,1,53,1,8,656,19,0,0,7611pregs080509.pdf
0,0,2,2,63,63,40,0,0,119.9453125,0,1,2,3,2,1,2,1,41,1,1,48,1,0,63,17,0,0,cp276b_korean.pdf
0,0,2,2,11,11,3,0,0,27.7509765625,0,1,1,2,2,1,1,2,4,1,1,0,0,0,11,12,1,0,aminsphs.pdf
0,0,2,2,159,159,29,0,0,247.9970703125,0,1,1,2,2,1,2,1,142,1,1,81,1,9,159,16,0,0,boberdoo-com.pdf
0,0,2,2,94,94,17,0,0,99.88671875,0,1,1,2,2,1,2,1,72,1,1,16,1,2,94,13,0,0,altly_inc.pdf
0,0,2,2,19,19,5,0,0,11.3466796875,0,1,1,2,2,1,1,1,12,1,1,21,1,0,19,9,0,0,brown.pdf
0,0,1,1,6,6,2,0,0,76.6728515625,0,0,1,1,1,1,1,0,2,1,1,1,0,0,6,12,1,0,bbntechn.pdf
0,0,3,0,85,85,79,0,0,115.306640625,0,0,2,3,3,0,26,3,51,0,3,10,1,0,85,20,0,0,f2106_accessible.pdf
0,0,2,2,61,61,12,0,0,15.8505859375,0,1,2,2,2,0,2,2,75,1,1,9,1,0,61,7,0,0,284.pdf
0,0,2,0,34,34,31,0,0,165.890625,0,1,1,2,2,0,2,2,10,0,2,1,1,0,34,19,0,0,alcon_entertain.pdf
0,0,2,2,51,51,14,0,0,23.935546875,0,1,12,2,2,1,12,1,11,1,1,32,1,0,51,11,0,0,n-07-50.pdf
0,0,4,4,121,121,51,0,0,157.427734375,0,0,2,5,4,3,6,3,92,3,3,138,3,0,121,12,0,0,p4346bvn.pdf
0,0,1,1,52,52,13,0,0,28.404296875,0,0,12,1,1,1,13,1,8,1,1,22,0,0,52,12,0,0,not97-75.pdf
0,0,2,2,54,54,15,0,0,31.49609375,0,1,13,2,2,1,13,2,8,1,1,20,1,0,54,7,0,0,234.pdf
0,0,2,2,39,39,12,0,0,63.802734375,0,1,5,2,2,1,5,2,15,1,1,37,1,0,39,12,0,0,rp-04-28.pdf
0,0,2,2,36,36,14,0,0,27.341796875,0,1,9,3,2,1,9,1,25,1,1,29,1,0,36,11,0,0,n-06-40.pdf
0,0,2,0,74,74,70,0,0,66.8623046875,0,1,2,2,2,0,38,2,60,0,2,26,1,0,74,20,0,0,f3911_accessible.pdf
0,0,3,0,50,50,44,0,0,61.974609375,0,0,2,3,3,0,8,3,28,0,3,4,1,0,50,20,0,0,f8811_accessible.pdf
0,0,2,2,705,705,59,1,0,281.0791015625,0,1,23,9,2,1,23,2,1138,1,1,100,1,30,705,23,0,0,PHSPolicyLabAnimals.pdf
0,0,2,2,29,29,17,0,0,80.134765625,0,1,1,2,2,1,2,1,30,1,1,5,1,0,29,16,0,0,ambridgepart.pdf
0,0,2,2,42,42,13,0,0,56.7685546875,0,1,7,2,2,1,7,2,13,1,1,31,1,0,42,11,0,0,n-03-34.pdf
0,0,2,2,371,371,24,1,0,129.1171875,0,1,6,2,2,1,6,1,365,1,1,40,1,0,371,16,0,0,reg_40108_08.pdf
0,0,2,2,72,72,16,0,0,34.5419921875,0,1,12,3,2,1,12,1,65,1,1,32,1,6,72,12,0,0,rp-08-23.pdf
0,0,2,2,47,47,13,0,0,30.1787109375,0,1,8,3,2,1,8,1,40,1,1,58,1,2,47,11,0,0,n-09-75.pdf
0,0,2,2,39,39,10,1,0,21.408203125,0,1,9,2,2,1,9,2,9,1,1,23,0,0,39,12,0,0,rr-01-46.pdf
0,0,2,2,11,11,3,0,0,28.728515625,0,1,1,2,2,1,1,2,4,1,1,0,0,0,11,12,1,0,arthrcip.pdf
0,0,2,2,30,30,9,0,0,55.0986328125,0,1,5,2,2,1,5,2,9,1,1,13,1,0,30,12,0,0,rp-03-63.pdf
0,0,2,2,84,84,34,0,0,86.916015625,0,1,23,3,2,1,23,1,52,1,1,71,1,1,84,11,0,0,n-12-09.pdf
0,0,2,2,11,11,3,0,0,25.40234375,0,1,1,2,2,1,1,2,4,1,1,0,0,0,11,12,1,0,comncotc.pdf
0,0,2,2,25,25,6,0,0,15.7509765625,0,1,2,2,2,1,2,1,15,1,1,35,1,0,25,11,0,0,a-08-94.pdf
0,0,2,0,24,24,21,0,0,39.05078125,0,1,1,2,2,0,1,2,7,0,2,1,1,0,24,15,0,0,Adam_Thiede.pdf
0,0,2,2,80,80,24,0,0,50.8193359375,0,1,20,2,2,1,20,1,15,1,1,53,1,0,80,12,0,0,rp-04-60.pdf
0,0,2,2,117,117,18,0,0,138.6953125,0,1,1,2,2,1,2,1,83,1,1,31,1,2,117,13,0,0,aereo_inc.pdf
0,0,2,2,49,49,20,0,0,58.015625,0,1,4,2,2,1,4,1,39,1,1,52,1,1,49,13,0,0,74fr39900.pdf
0,0,2,2,54,54,16,0,0,28.2646484375,0,1,11,2,2,1,11,1,19,1,1,37,1,0,54,12,0,0,rr-07-39.pdf
0,0,3,0,125,125,119,0,0,83.1669921875,0,0,2,3,3,0,77,3,97,0,3,27,1,0,125,18,0,0,f56_accessible.pdf
0,0,2,2,130,130,8,1,0,271.2392578125,0,1,2,2,2,2,3,1,110,2,1,41,1,84,130,11,0,0,form870.pdf
0,0,2,2,31,31,19,0,0,80.5888671875,0,1,1,2,2,1,2,1,30,1,1,5,1,0,31,12,0,0,cocamell.pdf
0,0,2,2,23,23,11,0,0,71.6708984375,0,1,1,2,2,1,2,1,22,1,1,5,1,0,23,12,0,0,amesocfo.pdf
0,0,1,1,20,20,4,0,0,31.5830078125,0,0,1,1,1,1,1,1,20,1,1,34,0,0,20,13,0,0,66fr63920.pdf
0,0,2,2,154,154,27,0,0,153.654296875,0,1,5,2,2,1,7,1,54,1,1,78,1,6,154,9,0,0,i4684.pdf
0,0,3,4,44,44,24,0,0,64.197265625,0,0,5,6,3,2,5,4,27,2,4,36,2,0,44,26,0,0,rtrptestspecifications.pdf
0,0,3,4,113,113,15,0,0,57.87890625,0,0,6,6,3,2,12,4,191,2,4,62,2,29,113,27,0,0,appendix_c_instructions.pdf
0,0,1,1,21,21,2,0,0,19.99609375,0,0,2,1,1,1,2,1,14,1,1,29,0,0,21,13,0,0,64fr25374.pdf
0,0,2,2,32,32,8,0,0,16.4951171875,0,1,4,2,2,1,4,1,17,1,1,47,1,0,32,11,0,0,n-11-48.pdf
0,0,2,2,11,11,3,0,0,29.0810546875,0,1,1,2,2,1,1,2,4,1,1,0,0,0,11,12,1,0,avmsftwr.pdf
0,0,2,2,42,42,10,0,0,134.7060546875,0,1,4,2,2,1,4,1,32,1,1,52,1,0,42,11,0,0,ar-1896.pdf
0,0,3,3,148,148,30,0,0,266.2822265625,0,0,1,3,3,2,2,2,111,2,2,81,2,2,148,20,0,0,antenna_software.pdf
0,0,2,2,60,60,16,0,0,30.51953125,0,1,14,2,2,1,14,2,13,1,1,28,0,0,60,11,0,0,n-99-50.pdf
0,0,2,2,219,219,13,1,0,93.42578125,0,1,6,2,2,1,6,2,196,1,1,38,1,0,219,11,0,0,a-02-87.pdf
0,0,4,0,88,88,79,0,0,99.5009765625,0,0,4,5,4,0,26,4,55,0,4,18,3,0,88,9,0,0,f8610.pdf
0,0,2,2,27,27,6,0,0,10.9677734375,0,1,4,2,2,1,4,1,13,1,1,34,1,0,27,12,0,0,rr-07-09.pdf
1,2,2,2,680,680,82,0,0,177.578125,0,1,4,2,2,1,52,24,792,1,1,115,1,110,680,20,0,1,f8282_accessible.pdf
0,0,1,1,6,6,2,0,0,77.619140625,0,0,1,1,1,1,1,0,2,1,1,1,0,0,6,11,1,0,atofinc.pdf
0,0,2,0,48,48,42,0,0,77.8369140625,0,1,4,2,2,0,4,2,14,0,2,4,1,0,48,10,0,0,92appi.pdf
0,0,1,1,6,6,2,0,0,73.16015625,0,0,1,1,1,1,1,0,2,1,1,1,0,0,6,12,1,0,cinergym.pdf
0,0,3,0,51,51,45,0,0,67.2431640625,0,0,2,3,3,0,2,3,24,0,3,2,1,0,51,20,0,0,f1138_accessible.pdf
0,0,1,1,6,6,2,0,0,77.138671875,0,0,1,1,1,1,1,0,2,1,1,1,0,0,6,12,1,0,brldgent.pdf
0,0,2,2,12,12,4,0,0,17.0234375,0,1,1,2,2,1,1,2,5,1,1,0,1,0,12,12,1,0,chatelmi.pdf
0,0,2,0,77,77,58,0,0,331.8447265625,0,1,17,2,2,0,17,2,59,0,2,17,1,0,77,31,0,0,DV_2013_French_Instructions.pdf
0,0,2,2,12,12,4,0,0,22.095703125,0,1,1,2,2,1,1,2,5,1,1,0,1,0,12,12,1,0,albuqrqe.pdf
0,0,2,2,306,306,51,0,0,248.4873046875,0,1,16,2,2,1,25,1,101,1,1,235,1,4,306,11,0,0,i8582cr.pdf
0,0,2,2,120,120,16,1,0,76.6611328125,0,1,4,2,2,1,4,2,99,1,1,20,1,0,120,11,0,0,n-03-22.pdf
0,0,3,0,110,110,104,0,0,98.8603515625,0,0,2,3,3,0,59,3,79,0,3,21,1,0,110,22,0,0,f1120sf_accessible.pdf
0,0,2,2,32,32,7,0,0,17.0263671875,0,1,2,3,2,1,2,1,35,1,1,42,1,3,32,11,0,0,a-10-20.pdf
0,0,1,1,242,242,29,0,0,238.798828125,0,0,28,1,1,1,28,1,92,1,1,245,0,0,242,12,0,0,irb96-13.pdf
0,0,2,2,42,42,11,0,0,20.3896484375,0,1,9,2,2,1,9,1,13,1,1,39,1,0,42,12,0,0,rr-07-37.pdf
0,0,2,2,34,34,10,0,0,19.4482421875,0,1,2,2,2,0,2,2,13,0,1,25,0,0,34,12,0,0,63fr1926.pdf
0,0,1,1,6,6,2,0,0,78.1181640625,0,0,1,1,1,1,1,0,2,1,1,1,0,0,6,11,1,0,aebnllc.pdf
0,0,3,0,72,72,61,0,0,147.77734375,0,0,7,3,3,0,6,3,29,0,3,6,1,0,72,11,0,0,f1041es.pdf
0,0,1,1,6,6,2,0,0,77.56640625,0,0,1,1,1,1,1,0,2,1,1,1,0,0,6,10,1,0,ccbill.pdf
1,1,3,3,90,90,15,0,0,44.4169921875,0,0,2,3,3,2,12,2,65,2,2,49,2,33,90,11,0,1,f12339a.pdf
0,0,2,2,54,54,12,0,0,46.923828125,0,1,9,2,2,1,9,2,18,1,1,34,1,0,54,12,0,0,051nfais.pdf
0,0,2,2,160,160,17,1,0,57.5341796875,0,1,3,2,2,1,3,2,130,1,1,35,1,0,160,11,0,0,n-02-43.pdf
0,0,2,2,26,26,14,0,0,101.3427734375,0,1,1,2,2,1,2,1,25,1,1,5,1,0,26,12,0,0,aparther.pdf
0,0,1,1,6,6,2,0,0,78.85546875,0,0,1,1,1,1,1,0,2,1,1,1,0,0,6,13,1,0,cadmancor.pdf
0,0,2,2,35,35,8,0,0,22.357421875,0,1,5,3,2,1,5,1,16,2,1,15,1,0,35,12,0,0,rp-10-46.pdf
0,0,2,2,87,87,20,0,0,68.0791015625,0,0,7,2,2,1,7,2,49,1,1,47,1,9,87,12,0,0,67fr5761.pdf
0,0,2,2,54,54,15,0,0,42.533203125,0,1,13,2,2,1,13,1,11,1,1,33,1,0,54,12,0,0,rr-07-41.pdf
0,0,2,2,153,153,43,0,0,124.3505859375,0,1,6,3,2,1,27,2,201,1,1,127,1,60,153,12,0,0,f1099ptr.pdf
0,0,2,2,89,89,56,0,0,197.822265625,0,1,3,3,2,1,3,1,60,1,1,82,1,0,89,17,0,0,cp22a_chinese.pdf
0,0,2,2,536,536,34,0,0,363.8369140625,0,1,20,2,2,1,20,1,48,1,1,81,1,8,536,12,0,0,irb12-07.pdf
0,0,2,2,11,11,3,0,0,24.9208984375,0,1,1,2,2,1,1,2,4,1,1,0,0,0,11,12,1,0,acssline.pdf
0,0,2,2,22,22,5,0,0,10.8359375,0,1,3,2,2,1,3,2,10,1,1,11,0,0,22,10,0,0,a99-98.pdf
0,0,3,0,50,50,45,0,0,64.8701171875,0,0,1,3,3,0,7,3,28,0,3,3,1,0,50,20,0,0,f8828_accessible.pdf
0,0,2,2,93,93,25,0,0,45.287109375,0,1,23,2,2,1,23,2,18,1,1,65,1,0,93,11,0,0,042301f.pdf
0,0,1,1,6,6,2,0,0,89.0908203125,0,0,1,1,1,1,1,0,2,1,1,1,0,0,6,11,1,0,animoto.pdf
0,0,1,1,9,9,4,0,0,25.3447265625,0,0,1,1,1,1,1,1,11,1,1,0,1,0,9,13,1,0,ceienteri.pdf
0,0,2,2,61,61,24,0,0,58.7724609375,0,1,5,2,2,1,5,1,39,1,1,61,1,0,61,9,0,0,i706d.pdf
0,0,3,0,62,62,56,0,0,78.53125,0,0,2,3,3,0,11,3,34,0,3,5,1,0,62,20,0,0,f8889_accessible.pdf
0,0,2,2,18,18,4,0,0,10.734375,0,1,1,2,2,1,1,1,11,1,1,21,1,0,18,17,0,0,05co1120sfigf.pdf
0,0,2,2,11,11,3,0,0,31.341796875,0,1,1,2,2,1,1,2,4,1,1,0,0,0,11,12,1,0,castlntc.pdf
0,0,2,2,32,32,20,0,0,95.7861328125,0,1,1,2,2,1,2,1,31,1,1,5,1,0,32,12,0,0,blackbau.pdf
0,0,2,2,42,42,16,0,0,40.7724609375,0,1,6,3,2,1,6,1,38,1,1,44,1,1,42,13,0,0,afoia-pia.pdf
0,0,1,1,21,21,4,0,0,11.0849609375,0,0,4,1,1,1,4,1,7,1,1,10,0,0,21,11,0,0,a-98-73.pdf
0,0,2,2,81,81,7,1,0,51.3447265625,0,1,2,2,2,1,2,2,79,1,1,18,1,0,81,12,0,0,rp-03-66.pdf
0,0,2,2,11,11,3,0,0,22.7236328125,0,1,1,2,2,1,1,2,4,1,1,0,0,0,11,12,1,0,altriocm.pdf
0,0,2,2,245,245,35,0,0,187.5234375,0,1,6,2,2,1,13,1,97,1,1,112,1,17,245,12,0,0,iw3pr_11.pdf
0,0,2,2,25,25,8,0,0,14.6044921875,0,1,1,3,2,1,1,1,21,1,1,39,1,0,25,51,0,0,small_business_health_care_tax_credit_scenarios.pdf
0,0,2,2,87,87,37,0,0,157.2841796875,0,1,13,3,2,1,13,1,47,1,1,117,1,0,87,11,0,0,a-04-59.pdf
0,0,2,2,49,49,14,0,0,25.904296875,0,1,11,2,2,1,11,1,13,1,1,29,1,0,49,11,0,0,n-08-60.pdf
0,0,2,0,32,32,29,0,0,151.5556640625,0,1,1,2,2,0,2,2,10,0,2,1,1,0,32,13,0,0,causecast.pdf
0,0,1,1,6,6,2,0,0,84.6962890625,0,0,1,1,1,1,1,0,2,1,1,1,0,0,6,14,1,0,colincmycb.pdf
0,0,2,2,38,38,10,0,0,19.009765625,0,1,5,2,2,1,5,2,15,1,1,26,1,0,38,7,0,0,209.pdf
0,0,2,2,29,29,17,0,0,95.5361328125,0,1,1,2,2,1,2,1,30,1,1,5,1,0,29,16,0,0,amerisociety.pdf
0,0,2,2,65,65,23,0,0,46.2421875,0,1,17,3,2,1,17,1,48,1,1,37,1,3,65,11,0,0,n-08-36.pdf
0,0,1,1,6,6,2,0,0,78.3994140625,0,0,1,1,1,1,1,0,2,1,1,1,0,0,6,12,1,0,alichfam.pdf
0,0,1,1,6,6,2,0,0,81.2275390625,0,0,1,1,1,1,1,0,2,1,1,1,0,0,6,12,1,0,cnsldtco.pdf
0,0,1,1,6,6,2,0,0,79.5224609375,0,0,1,1,1,1,1,0,2,1,1,1,0,0,6,12,1,0,alberinc.pdf
0,0,2,0,50,50,45,0,0,305.7255859375,0,1,3,2,2,0,4,2,16,0,2,3,1,0,50,19,0,0,adv_mag_publish.pdf
0,0,2,2,43,43,16,0,0,41.1845703125,0,1,5,3,2,1,5,1,41,1,1,61,1,1,43,13,0,0,a-cis-pia.pdf
0,0,4,6,77,77,35,0,0,103.1376953125,0,0,18,9,4,3,22,7,51,3,7,62,3,0,77,31,0,0,epcrs_phoneforum_transcript.pdf
0,0,2,2,11,11,3,0,0,23.9150390625,0,1,1,2,2,1,1,2,4,1,1,0,0,0,11,12,1,0,austpacf.pdf
0,0,1,1,43,43,9,0,0,30.9619140625,0,0,9,1,1,1,9,1,18,1,1,44,0,0,43,14,0,0,bloomquist.pdf
0,0,2,2,11,11,3,0,0,34.005859375,0,1,1,2,2,1,1,2,4,1,1,0,0,0,11,12,1,0,colgateu.pdf
0,0,2,2,287,287,8,1,0,50.0546875,0,1,4,2,2,1,4,2,195,1,1,14,1,0,287,12,0,0,rr-02-61.pdf
0,0,1,1,6,6,2,0,0,85.4482421875,0,0,1,1,1,1,1,0,2,1,1,1,0,0,6,8,1,0,allr.pdf
0,0,2,2,42,42,17,0,0,23.8876953125,0,1,4,2,2,1,5,1,17,1,1,29,1,0,42,11,0,0,084101f.pdf
0,0,2,2,11,11,3,0,0,23.48828125,0,1,1,2,2,1,1,2,4,1,1,0,0,0,11,12,1,0,cainarts.pdf
0,0,2,2,43,43,14,0,0,27.462890625,0,1,9,3,2,1,9,1,38,1,1,29,1,3,43,11,0,0,n-09-78.pdf
0,0,2,2,16,16,5,1,0,10.9072265625,0,1,1,3,2,1,1,1,15,1,1,11,1,0,16,9,0,0,blake.pdf
0,0,1,1,6,6,2,0,0,84.396484375,0,0,1,1,1,1,1,0,2,1,1,1,0,0,6,12,1,0,bstmedia.pdf
0,0,1,1,23,23,6,0,0,26.04296875,0,0,1,1,1,1,1,1,21,1,1,41,0,0,23,13,0,0,69fr13127.pdf
0,0,1,1,38,38,10,0,0,19.5,0,0,10,1,1,1,10,1,6,1,1,14,0,0,38,11,0,0,rr-98-8.pdf
0,0,2,2,38,38,11,0,0,26.08203125,0,1,6,2,2,1,6,1,15,1,1,39,1,0,38,11,0,0,n-07-08.pdf
0,0,2,2,37,37,11,1,0,13.3896484375,0,1,2,2,2,1,2,2,12,1,1,24,0,0,37,11,0,0,a-00-71.pdf
0,0,1,1,52,52,12,0,0,121.5673828125,0,0,1,1,1,1,1,1,31,1,1,46,2,0,52,15,0,0,082005-lore.pdf
0,0,2,0,34,34,31,0,0,195.5517578125,0,1,1,2,2,0,2,2,9,0,2,1,1,0,34,18,0,0,cm_productions.pdf
0,0,2,2,38,38,20,0,0,91.96484375,0,1,3,2,2,1,4,1,41,1,1,5,1,0,38,11,0,0,confirm.pdf
0,0,2,2,29,29,8,0,0,19.1669921875,0,1,3,3,2,1,3,1,17,1,1,23,1,0,29,12,0,0,rr-04-76.pdf
0,0,3,0,120,120,112,0,0,149.7451171875,0,0,4,3,3,0,52,3,75,0,3,20,1,0,120,9,0,0,f1066.pdf
0,0,3,3,177,177,28,0,0,223.859375,0,0,1,3,3,2,2,2,145,2,2,70,2,0,177,31,0,0,central_oregon_comm_college.pdf
0,0,2,2,27,27,10,0,0,20.732421875,0,1,4,3,2,1,4,1,21,1,1,35,1,0,27,12,0,0,rr-10-12.pdf
0,0,2,2,26,26,14,0,0,90.650390625,0,1,1,2,2,1,2,1,25,1,1,5,1,0,26,10,0,0,8x8inc.pdf
0,0,2,2,34,34,22,0,0,82.29296875,0,1,1,2,2,1,2,1,35,1,1,5,1,0,34,13,0,0,blujaycom.pdf
0,0,2,2,38,38,10,0,0,23.0029296875,0,1,7,2,2,1,7,1,15,1,1,40,1,0,38,33,0,0,us-swiss_government_agreement.pdf
0,0,5,7,197,197,61,0,0,145.5732421875,0,0,2,8,5,4,27,7,272,4,6,143,4,88,196,12,0,0,fw4sp_11.pdf
0,0,2,2,28,28,16,0,0,85.39453125,0,1,1,2,2,1,2,1,27,1,1,5,1,0,28,12,0,0,amercoas.pdf
0,0,3,0,67,67,61,0,0,106.8408203125,0,0,2,3,3,0,8,3,32,0,3,4,1,0,67,20,0,0,f5329_accessible.pdf
0,0,1,1,53,53,11,0,0,36.0224609375,0,0,11,1,1,1,11,1,25,1,1,60,0,0,53,11,0,0,1436_00.pdf
0,0,4,4,43,43,10,3,0,61.2255859375,0,0,1,4,4,4,2,4,47,4,4,42,3,0,43,13,0,0,74fr17884.pdf
0,0,2,2,43,43,16,0,0,32.5869140625,0,1,12,3,2,1,12,1,28,1,1,32,1,0,43,12,0,0,rp-06-14.pdf
0,0,4,0,47,47,38,0,0,58.166015625,0,0,5,4,4,0,0,4,17,0,4,6,3,0,47,16,0,0,VAScontracts.pdf
0,0,1,2,245,245,64,0,0,360.599609375,0,0,17,9,1,1,17,2,247,1,2,169,1,22,245,29,0,0,rtrpcandidateinfobulletin.pdf
0,0,2,2,38,38,17,0,0,50.796875,0,1,1,2,2,1,1,1,36,1,1,49,1,0,38,30,0,0,pdf_fed_register_1_28_2010.pdf
0,0,3,4,150,150,45,0,0,103.3671875,0,0,13,6,3,2,14,4,118,2,4,92,2,3,150,25,0,0,fy_2012_itg_work_plan.pdf
0,0,2,2,22,22,5,0,0,11.189453125,0,1,3,2,2,1,3,1,11,1,1,23,1,0,22,12,0,0,130b6109.pdf
0,0,3,0,102,102,96,0,0,123.8037109375,0,0,2,3,3,0,41,3,64,0,3,15,1,0,102,22,0,0,f1040sf_accessible.pdf
0,0,2,2,619,619,45,0,0,267.8291015625,0,1,20,2,2,1,24,1,309,1,1,106,1,215,619,10,0,0,i1099r.pdf
0,0,2,2,64,64,19,0,0,49.796875,0,1,14,2,2,1,14,1,15,1,1,47,1,0,64,11,0,0,n-07-22.pdf
0,0,1,1,6,6,2,0,0,74.1640625,0,0,1,1,1,1,1,0,2,1,1,1,0,0,6,12,1,0,commcorp.pdf
0,0,2,2,26,26,14,0,0,84.294921875,0,1,1,2,2,1,2,1,25,1,1,5,1,0,26,14,0,0,comforcamp.pdf
0,0,2,2,43,43,10,0,0,139.224609375,0,1,4,2,2,1,4,1,33,1,1,54,1,0,43,11,0,0,ar-1879.pdf
0,0,3,4,216,216,63,0,0,128.921875,0,0,2,4,3,2,29,3,259,2,2,167,2,82,215,10,0,0,f943pr.pdf
0,0,2,2,65,65,6,1,0,49.666015625,0,1,1,2,2,1,1,2,65,1,1,17,1,0,65,10,0,0,n-03-7.pdf
0,0,2,2,91,91,27,0,0,86.978515625,0,1,22,3,2,1,22,1,45,2,1,75,1,6,91,11,0,0,n-11-36.pdf
0,0,3,0,45,45,33,0,0,298.09375,0,0,1,3,3,0,3,3,18,0,3,14,2,0,45,19,0,0,automaticforums.pdf
0,0,2,2,27,27,15,0,0,85.6923828125,0,1,1,2,2,1,3,1,26,1,1,5,1,0,27,13,0,0,centproam.pdf
0,0,3,4,36,36,8,0,0,21.201171875,0,0,1,6,3,2,2,4,53,2,4,22,2,6,36,36,0,0,distributions_phoneforum_handout.pdf
0,0,3,0,71,71,63,0,0,145.296875,0,0,4,3,3,0,17,3,42,0,3,11,1,0,71,20,0,0,f8814_accessible.pdf
0,0,1,1,6,6,2,0,0,76.240234375,0,0,1,1,1,1,1,0,2,1,1,1,0,0,6,11,1,0,bauhaus.pdf
0,0,2,2,27,27,6,0,0,76.640625,0,0,2,3,2,1,2,3,24,1,3,37,0,1,27,52,0,0,American_Association_of_Independent_Music_(A2IM).pdf
0,0,3,0,59,59,53,0,0,78.8125,0,0,2,3,3,0,14,3,36,0,3,6,1,0,59,20,0,0,f4361_accessible.pdf
0,0,2,2,123,123,18,0,0,150.8974609375,0,1,1,2,2,1,2,1,102,1,1,31,1,4,123,16,0,0,avos_systems.pdf
0,0,2,2,75,75,7,1,0,59.1044921875,0,1,1,2,2,1,1,2,72,1,1,25,1,0,75,11,0,0,n-04-32.pdf
0,0,2,2,35,35,8,0,0,28.171875,0,1,4,2,2,1,4,1,21,1,1,63,1,0,35,18,0,0,notice_2009-77.pdf
0,0,2,2,334,334,17,1,0,87.634765625,0,1,5,2,2,1,5,2,202,1,1,21,1,0,334,12,0,0,rr-02-38.pdf
0,0,2,2,222,222,31,0,0,158.0625,0,1,8,2,2,1,11,1,60,1,1,82,1,8,222,10,0,0,i1099b.pdf
0,0,2,2,798,798,49,0,0,237.68359375,0,0,39,2,2,3,44,2,878,3,2,50,2,45,798,8,0,0,limo.pdf
0,0,2,2,73,73,21,0,0,35.5302734375,0,1,17,2,2,1,17,1,18,1,1,55,1,0,73,12,0,0,rr-12-16.pdf
0,0,2,0,81,81,63,0,0,390.1298828125,0,1,16,2,2,0,17,2,59,0,2,16,1,0,81,33,0,0,DV_2013_instructions_Romanian.pdf
0,0,3,3,91,91,50,1,0,364.126953125,0,0,4,5,3,2,4,2,71,2,2,127,8,0,91,9,0,0,p4900.pdf
0,0,2,2,57,57,26,0,0,98.7041015625,0,1,2,3,2,1,2,1,39,1,1,86,2,0,57,17,0,0,cp130_english.pdf
0,0,2,2,30,30,9,0,0,57.052734375,0,1,5,2,2,1,5,2,9,1,1,13,1,0,30,12,0,0,rr-03-81.pdf
0,0,2,2,48,48,15,0,0,50.080078125,0,1,3,2,2,1,3,1,36,1,1,38,1,6,48,12,0,0,67fr4472.pdf
0,0,3,0,46,46,34,0,0,289.8212890625,0,0,1,3,3,0,3,3,18,0,3,14,2,0,46,13,0,0,amaru_ent.pdf
0,0,2,2,23,23,8,0,0,14.66015625,0,1,4,3,2,1,4,1,17,1,1,14,1,0,23,11,0,0,n-05-24.pdf
0,0,2,2,87,87,25,0,0,34.6201171875,0,1,23,2,2,1,23,1,13,1,1,53,1,0,87,12,0,0,rp-08-11.pdf
0,0,2,2,108,108,15,0,0,58.0,0,1,3,2,2,1,3,2,51,1,1,41,1,7,108,12,0,0,67fr2912.pdf
0,0,2,2,86,86,30,0,0,160.52734375,0,1,8,2,2,1,8,1,42,1,1,127,1,0,86,15,0,0,07rppsweber.pdf
2,3,1,2,195,195,83,0,0,226.3173828125,0,0,1,3,1,1,56,3,209,1,2,58,1,55,195,20,0,1,f5735_accessible.pdf
0,0,1,1,12,12,6,0,0,3.9306640625,0,0,2,1,1,1,2,1,9,1,1,4,0,0,12,27,1,0,purepdf_pdfptableimages.pdf
0,0,2,2,56,56,17,0,0,59.7646484375,0,1,12,2,2,1,12,2,11,1,1,28,1,0,56,11,0,0,n-03-67.pdf
0,0,2,2,25,25,6,0,0,14.677734375,0,1,4,2,2,1,4,1,11,1,1,24,1,0,25,11,0,0,n-09-38.pdf
0,0,3,4,142,142,41,0,0,79.654296875,0,0,5,4,3,2,26,3,131,2,2,75,2,48,141,10,0,0,f8288a.pdf
0,0,2,2,16,16,5,0,0,38.21484375,0,1,2,2,2,1,2,2,5,1,1,0,0,0,16,12,0,0,bookspan.pdf
0,0,2,2,62,62,8,1,0,46.7392578125,0,1,3,2,2,1,3,2,57,1,1,19,1,0,62,11,0,0,n-02-24.pdf
0,0,1,1,6,6,2,0,0,81.28515625,0,0,1,1,1,1,1,0,2,1,1,1,0,0,6,12,1,0,cobusclb.pdf
0,0,2,2,94,94,55,0,0,46.3974609375,0,1,7,2,2,1,10,1,20,1,1,40,1,0,94,13,0,0,20071101f.pdf
0,0,4,0,48,48,41,0,0,65.90234375,0,0,2,5,4,0,3,4,29,0,4,3,3,0,48,9,0,0,f8932.pdf
0,0,1,1,6,6,2,0,0,85.75,0,0,1,1,1,1,1,0,2,1,1,1,0,0,6,10,1,0,blprod.pdf
0,0,2,2,56,56,17,0,0,44.310546875,0,1,13,3,2,1,13,1,23,2,1,43,1,2,56,11,0,0,n-11-44.pdf
0,0,3,0,161,161,153,0,0,136.322265625,0,0,4,3,3,0,100,3,127,0,3,36,1,0,161,8,0,0,fw12.pdf
0,0,2,2,36,36,8,0,0,32.5224609375,0,1,4,2,2,1,4,1,19,1,1,65,1,0,36,12,0,0,n-07-101.pdf
0,0,2,2,27,27,9,0,0,18.904296875,0,1,5,3,2,1,5,1,20,1,1,25,1,0,27,11,0,0,n-05-47.pdf
0,0,1,1,201,201,57,0,0,344.3486328125,0,0,46,1,1,1,46,1,37,1,1,117,0,0,201,22,0,0,eitc_effectiveness.pdf
0,0,2,2,224,224,17,1,0,87.33203125,0,1,3,2,2,1,3,2,164,1,1,35,1,0,224,12,0,0,rr-02-55.pdf
0,0,2,2,176,176,52,0,0,122.5830078125,0,1,45,2,2,1,45,1,29,1,1,145,1,0,176,11,0,0,n-09-23.pdf
0,0,1,1,7,7,1,0,0,1.181640625,0,0,1,1,1,1,1,1,2,1,1,0,0,0,7,24,1,0,purepdf_graphicstate.pdf
0,0,2,2,32,32,8,0,0,22.9560546875,0,1,4,2,2,1,4,1,15,1,1,45,1,0,32,11,0,0,n-09-28.pdf
0,0,1,1,6,6,2,0,0,85.3330078125,0,0,1,1,1,1,1,0,2,1,1,1,0,0,6,12,1,0,cantonsd.pdf
0,0,3,0,44,44,38,0,0,66.9599609375,0,0,2,4,3,0,2,3,25,0,3,2,2,0,44,11,0,0,f1120sh.pdf
0,0,3,0,59,59,53,0,0,78.90234375,0,0,2,3,3,0,9,3,32,0,3,5,1,0,59,15,0,0,f4506--2012.pdf
0,0,3,0,99,99,91,0,0,150.6552734375,0,0,4,3,3,0,25,3,50,0,3,11,1,0,99,20,0,0,f1045_accessible.pdf
0,0,2,2,96,96,18,0,0,90.6220703125,0,1,1,2,2,1,2,1,69,1,1,24,1,1,96,23,0,0,american_university.pdf
0,0,2,2,66,66,34,0,0,58.9599609375,0,1,4,3,2,0,10,1,43,1,1,66,1,0,66,18,0,0,cp259h_english.pdf
0,0,2,2,39,39,10,1,0,19.25,0,1,9,2,2,1,9,2,9,1,1,23,0,0,39,10,0,0,n-01-2.pdf
0,0,3,3,67,67,26,0,0,37.2470703125,0,0,6,3,3,4,8,2,28,4,2,49,2,0,67,11,0,0,100902f.pdf
1,2,2,2,212,212,23,0,0,67.3115234375,0,1,2,2,2,1,2,29,229,1,1,51,1,27,212,20,0,1,f8916_accessible.pdf
0,0,2,2,59,59,17,0,0,136.384765625,0,1,4,2,2,1,6,2,20,1,1,39,0,2,59,13,0,0,65fr77330.pdf
0,0,2,2,116,116,76,0,0,127.3740234375,0,1,2,3,2,1,2,1,77,1,1,91,1,0,116,16,0,0,cp10_english.pdf
0,0,1,1,28,28,7,0,0,45.2041015625,0,0,1,1,1,1,1,1,29,1,1,55,0,0,28,13,0,0,69fr70377.pdf
1,1,3,0,209,209,201,0,0,179.0888671875,0,0,2,4,3,1,169,3,189,1,3,11,3,0,209,22,0,1,f1118sk_accessible.pdf
0,0,2,2,100,100,26,0,0,303.7216796875,0,1,12,2,2,1,12,1,74,1,1,128,1,0,100,11,0,0,ar-1996.pdf
0,0,1,1,36,36,7,0,0,38.4189453125,0,0,2,1,1,1,2,1,10,1,1,26,0,0,36,11,0,0,Chris_L.pdf
0,0,4,4,184,184,85,0,0,79.482421875,0,0,1,4,4,3,68,3,182,3,3,91,3,55,184,9,0,0,f8866.pdf
0,0,4,0,70,70,63,0,0,99.869140625,0,0,2,5,4,0,15,4,45,0,4,7,3,0,70,10,0,0,fw4_11.pdf
0,0,2,2,23,23,11,0,0,60.4140625,0,1,1,2,2,1,2,1,22,1,1,5,1,0,23,16,0,0,bigleabarinc.pdf
0,0,2,2,64,64,30,0,0,110.8837890625,0,1,3,3,2,1,3,1,44,1,1,95,3,0,64,16,0,0,cp08_english.pdf
0,0,1,1,6,6,2,0,0,87.255859375,0,0,1,1,1,1,1,0,2,1,1,1,0,0,6,11,1,0,areeinc.pdf
0,0,2,2,342,342,59,0,0,374.025390625,0,1,37,3,2,1,37,1,82,1,1,105,1,31,342,12,0,0,irb04-23.pdf
0,0,2,2,82,82,69,0,0,150.2724609375,0,1,2,2,2,1,3,1,90,1,1,5,1,0,82,13,0,0,arixmedia.pdf
0,0,4,0,101,101,92,0,0,130.7431640625,0,0,4,5,4,0,26,4,56,0,4,18,3,0,101,9,0,0,f1045.pdf
0,0,2,2,27,27,8,0,0,40.9423828125,0,1,3,2,2,1,3,2,11,1,1,19,1,0,27,12,0,0,rr-04-54.pdf
0,0,2,2,12,12,4,0,0,17.060546875,0,1,1,2,2,1,1,2,5,1,1,0,1,0,12,11,1,0,charrmg.pdf
0,0,1,1,6,6,2,0,0,73.90234375,0,0,1,1,1,1,1,0,2,1,1,1,0,0,6,15,1,0,berelcpress.pdf
0,0,2,2,1024,1024,21,1,0,173.8759765625,0,1,8,2,2,1,8,2,516,1,1,32,1,0,1024,12,0,0,rr-04-43.pdf
0,0,2,2,130,130,92,0,0,82.7734375,0,1,4,3,2,1,4,1,87,1,1,70,1,0,130,17,0,0,cp503_spanish.pdf
0,0,2,2,27,27,16,0,0,77.451171875,0,1,1,2,2,0,2,1,19,1,1,5,1,0,27,12,0,0,chatango.pdf
0,0,2,2,44,44,18,0,0,41.0400390625,0,1,6,3,2,1,6,1,40,1,1,42,1,1,44,16,0,0,intl-nsa-pia.pdf
0,0,2,2,46,46,23,0,0,55.7197265625,0,1,12,3,2,1,12,1,27,1,1,20,1,0,46,35,0,0,td_9486_indoor_tanning_services.pdf
0,0,2,2,48,48,18,0,0,36.2138671875,0,1,13,3,2,1,13,1,31,1,1,43,1,0,48,11,0,0,n-09-54.pdf
0,0,1,1,50,50,13,0,0,20.283203125,0,0,13,1,1,1,13,1,7,1,1,19,0,0,50,12,0,0,not97-66.pdf
0,0,2,2,45,45,10,0,0,126.1865234375,0,1,4,2,2,1,4,1,35,1,1,58,1,0,45,11,0,0,ar-1935.pdf
0,0,2,2,11,11,3,0,0,24.291015625,0,1,1,2,2,1,1,2,4,1,1,0,0,0,11,10,1,0,brimic.pdf
0,0,2,2,84,84,31,0,0,296.0810546875,0,1,3,3,2,1,3,2,70,1,1,85,1,12,84,11,0,0,phs6031.pdf
0,0,1,1,6,6,2,0,0,77.587890625,0,0,1,1,1,1,1,0,2,1,1,1,0,0,6,12,1,0,acamsllc.pdf
0,0,1,1,6,6,2,0,0,84.0244140625,0,0,1,1,1,1,1,0,2,1,1,1,0,0,6,12,1,0,amrcnint.pdf
0,0,1,1,27,27,16,0,0,345.0732421875,0,0,4,1,1,1,4,1,9,1,1,0,0,0,27,11,0,0,1233019.pdf
0,0,2,2,117,117,38,0,0,255.9296875,0,1,1,3,2,1,3,1,130,1,1,106,3,15,117,21,0,0,07eocharitiessnap.pdf
0,0,2,2,146,146,104,0,0,85.0224609375,0,1,4,3,2,1,4,1,95,1,1,70,1,0,146,17,0,0,cp501_spanish.pdf
0,0,2,2,11,11,3,0,0,27.63671875,0,1,1,2,2,1,1,2,4,1,1,0,0,0,11,11,1,0,calconn.pdf
0,0,3,0,81,81,73,0,0,90.5654296875,0,0,4,3,3,0,28,3,49,0,3,12,1,0,81,20,0,0,f8805_accessible.pdf
0,0,2,2,47,47,5,0,0,42.279296875,0,0,1,3,2,1,1,3,85,1,3,28,0,23,47,12,0,0,OER_main.pdf
0,0,2,2,11,11,3,0,0,15.2314453125,0,1,1,2,2,1,1,2,4,1,1,0,0,0,11,10,1,0,beenti.pdf
0,0,1,1,37,37,8,0,0,25.345703125,0,0,6,1,1,1,8,1,9,1,1,20,0,0,37,12,0,0,an97-111.pdf
0,0,1,1,6,6,2,0,0,56.3525390625,0,0,1,1,1,1,1,0,2,1,1,1,0,0,6,13,1,0,advanstar.pdf
0,0,2,2,80,80,25,0,0,112.7021484375,0,1,16,2,2,1,16,2,19,1,1,64,1,0,80,12,0,0,rp-04-18.pdf
0,0,2,2,22,22,10,0,0,74.859375,0,1,1,2,2,1,2,1,23,1,1,5,1,0,22,15,0,0,coastsearch.pdf
0,0,2,2,23,23,11,0,0,69.896484375,0,1,1,2,2,1,2,1,22,1,1,5,1,0,23,12,0,0,amusecom.pdf
0,0,2,2,12,12,4,0,0,17.4697265625,0,1,1,2,2,1,1,2,5,1,1,0,1,0,12,13,1,0,callan_di.pdf
0,0,1,1,32,32,8,0,0,47.8369140625,0,0,4,1,1,1,4,1,22,1,1,39,0,0,32,13,0,0,67fr59573.pdf
1,1,3,3,68,68,15,0,0,70.1455078125,0,0,2,3,3,2,2,2,55,2,2,23,2,26,68,10,0,1,f13632.pdf
0,0,2,2,31,31,19,0,0,87.5205078125,0,1,1,2,2,1,2,1,32,1,1,5,1,0,31,15,0,0,constantllc.pdf
0,0,2,2,62,62,19,1,0,128.7978515625,0,1,9,2,2,1,2,1,36,1,1,44,1,7,62,19,0,0,2-malini-aisola.pdf
0,0,2,2,21,21,6,0,0,43.8212890625,0,1,1,2,2,1,1,2,11,1,1,17,1,0,21,11,0,0,n-03-48.pdf
0,0,2,2,191,191,27,0,0,156.0693359375,0,1,5,2,2,1,9,1,60,1,1,78,1,9,191,9,0,0,i8857.pdf
0,0,2,2,108,108,26,0,0,118.9814453125,0,1,2,2,2,1,5,1,52,1,1,84,1,2,108,15,0,0,i1099ltc_11.pdf
0,0,2,2,36,36,9,0,0,17.744140625,0,1,7,2,2,1,7,1,13,1,1,37,1,0,36,12,0,0,rr-07-03.pdf
0,0,2,2,477,477,25,1,0,200.1337890625,0,1,13,2,2,1,13,2,411,1,1,29,1,2,477,23,0,0,general_faqs_012006.pdf
0,0,2,2,261,261,35,1,0,141.5810546875,0,1,33,2,2,1,33,2,27,1,1,77,0,0,261,12,0,0,rp-01-56.pdf
0,0,2,2,24,24,6,0,0,13.5078125,0,1,3,2,2,1,3,1,11,1,1,23,1,0,24,11,0,0,n-11-54.pdf
0,0,1,1,6,6,2,0,0,83.6865234375,0,0,1,1,1,1,1,0,2,1,1,1,0,0,6,12,1,0,alloyonl.pdf
0,0,2,2,42,42,15,0,0,36.2412109375,0,1,5,3,2,1,5,1,38,1,1,53,1,1,42,15,0,0,title31-pia.pdf
0,0,1,1,6,6,2,0,0,75.0537109375,0,0,1,1,1,1,1,0,2,1,1,1,0,0,6,12,1,0,ccontact.pdf
0,0,2,2,85,85,50,0,0,190.125,0,1,2,3,2,1,2,1,59,1,1,111,1,0,85,18,0,0,cp276b_russian.pdf
0,0,1,0,26,26,18,0,0,224.140625,0,1,6,2,1,0,6,1,10,0,1,0,1,0,26,12,0,0,bmi-etal.pdf
0,0,2,0,107,107,101,0,0,142.4716796875,0,1,4,2,2,0,0,2,54,0,2,0,1,0,107,20,0,0,cp503_vietnamese.pdf
0,0,2,2,30,30,7,1,0,14.23828125,0,1,6,2,2,1,6,2,9,1,1,20,0,0,30,11,0,0,n-01-30.pdf
0,0,5,0,227,227,218,0,0,206.1728515625,0,0,2,5,5,0,181,5,193,0,5,14,4,0,227,11,0,0,f1118sk.pdf
0,0,1,1,6,6,2,0,0,74.8232421875,0,0,1,1,1,1,1,0,2,1,1,1,0,0,6,11,1,0,binwllc.pdf
0,0,2,2,11,11,3,0,0,26.9814453125,0,1,1,2,2,1,1,2,4,1,1,0,0,0,11,12,1,0,ballistc.pdf
0,0,2,2,429,429,39,0,0,237.515625,0,1,14,2,2,1,17,1,69,1,1,104,1,9,429,12,0,0,i1120ric.pdf
0,0,2,2,115,115,27,0,0,246.41796875,0,1,1,2,2,1,2,1,80,1,1,70,1,1,115,21,0,0,cordova_telephone.pdf
0,0,2,2,16,16,5,0,0,51.533203125,0,1,2,2,2,1,2,2,5,1,1,0,0,0,16,12,0,0,bufsabrs.pdf
0,0,3,4,218,218,57,0,0,134.3857421875,0,0,4,4,3,2,25,3,304,2,2,145,2,111,217,9,0,0,f4835.pdf
0,0,2,2,11,11,3,0,0,14.6796875,0,1,1,2,2,1,1,2,4,1,1,0,0,0,11,10,1,0,belmia.pdf
0,0,2,2,24,24,6,0,0,15.2060546875,0,1,3,3,2,1,3,1,13,2,1,23,1,0,24,11,0,0,n-11-46.pdf
0,0,1,1,6,6,2,0,0,74.9619140625,0,0,1,1,1,1,1,0,2,1,1,1,0,0,6,12,1,0,advcornt.pdf
0,0,2,2,61,61,19,0,0,64.0068359375,0,1,4,2,2,1,4,1,52,1,1,58,1,5,61,13,0,0,70fr61905.pdf
0,0,2,2,32,32,9,0,0,23.6171875,0,1,6,3,2,1,6,1,15,2,1,36,1,0,32,11,0,0,n-11-64.pdf
0,0,2,2,11,11,3,0,0,35.3037109375,0,1,1,2,2,1,1,2,4,1,1,0,0,0,11,12,1,0,clarnsvl.pdf
0,0,2,2,11,11,3,0,0,25.7275390625,0,1,1,2,2,1,1,2,4,1,1,0,0,0,11,9,1,0,conui.pdf
0,0,1,1,128,128,33,0,0,220.6259765625,0,0,33,1,1,1,33,1,26,1,1,89,0,0,128,11,0,0,eounrel.pdf
0,0,3,0,110,110,104,0,0,98.5009765625,0,0,2,3,3,0,59,3,79,0,3,21,1,0,110,11,0,0,f1120sf.pdf
0,0,2,2,127,127,21,0,0,172.3759765625,0,1,1,2,2,1,2,1,96,1,1,44,1,2,127,12,0,0,appdillo.pdf
0,0,2,2,120,120,21,0,0,201.099609375,0,1,1,2,2,1,2,1,89,1,1,45,1,4,120,18,0,0,bohemian_wrapp.pdf
2,3,1,1,298,298,93,0,0,250.5,0,0,1,1,1,1,70,11,311,1,1,96,1,37,298,21,0,1,f8886t_accessible.pdf
0,0,2,2,11,11,3,0,0,20.794921875,0,1,1,2,2,1,1,2,4,1,1,0,0,0,11,7,1,0,bns.pdf
0,0,2,2,11,11,3,0,0,25.4873046875,0,1,1,2,2,1,1,2,4,1,1,0,0,0,11,12,1,0,cableone.pdf
2,3,3,3,181,181,73,0,0,81.71484375,0,0,3,4,3,2,50,2,152,2,2,81,2,41,181,9,0,1,f8833.pdf
0,0,1,1,34,34,4,0,0,37.69921875,0,0,4,1,1,1,4,1,16,1,1,39,0,0,34,10,0,0,rp96-9.pdf
0,0,2,2,23,23,9,0,0,15.541015625,0,1,5,3,2,1,5,1,17,1,1,15,1,0,23,11,0,0,n-08-28.pdf
0,0,2,2,999,999,61,1,0,303.4814453125,0,1,54,2,2,1,54,2,644,1,1,86,1,2,999,13,0,0,149519-03.pdf
0,0,2,0,199,199,194,0,0,116.9208984375,0,0,3,2,2,1,150,2,170,1,2,90,2,0,199,10,0,0,f990sg.pdf
0,0,2,2,34,34,15,0,0,50.255859375,0,1,1,2,2,1,1,1,29,1,1,47,1,0,34,13,0,0,70fr47587.pdf
0,0,2,2,12,12,4,0,0,22.4765625,0,1,1,2,2,1,1,2,5,1,1,0,1,0,12,11,1,0,blugrav.pdf
0,0,2,2,69,69,18,0,0,56.9736328125,0,1,16,2,2,1,16,2,16,1,1,51,1,0,69,11,0,0,042901f.pdf
0,0,2,2,38,38,26,0,0,85.220703125,0,1,1,2,2,1,2,1,39,1,1,5,1,0,38,9,0,0,4lllc.pdf
0,0,2,2,301,301,35,0,0,198.28125,0,1,12,2,2,1,17,1,62,1,1,89,1,9,301,9,0,0,i941x.pdf
0,0,3,0,65,65,59,0,0,66.7998046875,0,0,2,3,3,0,20,3,40,0,3,8,1,0,65,9,0,0,f8850.pdf
0,0,3,3,182,182,92,0,0,80.58984375,0,0,1,4,3,2,67,2,171,2,2,115,2,36,182,10,0,0,fw8eci.pdf
0,0,2,2,33,33,8,0,0,22.12890625,0,1,6,2,2,1,6,1,13,1,1,36,1,0,33,11,0,0,n-08-55.pdf
0,0,2,2,37,37,18,0,0,106.6240234375,0,1,1,3,2,1,1,1,24,1,1,42,1,0,37,16,0,0,cp178_korean.pdf
0,0,2,2,29,29,8,0,0,13.4794921875,0,1,6,2,2,1,6,1,9,1,1,16,1,0,29,11,0,0,n-09-87.pdf
0,0,2,2,11,11,3,0,0,28.611328125,0,1,1,2,2,1,1,2,4,1,1,0,0,0,11,12,1,0,cldwtrbp.pdf
0,0,1,1,6,6,2,0,0,87.6181640625,0,0,1,1,1,1,1,0,2,1,1,1,0,0,6,12,1,0,collview.pdf
0,0,2,2,21,21,6,0,0,15.0419921875,0,1,2,3,2,1,2,1,18,1,1,32,1,0,21,11,0,0,n-05-46.pdf
0,0,2,2,11,11,3,0,0,29.4248046875,0,1,1,2,2,1,1,2,4,1,1,0,0,0,11,12,1,0,cooviinc.pdf
0,0,2,2,236,236,105,0,0,241.1865234375,0,1,34,4,2,1,70,1,50,1,1,92,1,0,236,12,0,0,02govbnd.pdf
0,0,2,2,37,37,11,0,0,20.2900390625,0,1,8,2,2,1,8,1,9,1,1,18,1,0,37,12,0,0,rp-05-68.pdf
0,0,2,2,212,212,74,0,0,258.9423828125,0,1,53,2,2,1,53,1,40,1,1,140,1,0,212,11,0,0,a-07-31.pdf
0,0,2,0,57,57,49,0,0,97.8193359375,0,1,6,2,2,0,6,2,16,0,2,6,1,0,57,10,0,0,92appb.pdf
0,0,3,0,40,40,35,0,0,150.5615234375,0,0,1,3,3,0,0,3,14,0,3,1,2,1,40,14,0,0,08inccsnap.pdf
0,0,2,0,97,97,92,0,0,186.2998046875,0,1,3,2,2,0,0,2,53,0,2,0,1,0,97,15,0,0,cp71_korean.pdf
0,0,2,2,34,34,10,0,0,19.296875,0,1,2,2,2,0,2,2,13,0,1,25,0,0,34,12,0,0,63fr3685.pdf
0,0,2,2,80,80,17,1,0,27.884765625,0,1,16,2,2,1,16,2,9,1,1,27,0,0,80,12,0,0,rr-01-48.pdf
0,0,2,2,27,27,8,0,0,54.9365234375,0,1,2,2,2,1,2,2,13,1,1,26,1,0,27,11,0,0,n-04-40.pdf
0,0,3,0,112,112,104,0,0,119.306640625,0,0,4,3,3,0,52,3,77,0,3,20,1,0,112,19,0,0,f940_accessible.pdf
0,0,2,2,29,29,17,0,0,85.1240234375,0,1,1,2,2,1,2,1,30,1,1,5,1,0,29,16,0,0,artisticwall.pdf
0,0,2,2,51,51,22,0,0,60.6943359375,0,1,7,3,2,1,7,1,44,1,1,54,1,1,51,11,0,0,cdw-pia.pdf
0,0,1,1,6,6,2,0,0,76.40625,0,0,1,1,1,1,1,0,2,1,1,1,0,0,6,12,1,0,bwhrsrch.pdf
0,0,3,0,73,73,67,0,0,85.69921875,0,0,2,3,3,0,26,3,46,0,3,10,1,0,73,21,0,0,f941sd_accessible.pdf
0,0,2,2,24,24,12,0,0,81.7880859375,0,1,1,2,2,1,2,1,23,1,1,5,1,0,24,12,0,0,bluecorn.pdf
0,0,2,2,25,25,13,0,0,84.296875,0,1,1,2,2,1,2,1,24,1,1,5,1,0,25,12,0,0,calohysc.pdf
0,0,2,2,58,58,22,0,0,56.3369140625,0,1,10,3,2,1,10,1,37,1,1,41,1,1,58,11,0,0,n-09-30.pdf
0,0,2,2,64,64,29,1,0,256.2626953125,0,1,9,2,2,1,9,1,108,2,1,33,1,0,64,24,0,0,ArtistsCoalition-brf.pdf
0,0,2,2,59,59,11,0,0,32.2529296875,0,1,8,2,2,1,8,1,31,1,1,73,1,2,59,26,0,0,arra-babs_qa_06-10_1.2.pdf
0,0,2,2,67,67,16,0,0,43.1162109375,0,1,13,3,2,1,13,1,23,2,1,33,1,0,67,12,0,0,rp-11-28.pdf
0,0,2,2,50,50,15,0,0,79.1591796875,0,1,11,2,2,1,11,2,9,1,1,19,1,0,50,12,0,0,rr-03-97.pdf
0,0,2,2,64,64,18,0,0,35.8544921875,0,1,15,2,2,1,15,1,13,1,1,45,1,0,64,11,0,0,n-10-71.pdf
0,0,2,2,35,35,23,0,0,96.712890625,0,1,1,2,2,1,2,1,36,1,1,5,1,0,35,11,0,0,bluducl.pdf
0,0,2,2,11,11,3,0,0,27.8876953125,0,1,1,2,2,1,1,2,4,1,1,0,0,0,11,12,1,0,alltelcm.pdf
0,0,2,2,27,27,15,0,0,74.5224609375,0,1,1,2,2,1,2,1,26,1,1,5,1,0,27,10,0,0,bonnco.pdf
0,0,2,2,38,38,11,0,0,23.775390625,0,1,7,3,2,1,7,1,32,1,1,47,1,1,38,11,0,0,n-08-82.pdf
0,0,3,0,91,91,85,0,0,89.96875,0,0,2,3,3,0,38,3,61,0,3,14,1,0,91,23,0,0,f1040sce_accessible.pdf
0,0,1,1,6,6,2,0,0,73.1220703125,0,0,1,1,1,1,1,0,2,1,1,1,0,0,6,12,1,0,cliqcomm.pdf
0,0,1,1,6,6,2,0,0,76.5107421875,0,0,1,1,1,1,1,0,2,1,1,1,0,0,6,12,1,0,artvertx.pdf
0,0,2,2,11,11,3,0,0,27.3603515625,0,1,1,2,2,1,1,2,4,1,1,0,0,0,11,11,1,0,altlink.pdf
0,0,2,0,19,19,15,0,0,22.2587890625,0,1,2,2,2,0,0,2,5,0,2,0,1,0,19,11,0,0,12-0037.pdf
0,0,2,2,193,193,31,0,0,160.771484375,0,1,5,2,2,1,9,1,77,1,1,99,1,12,193,9,0,0,i1042.pdf
0,0,1,1,6,6,2,0,0,78.2578125,0,0,1,1,1,1,1,0,2,1,1,1,0,0,6,12,1,0,austnunl.pdf
0,0,2,2,165,165,19,1,0,85.9892578125,0,1,13,2,2,1,13,2,116,1,1,37,1,0,165,12,0,0,rr-03-19.pdf
0,0,2,0,134,134,127,0,0,103.4990234375,0,0,3,3,2,0,87,2,106,0,2,59,1,0,134,11,0,0,f8554ep.pdf
0,1,3,3,827,827,414,0,0,384.77734375,0,0,6,3,3,2,398,2,797,2,2,94,2,366,827,9,0,0,f5330.pdf
1,2,4,4,375,375,73,0,0,114.9921875,0,0,2,5,4,3,47,31,440,3,3,90,3,41,375,19,0,1,f56f_accessible.pdf
0,0,2,2,193,193,29,0,0,137.7763671875,0,1,4,2,2,1,8,1,84,1,1,90,1,17,193,12,0,0,i1099div.pdf
0,0,2,2,106,106,45,0,0,92.5146484375,0,1,38,3,2,1,38,1,61,1,1,68,1,1,106,11,0,0,n-09-08.pdf
0,0,2,2,23,23,11,0,0,74.7939453125,0,1,1,2,2,1,2,1,22,1,1,5,1,0,23,15,0,0,actionyberg.pdf
0,0,2,2,18,18,5,0,0,30.607421875,0,1,1,2,2,1,1,2,9,1,1,9,1,0,18,11,0,0,a-04-08.pdf
0,0,2,2,32,32,18,0,0,82.591796875,0,1,2,2,2,1,3,1,35,1,1,5,1,0,32,12,0,0,comcastl.pdf
0,0,3,0,71,71,65,0,0,85.5087890625,0,0,2,3,3,0,20,3,45,0,3,8,1,0,71,21,0,0,f8453c_accessible.pdf
0,0,5,0,188,188,174,0,0,142.974609375,0,0,8,6,5,0,114,5,144,0,5,77,4,0,188,10,0,0,f1042s.pdf
0,0,3,0,54,54,38,0,0,68.603515625,0,0,13,3,3,1,0,3,7,1,3,0,2,0,54,11,0,0,111701f.pdf
0,0,1,1,6,6,1,0,0,0.931640625,0,0,1,1,1,0,1,0,2,0,0,3,0,0,6,8,1,0,test.pdf
1,2,2,2,225,225,32,0,0,71.9580078125,0,1,1,2,2,1,19,4,265,1,1,36,1,51,225,21,0,1,f13711_accessible.pdf
0,0,2,2,26,26,6,0,0,11.6337890625,0,1,2,3,2,1,2,1,19,1,1,12,1,0,26,12,0,0,rp-09-29.pdf
0,0,2,2,72,72,17,0,0,176.578125,0,0,2,2,2,2,7,2,64,2,2,69,1,2,72,12,0,0,76fr5213.pdf
0,0,1,1,6,6,2,0,0,74.1201171875,0,0,1,1,1,1,1,0,2,1,1,1,0,0,6,12,1,0,acpublis.pdf
0,0,2,0,34,34,31,0,0,199.9150390625,0,1,1,2,2,0,2,2,10,0,2,1,1,0,34,8,0,0,bobr.pdf
0,0,3,0,62,62,54,0,0,87.259765625,0,0,4,3,3,0,10,3,33,0,3,10,1,0,62,20,0,0,f6478_accessible.pdf
2,3,1,2,611,611,325,0,0,388.025390625,0,0,4,3,1,1,292,3,784,1,2,127,1,223,611,20,0,1,f1028_accessible.pdf
0,0,2,2,29,29,11,0,0,20.0849609375,0,1,7,3,2,1,7,1,21,1,1,17,1,0,29,11,0,0,n-08-61.pdf
0,0,2,2,463,463,22,1,0,163.2236328125,0,1,8,2,2,1,8,2,321,1,1,40,1,0,463,11,0,0,gentrac.pdf
0,0,1,1,6,6,2,0,0,90.1533203125,0,0,1,1,1,1,1,0,2,1,1,1,0,0,6,12,1,0,airplayn.pdf
0,0,2,2,54,54,24,0,0,53.8515625,0,1,6,3,2,1,6,1,37,1,1,70,1,1,54,11,0,0,ics-pia.pdf
0,0,2,2,39,39,10,0,0,39.0224609375,0,1,7,3,2,1,7,1,17,2,1,37,1,0,39,12,0,0,rp-11-19.pdf
0,0,2,2,143,143,62,0,0,165.662109375,0,1,48,3,2,1,48,1,71,1,1,100,1,0,143,11,0,0,n-12-51.pdf
0,0,1,1,6,6,2,0,0,72.052734375,0,0,1,1,1,1,1,0,2,1,1,1,0,0,6,10,1,0,brnshr.pdf
0,0,2,2,43,43,18,0,0,58.4951171875,0,1,2,2,2,1,2,1,33,1,1,59,1,0,43,13,0,0,72fr60029.pdf
0,0,3,0,70,70,64,0,0,83.3916015625,0,0,2,3,3,0,20,3,42,0,3,8,1,0,70,10,0,0,f4506t.pdf
0,0,2,2,27,27,15,0,0,74.6396484375,0,1,1,2,2,1,2,1,28,1,1,5,1,0,27,11,0,0,balfour.pdf
0,0,2,2,45,45,12,0,0,34.201171875,0,1,7,2,2,1,7,1,21,1,1,67,1,0,45,11,0,0,n-11-85.pdf
0,0,2,2,31,31,8,0,0,16.587890625,0,1,3,3,2,1,3,1,32,1,1,13,1,3,31,11,0,0,a-12-25.pdf
0,0,2,2,40,40,19,0,0,198.9384765625,0,1,3,3,2,1,3,1,24,1,1,43,1,0,40,25,0,0,overview_tax_gap_2006.pdf
0,0,1,1,6,6,2,0,0,72.9541015625,0,0,1,1,1,1,1,0,2,1,1,1,0,0,6,10,1,0,colcll.pdf
0,0,2,2,24,24,6,0,0,16.1064453125,0,1,3,3,2,1,3,1,13,2,1,23,1,0,24,11,0,0,a-10-41.pdf
0,0,2,0,18,18,14,0,0,21.197265625,0,1,2,2,2,0,0,2,5,0,2,0,1,0,18,11,0,0,12-0031.pdf
0,0,3,0,44,44,39,0,0,61.962890625,0,0,1,3,3,0,1,3,21,0,3,1,1,0,44,23,0,0,f1120fm1_accessible.pdf
0,0,2,2,54,54,15,0,0,29.12890625,0,1,13,2,2,1,13,1,11,1,1,33,1,0,54,12,0,0,rp-10-40.pdf
0,0,3,0,50,50,45,0,0,61.873046875,0,0,1,3,3,0,4,3,26,0,3,2,1,0,50,22,0,0,f706gsd_accessible.pdf
0,0,2,2,135,135,24,0,0,197.1552734375,0,1,1,2,2,1,2,1,93,1,1,57,1,0,135,13,0,0,cool-mini.pdf
0,0,2,2,238,238,76,0,0,261.064453125,0,1,68,2,2,1,68,2,17,1,1,108,1,0,238,12,0,0,rp-03-64.pdf
0,0,2,2,259,259,31,0,0,368.3701171875,0,1,16,2,2,1,16,1,46,1,1,77,1,6,259,12,0,0,irb10-28.pdf
0,0,2,2,27,27,8,0,0,41.1201171875,0,1,3,2,2,1,3,2,11,1,1,19,1,0,27,12,0,0,rr-04-66.pdf
0,0,1,1,9,9,4,0,0,19.1044921875,0,0,1,1,1,1,1,1,11,1,1,0,1,0,9,12,1,0,alltechs.pdf
0,0,1,0,828,828,24,0,0,174.0166015625,0,0,1,1,1,1,1,12,1040,1,1,13,1,57,828,18,0,0,berkley_edu_ny.pdf
0,0,1,1,16,16,3,0,0,18.6279296875,0,0,2,1,1,0,2,1,12,1,1,25,1,0,16,13,0,0,63fr10414.pdf
0,0,1,1,6,6,2,0,0,85.0234375,0,0,1,1,1,1,1,0,2,1,1,1,0,0,6,11,1,0,cathcon.pdf
0,0,2,0,27,27,24,0,0,107.404296875,0,1,1,2,2,0,2,2,10,0,2,1,1,0,27,11,0,0,batanga.pdf
2,3,2,4,191,191,65,0,0,73.744140625,0,0,2,7,2,2,35,5,186,2,5,59,2,33,191,20,0,1,f8271_accessible.pdf
0,0,2,2,49,49,14,1,0,25.298828125,0,1,5,2,2,1,5,2,15,1,1,35,0,0,49,12,0,0,a-01-106.pdf
0,0,2,2,11,11,3,0,0,26.8359375,0,1,1,2,2,1,1,2,4,1,1,0,0,0,11,12,1,0,amdocinc.pdf
0,0,2,2,11,11,3,0,0,24.7080078125,0,1,1,2,2,1,1,2,4,1,1,0,0,0,11,11,1,0,colsomd.pdf
0,0,3,0,48,48,36,0,0,166.8642578125,0,0,1,3,3,0,3,3,18,0,3,14,2,0,48,24,0,0,changeyouragenetwork.pdf
0,0,2,2,11,11,3,0,0,24.3818359375,0,1,1,2,2,1,1,2,4,1,1,0,0,0,11,12,1,0,commtrct.pdf
0,0,2,2,51,51,26,0,0,118.5595703125,0,1,1,3,2,1,1,1,32,1,1,67,1,0,51,17,0,0,cp166_russian.pdf
0,0,2,2,22,22,4,0,0,13.6220703125,0,1,2,2,2,1,2,2,14,1,1,23,1,0,22,7,0,0,148.pdf
0,0,2,2,11,11,3,0,0,26.6572265625,0,1,1,2,2,1,1,2,4,1,1,0,0,0,11,12,1,0,affprteq.pdf
0,0,1,1,33,33,8,0,0,45.3017578125,0,0,4,1,1,1,4,1,23,1,1,42,0,0,33,13,0,0,66fr62942.pdf
0,0,2,2,91,91,23,0,0,90.4267578125,0,1,9,3,2,1,9,1,107,1,1,89,1,14,91,41,0,0,plain_language_compliance_report_2012.pdf
0,0,1,1,6,6,2,0,0,74.84765625,0,0,1,1,1,1,1,0,2,1,1,1,0,0,6,12,1,0,broadclp.pdf
0,0,3,0,70,70,63,0,0,133.8349609375,0,0,3,3,3,0,3,3,24,0,3,3,1,0,70,20,0,0,f8825_accessible.pdf
0,0,1,1,172,172,43,0,0,378.4609375,0,0,26,1,1,1,25,1,52,1,1,150,1,0,172,18,0,0,am-consv-union.pdf
0,0,2,2,34,34,9,0,0,16.1650390625,0,1,7,2,2,1,7,1,11,1,1,27,1,0,34,11,0,0,n-07-55.pdf
0,0,2,2,290,290,8,1,0,50.390625,0,1,4,2,2,1,4,2,194,1,1,14,1,0,290,12,0,0,rr-02-53.pdf
2,3,1,2,197,197,92,0,0,75.2060546875,0,0,4,3,1,1,73,3,163,1,2,99,1,55,197,19,0,1,f911_accessible.pdf
0,0,1,1,6,6,2,0,0,69.4482421875,0,0,1,1,1,1,1,0,2,1,1,1,0,0,6,11,1,0,apebble.pdf
0,0,3,0,95,95,89,0,0,78.205078125,0,0,2,3,3,0,47,3,67,0,3,17,1,0,95,20,0,0,f8082_accessible.pdf
0,0,2,2,104,104,40,0,0,108.587890625,0,1,12,4,2,1,12,1,55,1,1,84,1,0,104,11,0,0,05eonta.pdf
0,0,2,2,60,60,16,0,0,43.916015625,0,1,12,2,2,1,12,1,19,1,1,65,1,0,60,11,0,0,n-07-03.pdf
0,0,2,2,31,31,19,0,0,87.67578125,0,1,1,2,2,1,2,1,32,1,1,5,1,0,31,10,0,0,blekko.pdf
0,0,2,2,35,35,8,0,0,16.4560546875,0,1,6,2,2,1,6,2,14,1,1,34,1,0,35,11,0,0,050201f.pdf
0,0,3,0,210,210,151,0,0,338.7099609375,0,0,56,3,3,1,0,3,9,1,3,0,2,0,210,9,0,0,p4701.pdf
0,0,3,4,158,158,22,0,0,104.4716796875,0,0,2,4,3,2,4,2,157,2,2,72,2,52,157,9,0,0,f940b.pdf
0,0,2,2,97,97,28,0,0,49.53515625,0,1,24,2,2,1,24,1,17,1,1,75,1,0,97,12,0,0,rp-04-69.pdf
0,0,2,0,25,25,21,0,0,20.533203125,0,1,2,2,2,0,0,2,5,0,2,0,1,0,25,11,0,0,12-0033.pdf
0,0,3,0,138,138,132,0,0,90.6533203125,0,0,2,3,3,0,89,3,109,0,3,31,1,0,138,20,0,0,f8918_accessible.pdf
0,0,2,2,35,35,12,0,0,55.0615234375,0,1,2,3,2,1,2,1,28,1,1,46,1,1,35,14,0,0,ir-09-84sp.pdf
0,0,1,1,6,6,2,0,0,74.63671875,0,0,1,1,1,1,1,0,2,1,1,1,0,0,6,14,1,0,cirbuisoft.pdf
0,0,2,2,289,289,37,0,0,235.6376953125,0,1,14,2,2,1,19,1,68,1,1,91,1,10,289,11,0,0,i941xpr.pdf
0,0,2,0,151,151,145,0,0,267.59375,0,0,2,3,2,0,103,2,107,0,2,39,2,0,151,22,0,0,f8862sp_accessible.pdf
0,0,1,1,6,6,2,0,0,77.048828125,0,0,1,1,1,1,1,0,2,1,1,1,0,0,6,13,1,0,chagevent.pdf
0,0,2,0,792,792,201,0,0,241.45703125,0,0,7,2,2,1,147,2,191,1,2,151,2,0,792,9,0,0,f8865.pdf
0,0,2,2,242,242,37,0,0,185.79296875,0,1,10,2,2,1,15,1,56,1,1,104,1,1,242,9,0,0,i4797.pdf
0,0,2,2,78,78,18,0,0,113.5224609375,0,1,2,2,2,1,3,1,30,1,1,50,1,1,78,10,0,0,i1125e.pdf
0,0,2,2,11,11,3,0,0,26.34375,0,1,1,2,2,1,1,2,4,1,1,0,0,0,11,12,1,0,cbvleand.pdf
0,0,2,2,20,20,8,0,0,71.322265625,0,1,1,2,2,1,2,1,19,1,1,5,1,0,20,15,0,0,anheuschinc.pdf
0,0,2,2,25,25,8,0,0,19.6787109375,0,1,4,3,2,1,4,1,20,1,1,34,1,0,25,11,0,0,n-08-78.pdf
0,0,2,2,56,56,22,0,0,44.0673828125,0,1,17,3,2,1,17,1,35,1,1,47,1,0,56,32,0,0,n-2006-83_chapter_11_debtors.pdf
0,0,2,2,94,94,30,0,0,90.259765625,0,1,24,2,2,1,24,1,13,1,1,48,1,0,94,11,0,0,n-06-52.pdf
0,0,2,2,31,31,5,1,0,36.8525390625,0,1,1,2,2,0,1,2,33,1,1,9,1,0,31,7,0,0,282.pdf
0,0,2,2,50,50,13,0,0,25.02734375,0,1,11,2,2,1,11,1,13,1,1,41,1,0,50,11,0,0,a-11-05.pdf
0,0,2,2,11,11,3,0,0,33.9541015625,0,1,1,2,2,1,1,2,4,1,1,0,0,0,11,12,1,0,collwstr.pdf
0,0,2,2,234,234,15,0,0,113.3564453125,0,1,1,2,2,1,2,1,229,1,1,18,1,6,234,11,0,0,core4me.pdf
0,0,2,0,52,52,49,0,0,261.5771484375,0,1,1,2,2,0,2,2,10,0,2,1,1,0,52,24,0,0,compagnie_financiere.pdf
0,0,2,2,119,119,81,0,0,74.6884765625,0,1,3,3,2,0,14,1,85,1,1,74,1,0,119,17,0,0,cp71a_english.pdf
0,0,1,1,6,6,2,0,0,76.2783203125,0,0,1,1,1,1,1,0,2,1,1,1,0,0,6,12,1,0,calsusac.pdf
0,0,3,3,50,50,13,0,0,49.9990234375,0,0,8,3,3,4,8,2,28,4,2,45,2,0,50,11,0,0,082803f.pdf
0,0,1,1,9,9,4,0,0,112.1005859375,0,0,2,1,1,1,2,0,3,1,1,2,0,0,9,12,1,0,brainbox.pdf
0,0,2,2,34,34,11,0,0,54.68359375,0,1,4,3,2,1,4,1,29,1,1,38,1,1,34,11,0,0,n-08-73.pdf
0,0,3,0,340,340,331,0,0,228.814453125,0,0,5,3,3,0,272,3,292,0,3,94,1,0,340,22,0,0,f8038tc_accessible.pdf
0,0,2,2,86,86,54,0,0,54.201171875,0,1,2,3,2,1,8,1,59,1,1,53,1,0,86,17,0,0,cp180_english.pdf
0,0,2,2,11,11,3,0,0,31.5751953125,0,1,1,2,2,1,1,2,4,1,1,0,0,0,11,7,1,0,acr.pdf
0,0,3,0,87,87,80,0,0,82.01171875,0,0,3,3,3,0,42,3,62,0,3,16,1,0,87,10,0,0,f4461b.pdf
0,0,2,2,100,100,29,1,0,60.3125,0,1,27,2,2,1,27,2,12,1,1,49,0,0,100,12,0,0,rp-01-47.pdf
0,0,1,1,269,269,80,0,0,381.91015625,0,0,80,1,1,1,80,0,12,1,1,105,0,0,269,13,0,0,63fr19287.pdf
0,0,1,1,6,6,1,0,0,1.107421875,0,0,1,1,1,1,1,1,3,1,1,3,0,0,6,23,1,0,purepdf_helloworld4.pdf
0,0,2,2,48,48,28,0,0,132.57421875,0,1,2,2,2,1,2,1,30,1,1,55,6,0,48,9,0,0,p4894.pdf
0,0,1,1,67,67,15,0,0,73.4091796875,0,0,15,1,1,1,15,1,19,1,1,57,0,0,67,12,0,0,99eochar.pdf
2,3,3,3,157,157,69,0,0,265.0107421875,0,0,2,3,3,2,50,2,173,2,2,74,2,48,157,9,0,1,f8874.pdf
0,0,2,0,22,22,18,0,0,38.802734375,0,1,2,2,2,0,2,2,9,0,2,2,1,0,22,14,0,0,Ann_Breuer.pdf
0,0,2,2,157,157,12,1,0,95.8388671875,0,1,5,2,2,1,5,2,134,1,1,31,1,1,157,12,0,0,rp-02-73.pdf
0,0,2,2,75,75,26,0,0,152.41796875,0,1,6,2,2,1,6,1,38,1,1,112,1,0,75,20,0,0,07rppsmilleville.pdf
0,0,1,0,24,24,18,0,0,31.7529296875,0,1,4,3,1,0,0,1,5,0,1,0,1,0,24,13,0,0,08rpweber.pdf
0,0,2,0,110,110,104,0,0,160.6640625,0,1,4,2,2,0,0,2,54,0,2,0,1,0,110,20,0,0,cp501_vietnamese.pdf
0,0,2,2,618,618,195,1,0,366.8203125,0,1,194,2,2,1,194,2,11,1,1,212,0,0,618,15,0,0,1201-502rev.pdf
0,0,2,2,37,37,5,0,0,10.822265625,0,1,1,2,2,0,1,2,45,1,1,10,1,0,37,7,0,0,287.pdf
0,0,1,1,6,6,2,0,0,84.66796875,0,0,1,1,1,1,1,0,2,1,1,1,0,0,6,12,1,0,apptallc.pdf
14,15,2,2,414,414,202,0,0,274.375,0,0,2,2,2,2,186,2,391,2,2,90,2,157,414,9,0,1,f8902.pdf
0,0,1,1,27,27,6,0,0,16.32421875,0,0,6,1,1,1,6,1,7,1,1,12,0,0,27,11,0,0,rr-99-6.pdf
0,0,2,2,12,12,4,0,0,21.68359375,0,1,1,2,2,1,1,2,5,1,1,0,1,0,12,12,1,0,autodkug.pdf
0,0,1,1,51,51,14,0,0,74.3623046875,0,0,10,1,1,1,10,1,24,1,1,54,0,0,51,12,0,0,69fr5693.pdf
0,0,2,2,22,22,10,0,0,79.6630859375,0,1,1,2,2,1,2,1,21,1,1,5,1,0,22,12,0,0,calstata.pdf
0,1,4,4,123,123,64,0,0,248.7900390625,0,0,2,4,4,3,45,3,106,3,3,95,3,21,123,9,0,0,f8842.pdf
0,0,1,1,6,6,2,0,0,77.2373046875,0,0,1,1,1,1,1,0,2,1,1,1,0,0,6,12,1,0,brgmcmpr.pdf
0,0,2,2,21,21,9,0,0,72.919921875,0,1,1,2,2,1,2,1,20,1,1,5,1,0,21,13,0,0,ambulacen.pdf
11,11,2,2,795,795,374,1,0,643.9775390625,0,1,16,34,2,1,316,2,884,1,1,179,1,173,795,26,0,1,RichContentorFlash (3).pdf
0,0,2,0,40,40,36,0,0,175.5537109375,0,1,2,2,2,0,3,2,13,0,2,2,1,0,40,15,0,0,asbury_theo.pdf
2,3,1,2,263,263,125,0,0,112.115234375,0,0,3,4,1,1,96,3,317,1,2,72,1,81,263,19,0,1,f712_accessible.pdf
0,0,2,2,11,11,3,0,0,27.4609375,0,1,1,2,2,1,1,2,4,1,1,0,0,0,11,9,1,0,ashta.pdf
0,0,2,2,34,34,10,0,0,21.1904296875,0,1,5,3,2,1,5,1,29,1,1,15,1,2,34,11,0,0,n-09-84.pdf
0,0,2,2,40,40,14,0,0,38.6708984375,0,1,4,3,2,1,4,1,30,1,1,70,1,0,40,12,0,0,earp-pia.pdf
0,0,3,0,80,80,73,0,0,146.79296875,0,0,3,3,3,0,3,3,26,0,3,3,1,0,80,20,0,0,f943a_accessible.pdf
0,0,2,2,163,163,23,0,0,74.7197265625,0,1,3,3,2,1,3,1,309,1,1,60,1,56,163,37,0,0,passport_fees_printable_2011_2_14.pdf
0,0,2,2,19,19,7,0,0,11.5283203125,0,1,3,3,2,1,3,1,15,1,1,13,1,0,19,11,0,0,n-08-97.pdf
0,0,2,2,32,32,12,0,0,26.064453125,0,1,1,2,2,1,1,1,20,1,1,54,1,0,32,42,0,0,PrivateInfoOrBioSpecimensDecisionChart.pdf
0,0,2,2,31,31,9,0,0,22.484375,0,1,4,3,2,1,4,1,27,1,1,34,1,1,31,11,0,0,n-10-39.pdf
0,0,2,2,27,27,6,0,0,10.9638671875,0,1,4,2,2,1,4,1,13,1,1,34,1,0,27,12,0,0,rr-07-23.pdf
0,0,2,2,28,28,7,0,0,13.6455078125,0,1,5,2,2,1,5,1,11,1,1,25,1,0,28,12,0,0,rr-08-01.pdf
0,0,2,2,359,359,46,0,0,241.2197265625,0,1,16,2,2,1,20,1,59,1,1,110,1,3,359,8,0,0,i709.pdf
0,0,2,2,32,32,20,0,0,96.6005859375,0,1,1,2,2,1,2,1,31,1,1,5,1,0,32,15,0,0,calculcreat.pdf
0,0,2,2,62,62,17,0,0,34.046875,0,1,15,2,2,1,15,1,13,1,1,45,1,0,62,11,0,0,n-05-74.pdf
0,0,1,1,6,6,2,0,0,79.3173828125,0,0,1,1,1,1,1,0,2,1,1,1,0,0,6,12,1,0,atuffllc.pdf
0,0,1,1,58,58,16,0,0,81.2236328125,0,0,12,1,1,1,12,1,22,1,1,47,0,0,58,13,0,0,69fr11566.pdf
0,0,2,2,44,44,22,0,0,99.9189453125,0,1,1,3,2,1,1,1,28,1,1,57,1,0,44,17,0,0,cp178_russian.pdf
0,0,2,0,39,39,36,0,0,169.3447265625,0,1,1,2,2,0,2,2,10,0,2,1,1,0,39,14,0,0,chaska.net.pdf
0,0,2,2,56,56,14,0,0,28.7177734375,0,1,10,3,2,1,10,1,36,1,1,40,1,0,56,12,0,0,rp-08-25.pdf
0,0,1,1,33,33,8,0,0,49.6181640625,0,0,5,1,1,1,5,1,21,1,1,40,0,0,33,13,0,0,66fr45241.pdf
0,0,2,2,19,19,6,0,0,129.3935546875,0,0,1,3,2,1,1,3,13,1,3,21,0,0,19,35,0,0,"Brian_Dressler_Photography,_Inc.pdf"
0,0,2,2,28,28,6,0,0,45.30078125,0,1,2,2,2,1,2,1,21,1,1,31,1,0,28,11,0,0,ar-1895.pdf
0,0,2,2,196,196,83,0,0,192.703125,0,1,32,3,2,1,53,1,47,1,1,100,1,0,196,12,0,0,04fidart.pdf
0,0,2,2,51,51,39,0,0,105.31640625,0,1,1,2,2,1,2,1,50,1,1,5,1,0,51,13,0,0,artechmed.pdf
0,0,1,1,6,6,2,0,0,72.2666015625,0,0,1,1,1,1,1,0,2,1,1,1,0,0,6,12,1,0,berkleem.pdf
0,0,1,1,38,38,6,0,0,39.8076171875,0,0,6,1,1,1,6,1,23,1,1,55,0,0,38,10,0,0,94itfo.pdf
0,0,2,2,60,60,29,0,0,60.5068359375,0,1,9,3,2,1,9,1,49,1,1,65,1,1,60,12,0,0,ercs-pia.pdf
0,0,1,1,6,6,2,0,0,77.638671875,0,0,1,1,1,1,1,0,2,1,1,1,0,0,6,9,1,0,aveda.pdf
0,0,2,2,23,23,11,0,0,92.7314453125,0,1,1,2,2,1,2,1,22,1,1,5,1,0,23,18,0,0,calypsostbarth.pdf
0,0,2,0,31,31,26,0,0,59.6806640625,0,0,2,3,2,1,2,2,19,1,2,2,2,0,31,9,0,0,p4019.pdf
0,0,2,2,106,106,9,1,0,61.5673828125,0,1,4,2,2,1,4,2,94,1,1,20,1,0,106,12,0,0,rr-03-90.pdf
0,0,3,4,131,131,38,0,0,92.84765625,0,0,2,4,3,2,11,3,168,2,2,122,2,51,130,9,0,0,f8889.pdf
0,0,1,1,6,6,2,0,0,67.1591796875,0,0,1,1,1,1,1,0,2,1,1,1,0,0,6,12,1,0,aurangam.pdf
0,0,1,1,36,36,10,0,0,14.4794921875,0,0,10,1,1,1,10,1,4,1,1,12,0,0,36,11,0,0,n-98-23.pdf
0,0,2,2,88,88,9,1,0,59.953125,0,1,4,2,2,1,4,2,82,1,1,20,1,0,88,12,0,0,rp-02-69.pdf
0,0,1,1,6,6,2,0,0,69.544921875,0,0,1,1,1,1,1,0,2,1,1,1,0,0,6,13,1,0,artauthor.pdf
0,0,2,0,34,34,31,0,0,181.9541015625,0,1,1,2,2,0,2,2,10,0,2,1,1,0,34,22,0,0,adv_communications.pdf
0,0,2,2,22,22,11,0,0,57.880859375,0,1,1,2,2,1,2,1,23,1,1,5,1,0,22,13,0,0,clearvisi.pdf
0,0,2,2,11,11,3,0,0,17.267578125,0,1,1,2,2,1,1,2,4,1,1,0,0,0,11,12,1,0,badpuppy.pdf
0,0,3,0,20,20,15,0,0,16.462890625,0,0,2,3,3,1,0,3,7,1,3,0,2,0,20,13,0,0,aod201106.pdf
2,3,3,3,103,103,34,0,0,52.810546875,0,0,2,3,3,2,21,2,76,2,2,69,2,15,103,9,0,1,f8848.pdf
0,0,2,2,58,58,16,0,0,21.8935546875,0,1,12,2,2,1,12,1,16,1,1,53,1,0,58,12,0,0,rr-10-21.pdf
0,0,3,0,129,129,122,0,0,135.837890625,0,0,3,3,3,0,63,3,84,0,3,23,1,0,129,23,0,0,f1065sm3_accessible.pdf
0,0,5,5,179,179,24,0,0,103.2900390625,0,0,2,5,5,4,4,4,158,4,4,39,4,0,179,12,0,0,n2006_96.pdf
0,0,2,0,40,40,37,0,0,235.6923828125,0,1,1,2,2,0,2,2,10,0,2,1,1,0,40,12,0,0,borshoff.pdf
0,0,3,0,78,78,68,0,0,116.97265625,0,0,6,3,3,0,27,3,47,0,3,13,1,0,78,12,0,0,f5305sim.pdf
0,0,1,1,33,33,5,0,0,33.1318359375,0,0,5,1,1,1,5,1,23,1,1,54,0,0,33,9,0,0,cfc94.pdf
0,0,3,0,234,234,148,0,0,140.9189453125,0,0,4,3,3,2,104,3,152,2,3,156,3,0,234,9,0,0,f8868.pdf
0,0,2,2,150,150,30,0,0,265.4140625,0,1,1,2,2,1,2,1,104,1,1,83,1,3,150,21,0,0,buena_enterprises.pdf
0,0,2,2,11,11,3,0,0,21.9150390625,0,1,1,2,2,1,1,2,4,1,1,0,0,0,11,12,1,0,agentlif.pdf
0,0,2,2,269,269,18,0,0,155.4501953125,0,1,1,2,2,1,2,1,248,1,1,31,1,5,269,18,0,0,carr_mcclellan.pdf
0,0,1,1,6,6,2,0,0,72.8525390625,0,0,1,1,1,1,1,0,2,1,1,1,0,0,6,11,1,0,airimba.pdf
0,0,1,1,87,87,23,0,0,139.6376953125,0,0,23,1,1,1,23,1,17,1,1,58,0,0,87,12,0,0,97fidart.pdf
0,0,2,2,42,42,13,0,0,77.0947265625,0,1,6,2,2,1,6,2,15,1,1,38,1,0,42,13,0,0,rr-03-115.pdf
0,0,3,0,61,61,55,0,0,69.310546875,0,0,2,3,3,0,11,3,34,0,3,5,1,0,61,21,0,0,f8822b_accessible.pdf
0,0,2,2,27,27,15,0,0,75.283203125,0,1,1,2,2,1,2,1,26,1,1,5,1,0,27,10,0,0,acneor.pdf
0,0,2,2,27,27,15,0,0,78.23046875,0,1,1,2,2,1,2,1,28,1,1,5,1,0,27,11,0,0,convmae.pdf
0,0,1,1,6,6,2,0,0,78.96484375,0,0,1,1,1,1,1,0,2,1,1,1,0,0,6,12,1,0,clubfrgl.pdf
0,0,3,4,137,137,49,0,0,103.7060546875,0,0,3,4,3,2,21,3,168,2,2,137,2,44,136,9,0,0,f8752.pdf
0,0,1,1,6,6,2,0,0,78.2470703125,0,0,1,1,1,1,1,0,2,1,1,1,0,0,6,14,1,0,agencefrpr.pdf
0,0,3,4,31,31,11,0,0,28.8544921875,0,0,5,6,3,2,5,4,28,2,4,25,2,0,31,20,0,0,esop_tar5_100810.pdf
0,0,2,2,168,168,122,0,0,92.052734375,0,1,4,3,2,1,12,1,124,1,1,87,1,0,168,16,0,0,cp60_english.pdf
0,0,2,0,30,30,27,0,0,116.76953125,0,1,1,2,2,0,2,2,10,0,2,1,1,0,30,19,0,0,capital_network.pdf
0,0,2,2,25,25,9,0,0,16.02734375,0,1,5,3,2,1,5,1,19,1,1,25,1,0,25,11,0,0,n-09-91.pdf
0,0,2,2,27,27,6,0,0,14.4990234375,0,1,4,2,2,1,4,1,13,1,1,34,1,0,27,12,0,0,rp-07-49.pdf
0,0,3,3,158,158,23,0,0,182.5068359375,0,0,1,3,3,2,3,2,121,2,2,37,2,0,158,19,0,0,ambertiernanllc.pdf
0,0,3,0,98,98,91,0,0,97.255859375,0,0,3,3,3,0,45,3,68,0,3,17,1,0,98,20,0,0,f8944_accessible.pdf
0,0,3,0,65,65,58,0,0,294.568359375,0,0,3,3,3,0,9,3,32,0,3,7,1,0,65,9,0,0,f5558.pdf
0,0,1,1,206,206,73,0,0,145.45703125,0,0,33,1,1,1,33,1,42,1,1,82,0,0,206,11,0,0,04dubin.pdf
0,0,1,1,9,9,4,0,0,110.35546875,0,0,2,1,1,1,2,0,3,1,1,2,0,0,9,12,1,0,alloymrk.pdf
0,0,1,1,6,6,2,0,0,88.12890625,0,0,1,1,1,1,1,0,2,1,1,1,0,0,6,12,1,0,belointv.pdf
0,0,3,0,69,69,50,0,0,77.439453125,0,0,16,3,3,1,0,3,7,1,3,0,2,0,69,11,0,0,114703f.pdf
0,0,1,1,27,27,5,0,0,16.3935546875,0,0,5,1,1,1,5,1,10,1,1,17,0,0,27,11,0,0,a-99-25.pdf
0,0,2,2,11,11,3,0,0,24.2099609375,0,1,1,2,2,1,1,2,4,1,1,0,0,0,11,12,1,0,campstrm.pdf
0,0,2,2,57,57,22,0,0,43.466796875,0,1,16,3,2,1,16,1,38,1,1,54,1,0,57,17,0,0,reg-119632-11.pdf
0,0,4,4,229,229,164,0,0,150.84765625,0,0,2,4,4,3,6,3,169,3,3,30,3,0,229,16,0,0,ep_org_chart.pdf
0,0,2,2,28,28,16,0,0,86.9130859375,0,1,1,2,2,1,2,1,27,1,1,5,1,0,28,12,0,0,adviwebl.pdf
0,0,5,0,72,72,63,0,0,86.68359375,0,0,2,6,5,0,15,5,46,0,5,9,4,0,72,8,0,0,fw7a.pdf
0,0,2,2,11,11,3,0,0,26.2275390625,0,1,1,2,2,1,1,2,4,1,1,0,0,0,11,12,1,0,amsoclaw.pdf
0,0,2,2,26,26,5,1,0,14.294921875,0,1,4,2,2,1,4,2,11,1,1,25,0,0,26,11,0,0,n-01-59.pdf
0,0,2,2,45,45,12,0,0,15.1875,0,1,11,2,2,1,11,2,8,1,1,17,0,0,45,10,0,0,td8843.pdf
0,0,2,2,11,11,3,0,0,10.53515625,0,1,1,2,2,1,1,2,4,1,1,0,0,0,11,9,1,0,allit.pdf
71,72,3,3,698,698,391,0,0,401.0234375,0,0,4,3,3,2,373,2,644,2,2,276,2,161,698,9,0,1,f1128.pdf
0,0,2,2,40,40,5,0,0,11.5009765625,0,1,1,2,2,0,1,2,53,1,1,10,1,0,40,7,0,0,300.pdf
44,44,3,3,503,503,164,0,0,236.3349609375,0,0,1,3,3,2,146,2,538,2,2,149,2,104,503,18,0,1,f990partvi2008.pdf
0,0,2,2,62,62,18,0,0,54.951171875,0,1,13,2,2,1,13,2,14,1,1,35,1,0,62,13,0,0,20032902f.pdf
0,0,2,2,43,43,12,0,0,25.7626953125,0,1,10,2,2,1,10,1,11,1,1,30,1,0,43,12,0,0,rp-10-18.pdf
0,0,2,2,36,36,9,0,0,16.853515625,0,1,7,2,2,1,7,1,13,1,1,37,1,0,36,11,0,0,n-07-73.pdf
0,0,1,1,31,31,7,0,0,10.89453125,0,0,6,1,1,1,7,1,7,1,1,14,0,0,31,11,0,0,a-98-62.pdf
0,0,2,2,30,30,6,1,0,13.716796875,0,1,4,2,2,1,4,2,14,1,1,33,0,0,30,12,0,0,rr-01-57.pdf
0,0,1,2,57,57,15,1,0,32.1982421875,0,0,2,3,1,1,2,2,40,1,2,39,1,0,57,9,0,0,n1374.pdf
0,0,4,0,76,76,69,0,0,173.455078125,0,0,2,4,4,0,16,4,44,0,4,6,2,0,76,20,0,0,f8302_accessible.pdf
0,0,2,2,11,11,3,0,0,29.5849609375,0,1,1,2,2,1,1,2,4,1,1,0,0,0,11,10,1,0,cenmed.pdf
0,0,2,2,40,40,21,0,0,105.900390625,0,1,1,3,2,1,1,2,30,1,1,45,2,0,40,18,0,0,3_simple_steps.pdf
0,0,2,2,39,39,10,0,0,296.0322265625,0,1,1,3,2,1,2,1,28,1,1,38,1,1,39,19,0,0,phishing_email2.pdf
0,0,2,2,31,31,10,0,0,18.1748046875,0,1,6,3,2,1,6,1,24,1,1,46,1,0,31,12,0,0,rp-06-20.pdf
0,0,3,4,67,67,30,0,0,72.951171875,0,0,20,6,3,2,20,4,42,2,4,50,2,0,67,44,0,0,401k_questionnaire_phoneforum_transcript.pdf
0,0,2,2,11,11,3,0,0,24.8134765625,0,1,1,2,2,1,1,2,4,1,1,0,0,0,11,11,1,0,brittww.pdf
0,0,2,2,245,245,19,1,0,112.875,0,1,7,2,2,1,7,2,224,1,1,23,1,1,245,11,0,0,n-02-69.pdf
0,0,2,2,84,84,22,1,0,50.4384765625,0,1,21,2,2,1,21,2,15,1,1,49,0,2,84,11,0,0,n-01-44.pdf
0,0,2,2,64,64,8,1,0,43.18359375,0,1,2,2,2,1,2,2,55,1,1,26,1,0,64,11,0,0,n-02-29.pdf
0,0,2,2,169,169,20,0,0,120.4228515625,0,1,1,2,2,1,2,1,143,1,1,28,1,0,169,8,0,0,cali.pdf
0,0,3,4,27,27,8,0,0,20.732421875,0,0,1,6,3,2,1,4,27,2,4,51,2,0,27,24,0,0,sampleevaluationform.pdf
0,0,2,2,23,23,8,0,0,15.302734375,0,1,3,3,2,1,3,1,19,1,1,26,1,0,23,11,0,0,a-10-30.pdf
0,0,2,2,34,34,22,0,0,78.0654296875,0,1,1,2,2,1,2,1,33,1,1,5,1,0,34,11,0,0,blitcai.pdf
0,0,1,1,6,6,2,0,0,77.4833984375,0,0,1,1,1,1,1,0,2,1,1,1,0,0,6,12,1,0,ameribud.pdf
0,0,1,1,9,9,2,0,0,1.85546875,0,0,1,1,1,1,2,1,5,1,1,6,0,1,9,27,1,0,purepdf_simpletextfield.pdf
0,0,2,2,23,23,9,0,0,15.8427734375,0,1,5,3,2,1,5,1,17,1,1,15,1,0,23,11,0,0,n-09-07.pdf
0,0,3,0,134,134,92,0,0,101.5224609375,0,0,36,3,3,0,0,3,11,0,3,0,2,1,134,28,0,0,2011-2012_pgp_1st_update.pdf
0,0,2,2,26,26,13,0,0,73.1142578125,0,1,2,2,2,1,2,1,13,1,1,16,1,0,26,25,0,0,2000-7-DiMA-extension.pdf
0,0,2,2,345,345,53,0,0,275.1142578125,0,1,33,2,2,1,33,1,98,1,1,126,1,35,345,12,0,0,irb05-45.pdf
0,0,1,1,30,30,7,0,0,11.443359375,0,0,5,1,1,1,6,1,8,1,1,15,0,0,30,11,0,0,n-98-39.pdf
0,0,2,2,61,61,17,0,0,32.53515625,0,1,14,2,2,1,14,1,13,1,1,44,1,0,61,12,0,0,rp-11-13.pdf
2,3,2,4,140,140,33,0,0,70.1357421875,0,0,2,7,2,2,2,5,155,2,5,59,2,18,140,20,0,1,f8308_accessible.pdf
0,0,2,0,25,25,21,0,0,53.4248046875,0,1,2,2,2,0,0,2,6,0,0,2,0,0,25,71,0,0,Introduction of the ESTA fee for Visa Waiver Travelers - August2010.pdf
0,0,2,2,30,30,9,0,0,61.384765625,0,1,3,2,2,1,3,2,13,1,1,27,1,0,30,12,0,0,rr-04-65.pdf
0,0,2,2,62,62,15,0,0,40.9306640625,0,1,1,2,2,1,3,2,45,1,1,34,1,10,62,13,0,0,67fr71105.pdf
0,0,2,2,126,126,24,0,0,192.701171875,0,1,1,2,2,1,2,1,87,1,1,57,1,2,126,14,0,0,blastroots.pdf
0,0,2,2,148,148,95,0,0,289.337890625,0,1,2,3,2,1,2,1,100,1,1,147,1,0,148,16,0,0,cp10_russian.pdf
2,3,3,3,63,63,13,0,0,45.3369140625,0,0,1,3,3,2,1,2,48,2,2,52,2,11,63,12,0,1,f1120idq.pdf
0,0,3,0,163,163,153,0,0,126.6787109375,0,0,6,3,3,0,108,3,129,0,3,40,1,0,163,28,0,0,f1098-c--2012-00-00--acc.pdf
0,0,2,2,145,145,28,0,0,143.55859375,0,1,3,2,2,1,6,1,53,1,1,93,1,1,145,11,0,0,i2555ez.pdf
0,0,2,2,342,342,25,1,0,104.609375,0,1,5,2,2,1,7,2,515,1,1,36,1,13,342,13,0,0,67fr77951.pdf
0,0,1,1,19,19,3,0,0,10.712890625,0,0,3,1,1,1,3,1,10,1,1,24,0,0,19,11,0,0,rp94-22.pdf
0,0,2,2,44,44,32,0,0,96.392578125,0,1,1,2,2,1,2,1,43,1,1,5,1,0,44,15,0,0,apriahealth.pdf
0,0,2,2,40,40,15,0,0,39.8671875,0,1,5,3,2,1,5,1,36,1,1,43,1,1,40,11,0,0,ers-pia.pdf
0,0,2,2,102,102,30,0,0,50.2197265625,0,1,28,2,2,1,28,1,13,1,1,58,1,0,102,11,0,0,n-08-59.pdf
0,0,2,2,28,28,6,0,0,50.12109375,0,0,1,3,2,1,1,3,34,1,3,28,0,6,28,29,0,0,Embassy_Specific_Info-KBL.pdf
0,0,2,2,115,114,58,0,0,290.1552734375,0,0,13,3,2,1,13,3,145,1,3,78,0,10,114,29,0,0,DV_2013_Instructions_Hung.pdf
0,0,2,0,16,16,13,0,0,16.7666015625,0,1,1,2,2,0,1,2,7,0,2,1,1,0,16,19,0,0,Abdel_Azez_Odeh.pdf
0,0,2,0,45,45,41,0,0,313.8525390625,0,1,2,2,2,0,2,2,19,0,2,2,3,0,45,11,0,0,p3524kr.pdf
0,0,2,2,333,333,19,1,0,119.990234375,0,1,12,2,2,1,12,2,276,1,1,38,1,0,333,11,0,0,n-03-21.pdf
0,0,2,0,37,37,34,0,0,196.373046875,0,1,1,2,2,0,2,2,10,0,2,1,1,0,37,18,0,0,bmobilized_inc.pdf
0,0,1,0,34,34,30,0,0,34.4501953125,0,1,2,4,1,0,2,1,14,0,1,2,1,0,34,9,0,0,n1400.pdf
0,0,3,0,92,92,86,0,0,123.203125,0,0,2,3,3,0,20,3,44,0,3,8,1,0,92,20,0,0,f8949_accessible.pdf
0,0,2,2,199,199,27,0,0,180.8603515625,0,1,6,2,2,1,10,1,64,1,1,74,1,11,199,11,0,0,i8857sp.pdf
0,0,2,0,20,20,16,0,0,20.1708984375,0,1,2,2,2,0,0,2,6,0,2,0,1,0,20,11,0,0,12-0041.pdf
0,0,2,2,37,37,12,0,0,119.513671875,0,1,1,2,2,1,1,2,14,1,1,31,0,0,37,13,0,0,65fr46873.pdf
0,0,2,2,39,39,13,0,0,123.6318359375,0,1,2,2,2,1,2,2,13,1,1,30,0,0,39,13,0,0,65fr54984.pdf
0,0,1,1,45,45,12,0,0,16.873046875,0,0,10,1,1,1,11,1,8,1,1,20,0,0,45,12,0,0,rr-98-47.pdf
0,0,2,2,11,11,3,0,0,26.5966796875,0,1,1,2,2,1,1,2,4,1,1,0,0,0,11,11,1,0,conuaus.pdf
0,0,2,2,34,34,8,0,0,19.3095703125,0,1,5,2,2,1,5,1,15,1,1,45,1,0,34,11,0,0,n-09-67.pdf
0,0,2,2,52,52,6,1,0,38.658203125,0,1,2,2,2,1,2,2,51,1,1,10,1,0,52,11,0,0,n-03-45.pdf
0,0,2,2,67,67,19,0,0,40.4140625,0,1,16,2,2,1,16,1,15,1,1,49,1,0,67,11,0,0,n-05-93.pdf
0,0,3,0,33,33,24,0,0,37.7705078125,0,0,6,3,3,1,0,3,8,1,3,0,2,0,33,13,0,0,aod201005.pdf
0,0,2,2,18,18,6,0,0,13.1650390625,0,1,1,3,2,1,1,1,15,1,1,21,1,0,18,42,0,0,ce_provider_program_numbering_sequence.pdf
0,0,2,0,42,42,38,0,0,340.59765625,0,1,2,2,2,0,2,2,17,0,2,2,7,0,42,11,0,0,p4591cn.pdf
0,0,2,0,56,56,47,0,0,99.0576171875,0,1,7,2,2,0,7,2,15,0,2,7,1,0,56,10,0,0,92appl.pdf
0,0,2,2,48,48,36,0,0,118.03515625,0,1,1,2,2,1,2,1,47,1,1,5,1,0,48,16,0,0,authorcomllc.pdf
0,0,2,2,26,26,8,0,0,18.955078125,0,1,2,3,2,1,2,1,23,1,1,25,1,1,26,11,0,0,a-09-77.pdf
0,0,2,2,109,109,18,0,0,139.0263671875,0,1,1,2,2,1,2,1,85,1,1,31,1,2,109,13,0,0,concierge.pdf
0,0,2,2,23,23,4,0,0,10.7421875,0,1,2,2,2,1,2,1,15,1,1,42,1,0,23,11,0,0,a-06-93.pdf
0,0,1,1,6,6,2,0,0,65.759765625,0,0,1,1,1,1,1,0,2,1,1,1,0,0,6,13,1,0,bocfoocom.pdf
0,0,2,2,87,87,20,0,0,228.8876953125,0,0,4,2,2,2,9,2,76,2,2,71,1,6,87,13,0,0,77fr37605.pdf
0,0,2,2,40,40,10,0,0,21.4833984375,0,1,5,2,2,1,5,2,18,1,1,33,1,0,40,11,0,0,123mpaa.pdf
0,0,4,6,1492,1492,130,0,0,341.322265625,0,0,50,9,4,3,100,7,1317,3,7,141,3,0,1492,36,0,0,guidance_phoneforum_presentation.pdf
0,0,2,2,63,63,28,0,0,71.1376953125,0,1,17,3,2,1,17,1,35,1,1,58,1,0,63,12,0,0,rp-04-64.pdf
0,0,2,2,60,60,17,0,0,35.1259765625,0,1,15,2,2,1,15,1,11,1,1,35,1,0,60,11,0,0,n-05-13.pdf
0,0,4,0,569,569,557,0,0,351.51171875,0,0,6,4,4,0,520,4,529,0,4,347,3,0,569,11,0,0,f990sr1.pdf
0,0,1,1,8,8,2,0,0,27.3505859375,0,0,1,1,1,1,1,1,4,1,1,9,0,0,8,23,1,0,purepdf_nestinglist.pdf
0,0,2,2,11,11,3,0,0,24.3896484375,0,1,1,2,2,1,1,2,4,1,1,0,0,0,11,12,1,0,brandamr.pdf
0,0,2,0,73,73,67,0,0,74.3935546875,0,0,2,3,2,0,26,2,49,0,2,18,2,0,73,11,0,0,f1120fp.pdf
0,0,6,0,148,148,131,0,0,161.677734375,0,0,4,7,6,0,57,6,88,0,6,41,5,0,148,12,0,0,f1120fm3.pdf
0,0,2,2,123,123,41,0,0,146.595703125,0,1,16,3,2,1,18,1,57,1,1,139,1,0,123,19,0,0,07eocharteobull.pdf
0,0,2,2,230,230,68,0,0,305.3583984375,0,1,60,2,2,1,60,2,26,1,1,104,0,0,230,22,0,0,irb1998-39.092898..pdf
0,0,2,2,24,24,12,0,0,60.5400390625,0,1,1,2,2,1,2,1,23,1,1,5,1,0,24,12,0,0,clovllcb.pdf
0,0,2,0,46,46,38,0,0,86.603515625,0,1,6,2,2,0,6,2,15,0,2,6,1,0,46,11,0,0,92chap2.pdf
0,0,2,2,11,11,3,0,0,27.7548828125,0,1,1,2,2,1,1,2,4,1,1,0,0,0,11,10,1,0,atcjet.pdf
0,0,4,0,49,49,42,0,0,64.583984375,0,0,2,5,4,0,3,4,30,0,4,3,3,0,49,10,0,0,f1040v.pdf
0,0,2,2,83,83,23,0,0,49.6240234375,0,1,20,2,2,1,20,1,17,1,1,70,1,0,83,12,0,0,rp-06-44.pdf
0,0,3,4,169,169,75,0,0,309.2451171875,0,0,6,6,3,2,6,4,112,2,4,168,2,8,169,10,0,0,n746sp.pdf
0,0,2,2,71,71,17,0,0,177.4130859375,0,0,3,2,2,2,8,2,56,2,2,62,1,1,71,13,0,0,74fr52507.pdf
0,0,2,0,34,34,31,0,0,205.15234375,0,1,1,2,2,0,2,2,10,0,2,1,1,0,34,16,0,0,asap_advisor.pdf
0,0,2,2,109,109,24,0,0,200.56640625,0,1,1,2,2,1,2,1,78,1,1,57,1,2,109,9,0,0,banjo.pdf
0,0,2,2,11,11,3,0,0,24.2216796875,0,1,1,2,2,1,1,2,4,1,1,0,0,0,11,12,1,0,advtcdel.pdf
0,0,2,2,35,35,11,0,0,111.6083984375,0,1,2,3,2,1,2,1,28,1,1,75,1,0,35,21,0,0,human_social_cost.pdf
0,0,2,2,68,68,26,0,0,50.064453125,0,1,21,3,2,1,21,1,39,1,1,41,1,0,68,12,0,0,rr-09-39.pdf
0,0,1,1,9,9,4,0,0,26.4814453125,0,0,1,1,1,1,1,1,11,1,1,0,1,0,9,12,1,0,comtrain.pdf
0,0,1,1,6,6,2,0,0,77.20703125,0,0,1,1,1,1,1,0,2,1,1,1,0,0,6,12,1,0,attstore.pdf
0,0,4,0,242,242,229,0,0,325.18359375,0,0,8,4,4,0,151,4,177,0,4,129,2,0,242,11,0,0,f2290sp.pdf
0,0,2,2,45,45,24,0,0,44.5302734375,0,1,5,3,2,1,5,1,33,1,1,33,1,1,45,11,0,0,eip-pia.pdf
0,0,2,2,23,23,11,0,0,81.787109375,0,1,1,2,2,1,2,1,22,1,1,5,1,0,23,12,0,0,advisbor.pdf
0,0,4,4,174,174,69,0,0,76.4248046875,0,0,2,4,4,3,18,3,153,3,3,74,2,35,174,13,0,0,f872-ovdp.pdf
0,0,8,14,2545,2545,52,0,0,381.169921875,0,0,5,21,8,7,15,19,2031,7,19,85,7,848,2545,32,0,0,aghort_lifecyclechart_090811.pdf
0,0,2,2,12,12,4,0,0,22.26171875,0,1,1,2,2,1,1,2,5,1,1,0,1,0,12,12,1,0,aops_inc.pdf
0,0,1,1,6,6,2,0,0,83.7080078125,0,0,1,1,1,1,1,0,2,1,1,1,0,0,6,12,1,0,clarkunv.pdf
0,0,1,0,57,57,26,0,0,39.140625,0,0,3,3,1,1,0,1,35,1,1,45,1,0,57,12,0,0,f1096_11.pdf
0,0,1,1,6,6,2,0,0,67.69140625,0,0,1,1,1,1,1,0,2,1,1,1,0,0,6,12,1,0,claswell.pdf
0,0,1,1,6,6,2,0,0,102.478515625,0,0,1,1,1,1,1,0,2,1,1,1,0,0,6,12,1,0,consmrus.pdf
0,0,2,2,197,197,31,0,0,161.4462890625,0,1,7,2,2,1,13,1,60,1,1,80,1,8,197,10,0,0,i720cs.pdf
0,0,2,0,19,19,15,0,0,21.6982421875,0,1,2,2,2,0,0,2,5,0,2,0,1,0,19,11,0,0,12-0034.pdf
0,0,2,2,12,12,4,0,0,17.1611328125,0,1,1,2,2,1,1,2,5,1,1,0,1,0,12,12,1,0,chrfibwi.pdf
0,0,1,1,28,28,5,0,0,31.41796875,0,0,1,1,1,1,1,1,8,1,1,17,0,0,28,30,0,0,Amanda_Hibbert_Photography.pdf
0,0,1,1,6,6,2,0,0,71.1689453125,0,0,1,1,1,1,1,0,2,1,1,1,0,0,6,12,1,0,byronsch.pdf
0,0,3,0,59,59,53,0,0,72.744140625,0,0,2,3,3,0,8,3,32,0,3,4,1,0,59,21,0,0,f8879f_accessible.pdf
0,0,2,2,87,87,24,0,0,71.7958984375,0,1,21,2,2,1,21,1,17,1,1,71,1,0,87,12,0,0,rp-05-15.pdf
0,0,3,3,327,327,135,0,0,393.609375,0,0,4,4,3,3,106,3,301,3,3,101,3,132,327,10,0,0,f8621a.pdf
0,0,2,2,33,33,21,0,0,79.658203125,0,1,1,2,2,1,2,1,34,1,1,5,1,0,33,13,0,0,brandpays.pdf
0,0,1,1,6,6,2,0,0,90.2099609375,0,0,1,1,1,1,1,0,2,1,1,1,0,0,6,12,1,0,1010cole.pdf
0,0,2,0,46,46,42,0,0,258.2294921875,0,1,2,2,2,0,2,2,19,0,2,2,3,0,46,11,0,0,p3524ru.pdf
0,0,2,2,24,24,12,0,0,13.3544921875,0,1,1,3,2,1,1,1,15,1,1,21,1,0,24,20,0,0,20101105-P-Gries.pdf
0,0,2,2,35,35,23,0,0,84.169921875,0,1,1,2,2,1,2,1,36,1,1,5,1,0,35,12,0,0,claridig.pdf
0,0,2,2,116,116,36,0,0,63.2294921875,0,1,30,2,2,1,30,1,18,1,1,74,1,0,116,12,0,0,rp-10-39.pdf
0,0,2,2,22,22,10,0,0,90.3857421875,0,1,1,2,2,1,2,1,21,1,1,5,1,0,22,12,0,0,actuatec.pdf
0,0,1,0,168,168,150,0,0,89.0283203125,0,0,7,2,1,0,102,1,157,0,1,48,1,0,168,13,0,0,f1098c_11.pdf
0,0,2,0,86,86,80,0,0,141.1796875,0,1,4,2,2,0,0,2,38,0,2,0,1,0,86,17,0,0,cp523_russian.pdf
0,0,2,2,32,32,9,0,0,16.2060546875,0,1,7,2,2,1,7,1,9,1,1,17,1,0,32,12,0,0,rr-09-15.pdf
0,0,3,0,54,54,38,0,0,70.7451171875,0,0,13,3,3,1,0,3,7,1,3,0,2,0,54,10,0,0,11381f.pdf
0,0,1,1,6,6,2,0,0,85.3505859375,0,0,1,1,1,1,1,0,2,1,1,1,0,0,6,12,1,0,bamadvsv.pdf
0,0,1,1,6,6,2,0,0,79.181640625,0,0,1,1,1,1,1,0,2,1,1,1,0,0,6,12,1,0,chasyuth.pdf
0,0,2,0,46,46,42,0,0,76.1943359375,0,1,2,2,2,0,2,2,15,0,2,2,1,0,46,10,0,0,92appd.pdf
0,0,2,2,175,175,25,0,0,156.3662109375,0,1,5,2,2,1,7,1,46,1,1,78,1,3,175,11,0,0,i1120nd.pdf
0,0,3,0,112,112,102,0,0,134.7646484375,0,0,6,3,3,0,66,3,87,0,3,26,1,0,112,21,0,0,f1099q_accessible.pdf
0,0,2,2,38,38,11,0,0,19.48046875,0,1,2,2,2,1,2,2,15,1,1,29,0,0,38,13,0,0,63fr47215.pdf
0,0,1,1,6,6,2,0,0,77.9033203125,0,0,1,1,1,1,1,0,2,1,1,1,0,0,6,12,1,0,colmtcol.pdf
0,0,2,2,65,65,16,0,0,148.5322265625,0,0,2,2,2,2,8,2,55,2,2,62,1,1,65,14,0,0,2011-33200.pdf
0,0,1,1,213,213,8,0,0,243.384765625,0,0,6,1,1,1,6,1,149,1,1,42,1,129,213,12,0,0,form_866.pdf
0,0,2,2,29,29,11,0,0,34.572265625,0,1,4,3,2,1,4,1,21,1,1,34,1,0,29,21,0,0,brad-thomas-rfb-d.pdf
0,0,2,0,24,24,21,0,0,37.5078125,0,1,1,2,2,0,1,2,7,0,2,1,1,0,24,23,0,0,Andrew_Finkenbinder.pdf
0,0,1,1,6,6,2,0,0,78.31640625,0,0,1,1,1,1,1,0,2,1,1,1,0,0,6,12,1,0,codemobs.pdf
0,0,2,2,65,65,18,0,0,49.2626953125,0,1,13,2,2,1,13,1,19,1,1,66,1,0,65,11,0,0,n-07-94.pdf
1,2,2,2,825,825,160,0,0,177.916015625,0,1,3,2,2,1,134,12,790,1,1,80,1,129,825,20,0,1,f720x_accessible.pdf
0,0,2,2,156,156,15,1,0,72.0185546875,0,1,3,2,2,1,3,2,99,1,1,19,1,3,156,11,0,0,n-04-13.pdf
0,0,4,0,101,101,94,0,0,97.55859375,0,0,2,4,4,0,38,4,63,0,4,14,2,0,101,20,0,0,f8952_accessible.pdf
0,0,3,4,50,50,11,0,0,23.72265625,0,0,1,6,3,2,2,4,41,2,4,30,2,0,50,35,0,0,belgium_article_19_ca_agreement.pdf
0,0,2,2,11,11,3,0,0,25.865234375,0,1,1,2,2,1,1,2,4,1,1,0,0,0,11,10,1,0,conloc.pdf
0,0,2,2,56,56,16,0,0,31.478515625,0,1,13,2,2,1,13,1,11,1,1,33,1,0,56,12,0,0,rr-07-65.pdf
0,0,2,2,65,65,14,1,0,48.337890625,0,1,2,2,2,1,2,2,48,1,1,18,1,0,65,11,0,0,rr-03-4.pdf
0,0,2,2,17,17,6,0,0,169.462890625,0,1,2,2,2,1,2,2,7,1,1,0,1,0,17,7,0,0,073.pdf
0,0,4,0,51,51,44,0,0,69.09765625,0,0,2,5,4,0,3,4,28,0,4,3,3,0,51,11,0,0,f1120sg.pdf
0,0,2,2,31,31,8,0,0,16.421875,0,1,6,2,2,1,6,2,10,1,1,14,0,0,31,11,0,0,n-00-30.pdf
0,0,2,2,73,73,46,0,0,149.541015625,0,1,14,3,2,1,14,1,28,1,1,34,1,0,73,11,0,0,n-10-27.pdf
0,0,2,0,44,44,38,0,0,51.03125,0,0,2,4,2,0,6,2,25,0,2,1,2,0,44,9,0,0,f8893.pdf
0,0,1,1,45,45,11,0,0,19.458984375,0,0,11,1,1,1,11,1,8,1,1,19,0,0,45,11,0,0,rp98-19.pdf
0,0,5,0,121,121,109,0,0,121.63671875,0,0,2,6,5,0,51,5,84,0,5,27,4,0,121,9,0,0,f2106.pdf
0,0,2,2,12,12,4,0,0,16.638671875,0,1,1,2,2,1,1,2,5,1,1,0,1,0,12,12,1,0,chrfibmo.pdf
0,0,2,2,46,46,31,0,0,90.5322265625,0,1,2,2,2,1,3,1,47,1,1,5,1,0,46,13,0,0,capitlbro.pdf
0,0,2,2,28,28,7,0,0,14.2841796875,0,1,1,3,2,1,1,1,25,1,1,49,1,0,28,33,0,0,governance_course_outline_cpe.pdf
0,0,2,2,42,42,16,0,0,34.974609375,0,1,10,3,2,1,10,1,28,1,1,41,1,0,42,11,0,0,n-08-96.pdf
0,0,2,2,23,23,11,0,0,76.7001953125,0,1,1,2,2,1,2,1,24,1,1,5,1,0,23,12,0,0,cordreco.pdf
0,0,2,2,27,27,6,0,0,23.8037109375,0,1,3,3,2,1,3,1,17,2,1,23,1,1,27,11,0,0,n-11-31.pdf
0,0,1,1,6,6,2,0,0,72.0595703125,0,0,1,1,1,1,1,0,2,1,1,1,0,0,6,12,1,0,amtekinc.pdf
0,0,3,0,123,123,86,0,0,145.3369140625,0,0,34,3,3,1,0,3,9,1,3,0,2,0,123,17,0,0,2010-2011_pgp.pdf
0,0,1,1,6,6,2,0,0,82.7314453125,0,0,1,1,1,1,1,0,2,1,1,1,0,0,6,12,1,0,amerveta.pdf
0,0,2,2,65,65,26,0,0,62.67578125,0,1,4,2,2,1,4,1,44,1,1,68,1,0,65,10,0,0,i8609a.pdf
0,0,3,3,141,141,25,0,0,173.72265625,0,0,1,3,3,2,3,2,102,2,2,41,2,0,141,14,0,0,clipnikinc.pdf
0,0,2,2,11,11,3,0,0,32.173828125,0,1,1,2,2,1,1,2,4,1,1,0,0,0,11,12,1,0,awwwsome.pdf
0,0,3,0,71,71,65,0,0,84.7900390625,0,0,2,3,3,0,20,3,45,0,3,8,1,0,71,21,0,0,f8453s_accessible.pdf
0,0,2,2,64,64,8,1,0,47.4892578125,0,1,3,2,2,1,3,2,59,1,1,19,1,0,64,12,0,0,a-02-108.pdf
0,0,2,2,17,17,6,0,0,11.5478515625,0,1,2,3,2,1,2,1,14,1,1,12,1,0,17,11,0,0,n-08-91.pdf
0,0,1,1,34,34,9,0,0,59.140625,0,0,4,1,1,1,4,1,27,1,1,53,0,0,34,13,0,0,73fr48396.pdf
0,0,2,2,127,127,37,0,0,140.0390625,0,1,25,2,2,1,25,2,31,1,1,83,0,0,127,12,0,0,p3--1999.pdf
0,0,2,2,18,18,4,0,0,10.7431640625,0,1,1,2,2,1,1,1,11,1,1,21,1,0,18,17,0,0,05co1120sfigb.pdf
0,0,3,6,798,798,93,0,0,263.357421875,0,0,2,7,3,3,62,6,736,3,6,123,3,309,797,11,0,0,f1040se.pdf
0,0,2,2,27,27,10,0,0,20.6142578125,0,1,4,3,2,1,4,1,21,1,1,35,1,0,27,12,0,0,rr-08-50.pdf
0,0,2,2,25,25,6,0,0,11.6455078125,0,1,4,2,2,1,4,1,11,1,1,24,1,0,25,11,0,0,n-07-63.pdf
0,0,1,1,56,56,12,0,0,374.7333984375,0,0,3,1,1,1,3,1,15,1,1,43,0,0,56,58,0,0,20110131-Randy-Silverman-and-Alison-Mower-Univ-of-Utah.pdf
0,0,2,2,34,34,9,1,0,14.5,0,1,6,2,2,1,6,2,11,1,1,28,0,0,34,12,0,0,rr-01-33.pdf
0,0,2,2,54,54,17,0,0,57.3212890625,0,1,2,2,2,1,2,1,56,1,1,56,1,6,54,13,0,0,70fr30366.pdf
0,0,1,1,6,6,2,0,0,80.48046875,0,0,1,1,1,1,1,0,2,1,1,1,0,0,6,12,1,0,altpress.pdf
0,0,2,2,30,30,10,0,0,33.9833984375,0,1,2,3,2,1,2,1,24,1,1,52,1,0,30,22,0,0,long_term_measures.pdf
0,0,1,1,6,6,2,0,0,73.1708984375,0,0,1,1,1,1,1,0,2,1,1,1,0,0,6,12,1,0,adinalif.pdf
0,0,3,0,230,230,218,0,0,278.5234375,0,0,8,3,3,0,125,3,147,0,3,47,1,0,230,22,0,0,f1120pc_accessible.pdf
0,0,2,2,119,119,66,0,0,391.7236328125,0,1,12,3,2,1,14,2,75,1,1,133,12,0,119,17,0,0,09fallbulchar.pdf
0,0,2,2,75,75,24,0,0,77.5,0,1,6,2,2,1,6,1,60,1,1,71,1,6,75,13,0,0,70fr57526.pdf
0,0,1,1,6,6,2,0,0,100.396484375,0,0,1,1,1,1,1,0,2,1,1,1,0,0,6,12,1,0,arktechu.pdf
0,0,1,1,174,174,53,0,0,76.9375,0,0,53,1,1,1,53,1,7,1,1,59,0,0,174,11,0,0,rp97-60.pdf
0,0,2,2,29,29,10,0,0,24.953125,0,1,4,3,2,1,4,1,22,1,1,14,1,1,29,11,0,0,n-04-61.pdf
0,0,2,2,35,35,9,0,0,23.517578125,0,1,5,2,2,1,5,1,17,1,1,48,1,0,35,11,0,0,n-04-52.pdf
0,0,2,2,11,11,3,0,0,23.3203125,0,1,1,2,2,1,1,2,4,1,1,0,0,0,11,9,1,0,clawd.pdf
0,0,2,2,109,109,17,0,0,160.3037109375,0,0,3,2,2,2,8,2,132,2,2,62,1,20,109,12,0,0,77fr3506.pdf
0,0,2,0,124,124,118,0,0,159.3994140625,0,1,4,2,2,0,0,2,65,0,2,0,1,0,124,17,0,0,cp259_russian.pdf
0,0,3,0,61,61,55,0,0,95.9677734375,0,0,2,3,3,0,5,3,28,0,3,3,1,0,61,20,0,0,f8606_accessible.pdf
0,0,2,2,28,28,7,0,0,13.6728515625,0,1,5,2,2,1,5,1,11,1,1,25,1,0,28,12,0,0,rr-08-34.pdf
0,0,2,0,62,62,48,0,0,350.9306640625,0,1,12,2,2,0,0,2,6,0,2,0,1,0,62,24,0,0,ReadingOrder-Chinese.pdf
0,0,2,2,22,22,10,0,0,81.9521484375,0,1,1,2,2,1,2,1,23,1,1,5,1,0,22,11,0,0,cdmonln.pdf
0,0,2,2,11,11,3,0,0,26.7890625,0,1,1,2,2,1,1,2,4,1,1,0,0,0,11,8,1,0,benn.pdf
0,0,2,2,11,11,3,0,0,30.1279296875,0,1,1,2,2,1,1,2,4,1,1,0,0,0,11,12,1,0,berksrnt.pdf
0,0,2,2,24,24,7,0,0,45.107421875,0,1,2,2,2,1,2,2,11,1,1,18,1,0,24,11,0,0,n-04-44.pdf
0,0,3,3,162,162,21,0,0,58.6376953125,0,0,5,3,3,2,10,2,147,2,2,79,2,0,162,45,0,0,hacienda_cheque_de_la_conformidad_espanol.pdf
0,0,2,2,56,56,15,0,0,25.0478515625,0,1,13,2,2,1,13,1,13,1,1,43,1,0,56,12,0,0,rp-06-47.pdf
0,0,1,1,26,26,5,0,0,16.990234375,0,0,5,1,1,1,5,1,9,1,1,15,0,0,26,12,0,0,rr-98-30.pdf
0,0,2,2,119,119,81,0,0,74.7001953125,0,1,3,3,2,0,14,1,85,1,1,74,1,0,119,17,0,0,cp71d_english.pdf
0,0,4,0,67,67,60,0,0,97.7900390625,0,0,2,4,4,0,2,4,30,0,4,2,2,0,67,20,0,0,f8880_accessible.pdf
0,0,2,2,46,46,17,0,0,48.4697265625,0,1,5,3,2,1,5,1,40,1,1,64,1,1,46,15,0,0,eta_mdb-pia.pdf
0,0,2,0,31,31,28,0,0,137.8818359375,0,1,1,2,2,0,2,2,10,0,2,1,1,0,31,17,0,0,ascena_retail.pdf
0,0,2,2,11,11,3,0,0,26.4716796875,0,1,1,2,2,1,1,2,4,1,1,0,0,0,11,12,1,0,cislothm.pdf
0,0,2,0,25,25,22,0,0,96.1796875,0,1,1,2,2,0,2,2,9,0,2,1,1,0,25,23,0,0,american_federation.pdf
0,0,1,1,80,80,20,0,0,89.166015625,0,0,10,1,1,1,10,1,72,1,1,74,0,8,80,13,0,0,73fr66173.pdf
0,0,2,2,85,85,25,0,0,117.4140625,0,1,18,4,2,1,18,1,14,1,1,42,1,0,85,10,0,0,breyer.pdf
0,0,2,2,45,45,12,0,0,24.56640625,0,1,11,2,2,1,11,2,8,1,1,17,0,0,45,12,0,0,rp-00-15.pdf
0,0,2,2,43,43,12,0,0,22.0947265625,0,1,10,2,2,1,10,1,11,1,1,30,1,0,43,12,0,0,rr-06-56.pdf
0,0,3,3,22,22,7,0,0,28.1005859375,0,0,2,3,3,2,2,3,10,2,2,0,2,0,22,12,0,0,ackrlmdg.pdf
0,0,3,3,272,272,24,0,0,173.3037109375,0,0,6,3,3,2,7,2,48,2,2,62,2,7,272,11,0,0,i8038tc.pdf
0,0,2,2,11,11,3,0,0,23.9326171875,0,1,1,2,2,1,1,2,4,1,1,0,0,0,11,12,1,0,chrstcom.pdf
0,0,4,4,274,274,41,0,0,160.4482421875,0,0,15,4,4,3,30,3,200,3,3,74,3,0,274,11,0,0,td-9559.pdf
0,0,2,2,88,88,24,0,0,43.796875,0,1,22,2,2,1,22,1,17,1,1,72,1,0,88,11,0,0,n-05-44.pdf
0,0,2,2,11,11,3,0,0,25.091796875,0,1,1,2,2,1,1,2,4,1,1,0,0,0,11,12,1,0,assninmr.pdf
0,0,3,0,80,80,72,0,0,89.5986328125,0,0,4,3,3,0,25,3,49,0,3,11,1,0,80,10,0,0,f1127a.pdf
0,0,2,2,184,184,59,0,0,312.4931640625,0,1,45,2,2,1,45,2,29,1,1,127,1,0,184,11,0,0,a-04-26.pdf
0,0,1,1,6,6,2,0,0,76.935546875,0,0,1,1,1,1,1,0,2,1,1,1,0,0,6,16,1,0,amawebserllc.pdf
3,4,2,2,112,112,50,0,1,49.416015625,0,1,4,3,2,1,32,1,99,1,1,57,1,26,112,16,0,1,48cagreement.pdf
0,0,2,2,12,12,4,0,0,16.8505859375,0,1,1,2,2,1,1,2,5,1,1,0,1,0,12,12,1,0,cableqco.pdf
0,0,3,0,44,44,32,0,0,168.1728515625,0,0,1,3,3,0,3,3,18,0,3,14,2,0,44,19,0,0,bwentertainment.pdf
0,0,2,2,31,31,8,0,0,13.8046875,0,1,6,2,2,1,6,2,10,1,1,14,0,0,31,12,0,0,rr-00-17.pdf
0,0,3,0,89,89,82,0,0,182.8046875,0,0,3,3,3,0,3,3,25,0,3,3,1,0,89,20,0,0,f945a_accessible.pdf
0,0,2,2,35,35,23,0,0,91.751953125,0,1,1,2,2,1,2,1,36,1,1,5,1,0,35,17,0,0,centralvalley.pdf
0,0,2,2,16,16,5,0,0,158.83203125,0,1,1,2,2,1,2,1,17,1,1,5,1,0,16,12,0,0,cbssidos.pdf
0,0,2,2,61,61,16,0,0,29.685546875,0,1,11,2,2,1,11,1,21,1,1,69,1,0,61,11,0,0,n-09-66.pdf
0,0,3,0,176,176,169,0,0,154.763671875,0,0,3,3,3,0,107,3,128,0,3,37,1,0,176,24,0,0,f1120lsm3_accessible.pdf
0,0,2,2,25,25,6,0,0,11.6630859375,0,1,2,2,2,1,2,1,17,1,1,41,1,0,25,11,0,0,n-05-18.pdf
9,10,4,4,418,418,53,0,0,335.435546875,0,0,2,4,4,3,5,6,353,3,3,42,3,30,418,20,0,1,f8653_accessible.pdf
0,0,2,2,11,11,3,0,0,37.7265625,0,1,1,2,2,1,1,2,4,1,1,0,0,0,11,12,1,0,allntncl.pdf
0,0,2,2,32,32,8,0,0,17.4521484375,0,1,4,3,2,1,4,1,22,1,1,14,1,0,32,12,0,0,rr-12-19.pdf
0,0,2,2,12,12,4,0,0,16.65625,0,1,1,2,2,1,1,2,5,1,1,0,1,0,12,12,1,0,ccolease.pdf
0,0,2,2,37,37,25,0,0,74.0712890625,0,1,1,2,2,1,2,1,38,1,1,5,1,0,37,14,0,0,cononetele.pdf
0,0,1,1,6,6,2,0,0,71.5087890625,0,0,1,1,1,1,1,0,2,1,1,1,0,0,6,13,1,0,cedcomllc.pdf
0,0,2,0,31,31,28,0,0,117.9306640625,0,1,1,2,2,0,2,2,10,0,2,1,1,0,31,13,0,0,advanceme.pdf
0,0,2,2,81,81,20,0,0,375.875,0,1,9,2,2,1,9,1,61,1,1,105,1,0,81,11,0,0,ar-1875.pdf
0,0,2,2,25,25,6,0,0,10.89453125,0,1,4,2,2,1,4,1,11,1,1,24,1,0,25,12,0,0,rr-05-77.pdf
0,0,4,6,83,83,31,0,0,77.31640625,0,0,19,9,4,3,22,7,71,3,7,62,3,3,83,37,0,0,inplan_roth_phoneforum_transcript.pdf
0,0,1,1,6,6,2,0,0,71.3876953125,0,0,1,1,1,1,1,0,2,1,1,1,0,0,6,12,1,0,bridgmps.pdf
0,0,4,0,52,52,45,0,0,73.6484375,0,0,2,5,4,0,3,4,30,0,4,3,3,0,52,9,0,0,f1138.pdf
0,0,2,2,11,11,3,0,0,25.837890625,0,1,1,2,2,1,1,2,4,1,1,0,0,0,11,12,1,0,activink.pdf
2,3,2,2,84,84,23,0,0,44.7578125,0,0,1,2,2,2,13,2,54,2,2,36,2,30,84,10,0,1,f13896.pdf
0,0,1,1,32,32,9,0,0,52.8916015625,0,0,2,1,1,1,2,1,29,1,1,56,0,0,32,13,0,0,69fr78482.pdf
0,0,2,2,136,136,13,1,0,66.216796875,0,1,7,2,2,1,7,2,122,1,1,31,1,0,136,11,0,0,a-02-97.pdf
0,0,4,0,78,78,70,0,0,86.46875,0,0,3,5,4,0,25,4,53,0,4,17,3,0,78,9,0,0,f8806.pdf
0,0,2,2,46,46,18,0,0,43.9521484375,0,1,6,3,2,1,6,1,42,1,1,52,1,1,46,11,0,0,eoe-pia.pdf
0,0,2,2,72,72,9,1,0,57.912109375,0,1,3,2,2,2,3,2,17,1,1,33,0,0,72,12,0,0,arromdee.pdf
0,0,2,2,48,48,13,0,0,24.5322265625,0,1,11,2,2,1,11,1,11,1,1,31,1,0,48,12,0,0,rp-09-19.pdf
0,0,3,0,76,76,71,0,0,54.0478515625,0,0,1,3,3,0,37,3,56,0,3,13,1,0,76,22,0,0,f1065sc_accessible.pdf
0,0,2,2,44,44,22,0,0,100.326171875,0,1,1,3,2,1,1,1,28,1,1,57,1,0,44,20,0,0,cp178_vietnamese.pdf
0,0,2,2,219,219,15,1,0,54.58984375,0,1,8,2,2,1,8,1,205,1,1,40,1,2,219,11,0,0,12kahle.pdf
0,0,1,1,6,6,2,0,0,74.5625,0,0,1,1,1,1,1,0,2,1,1,1,0,0,6,11,1,0,artstor.pdf
0,0,2,2,228,228,27,0,0,270.828125,0,1,1,2,2,1,2,1,182,1,1,70,1,1,228,14,0,0,channelfix.pdf
0,0,2,2,28,28,8,0,0,22.5556640625,0,1,5,3,2,1,5,1,13,2,1,25,1,0,28,12,0,0,rr-11-29.pdf
0,0,2,2,47,47,13,0,0,27.234375,0,1,9,2,2,1,9,1,17,1,1,52,1,0,47,11,0,0,n-05-57.pdf
0,0,2,2,28,28,16,0,0,83.0361328125,0,1,1,2,2,1,2,1,27,1,1,5,1,0,28,13,0,0,charrusse.pdf
0,0,2,2,27,27,10,0,0,19.697265625,0,1,4,3,2,1,4,1,21,1,1,35,1,0,27,12,0,0,rr-08-28.pdf
0,0,2,2,21,21,6,0,0,43.8212890625,0,1,1,2,2,1,1,2,11,1,1,17,1,0,21,11,0,0,n-03-23.pdf
0,0,2,2,21,21,6,0,0,35.3076171875,0,1,2,2,2,1,2,2,9,1,1,10,1,0,21,11,0,0,a-04-56.pdf
0,0,2,2,27,27,7,0,0,17.1103515625,0,1,4,2,2,1,4,1,11,1,1,24,1,0,27,11,0,0,n-10-48.pdf
0,0,1,1,6,6,2,0,0,78.037109375,0,0,1,1,1,1,1,0,2,1,1,1,0,0,6,13,1,0,avotmedia.pdf
2,2,3,4,241,241,149,2,0,209.02734375,0,0,1,4,3,2,128,2,291,2,2,122,2,63,240,9,0,1,f5129.pdf
0,0,2,2,41,41,29,0,0,92.9091796875,0,1,1,2,2,1,2,1,40,1,1,5,1,0,41,10,0,0,binarb.pdf
0,0,2,2,75,75,29,0,0,59.3837890625,0,1,21,3,2,1,21,1,48,1,1,64,1,1,75,11,0,0,n-06-46.pdf
0,0,2,2,41,41,11,0,0,24.802734375,0,1,8,2,2,1,8,1,13,1,1,38,1,0,41,12,0,0,rp-08-14.pdf
0,0,5,5,1280,1280,87,0,0,374.5888671875,0,0,12,14,5,5,24,5,1777,5,5,217,5,227,1280,14,0,0,rne_fall08.pdf
0,0,2,2,477,477,60,0,0,290.6435546875,0,1,14,3,2,1,23,1,246,1,1,221,1,64,477,11,0,0,i1040sh.pdf
0,0,1,1,47,47,13,0,0,24.716796875,0,0,12,1,1,1,12,1,8,1,1,26,1,0,47,12,0,0,13431705.pdf
0,0,5,0,53,53,47,0,0,74.939453125,0,0,1,6,5,0,2,5,33,0,5,2,4,0,53,10,0,0,fw11sp.pdf
0,0,2,2,11,11,3,0,0,29.142578125,0,1,1,2,2,1,1,2,4,1,1,0,0,0,11,9,1,0,aaoto.pdf
0,0,1,1,6,6,2,0,0,81.501953125,0,0,1,1,1,1,1,0,2,1,1,1,0,0,6,12,1,0,arctcslp.pdf
0,0,1,1,6,6,2,0,0,74.5302734375,0,0,1,1,1,1,1,0,2,1,1,1,0,0,6,13,1,0,ativacorp.pdf
0,0,2,2,164,164,136,0,0,208.6552734375,0,0,1,2,2,2,2,2,209,2,2,64,3,0,164,24,0,0,Spanish_CNAstatement.pdf
0,0,2,2,30,30,9,0,0,46.015625,0,1,5,2,2,1,5,2,9,1,1,13,1,0,30,12,0,0,rr-03-56.pdf
0,0,2,2,59,59,35,0,0,127.2421875,0,1,11,3,2,1,11,1,45,1,1,35,1,0,59,15,0,0,qtdpcredits.pdf
0,0,1,0,1541,1541,26,0,0,280.9150390625,0,0,1,1,1,1,1,35,1861,1,1,35,1,154,1541,21,0,0,bloomberg_finance.pdf
0,0,3,0,126,126,118,0,0,153.3916015625,0,0,4,3,3,0,61,3,87,0,3,23,1,0,126,21,0,0,f941pr_accessible.pdf
0,0,2,2,46,46,17,0,0,35.2138671875,0,1,12,3,2,1,12,1,30,1,1,42,1,0,46,12,0,0,rr-08-23.pdf
0,0,2,2,49,49,14,0,0,39.3427734375,0,1,9,2,2,1,9,1,17,1,1,52,1,0,49,11,0,0,n-11-09.pdf
0,0,1,1,17,17,2,0,0,19.388671875,0,0,2,1,1,1,2,1,12,1,1,25,0,0,17,13,0,0,63fr66041.pdf
0,0,2,2,40,40,17,1,0,53.3916015625,0,1,1,2,2,1,1,1,33,1,1,55,1,0,40,12,0,0,70fr9111.pdf
0,0,2,2,54,54,25,0,0,87.2412109375,0,1,4,3,2,1,4,1,33,1,1,66,1,1,54,11,0,0,n-09-45.pdf
0,0,1,1,6,6,2,0,0,77.55078125,0,0,1,1,1,1,1,0,2,1,1,1,0,0,6,12,1,0,blinkxin.pdf
0,0,1,1,411,411,57,1,0,471.4580078125,0,0,0,1,1,1,38,1,177,1,1,92,0,71,411,74,0,0,Example PDF - Encrypted with Low Quality Printing and Password to View.pdf
0,0,3,0,61,61,54,0,0,257.0576171875,0,0,3,3,3,0,18,3,37,0,3,7,1,0,61,10,0,0,f5310a.pdf
0,0,2,2,35,35,8,0,0,30.072265625,0,1,4,2,2,1,4,1,20,1,1,66,1,0,35,11,0,0,n-10-36.pdf
0,0,2,2,220,220,28,0,0,67.783203125,0,1,6,3,2,1,6,8,253,1,1,91,1,2,220,23,0,0,f1099o11_accessible.pdf
0,0,1,1,6,6,2,0,0,79.8681640625,0,0,1,1,1,1,1,0,2,1,1,1,0,0,6,12,1,0,colmusoc.pdf
1,2,2,2,275,275,46,0,0,247.716796875,0,1,2,3,2,1,20,1,456,1,1,59,1,201,275,20,0,1,f706d_accessible.pdf
0,0,2,2,29,29,6,1,0,14.587890625,0,1,5,2,2,1,5,2,11,1,1,26,0,0,29,11,0,0,n-01-49.pdf
0,0,2,2,45,45,9,0,0,19.9697265625,0,1,5,3,2,1,5,1,34,1,1,35,1,1,45,12,0,0,rp-08-20.pdf
0,0,2,2,27,27,13,1,0,38.9794921875,0,1,1,2,2,0,1,1,14,1,1,25,1,0,27,10,0,0,bohman.pdf
0,0,2,0,41,41,38,0,0,258.15234375,0,1,1,2,2,0,3,2,11,0,2,1,1,0,41,12,0,0,brodcstm.pdf
0,0,2,2,55,55,17,0,0,59.06640625,0,1,2,2,2,1,2,1,57,1,1,59,1,6,55,15,0,0,70fr38022-3.pdf
0,0,3,0,70,70,63,0,0,94.724609375,0,0,3,3,3,0,17,3,39,0,3,17,1,0,70,22,0,0,f8849s3_accessible.pdf
0,0,2,0,28,28,25,0,0,120.3994140625,0,1,1,2,2,0,2,2,10,0,2,1,1,0,28,22,0,0,boundless_learning.pdf
0,0,3,3,86,86,33,0,0,59.71484375,0,0,2,3,3,2,17,2,79,2,2,72,2,11,86,11,0,0,f5305sa.pdf
0,0,2,2,47,47,20,0,0,56.7822265625,0,1,11,3,2,1,11,1,27,1,1,33,1,0,47,12,0,0,rr-06-12.pdf
0,0,2,2,39,39,12,0,0,77.3115234375,0,1,5,2,2,1,5,2,15,1,1,37,1,0,39,12,0,0,rp-03-51.pdf
0,0,2,2,28,28,5,1,0,13.8642578125,0,1,4,2,2,1,4,2,11,1,1,25,0,0,28,12,0,0,rr-02-42.pdf
0,0,2,2,36,36,13,0,0,29.1396484375,0,1,6,3,2,1,6,1,27,1,1,58,1,0,36,11,0,0,n-09-97.pdf
0,0,3,3,77,77,15,2,0,74.8623046875,0,0,4,3,3,4,4,3,84,4,3,69,2,12,77,13,0,0,71fr45749.pdf
0,0,1,1,6,6,2,0,0,73.380859375,0,0,1,1,1,1,1,0,2,1,1,1,0,0,6,11,1,0,camcomm.pdf
0,0,3,0,61,61,55,0,0,83.3642578125,0,0,2,3,3,0,8,3,33,0,3,4,1,0,61,9,0,0,f8917.pdf
0,0,3,0,189,189,183,0,0,174.2294921875,0,0,2,3,3,0,118,3,144,0,3,40,1,0,189,20,0,0,f1040_accessible.pdf
0,0,2,2,87,87,25,0,0,31.33984375,0,1,24,2,2,1,24,2,10,1,1,34,0,0,87,12,0,0,rp-00-11.pdf
0,0,2,2,35,35,12,0,0,266.2490234375,0,0,5,3,2,1,5,3,29,1,3,43,0,0,35,60,0,0,das_bond_remarks_at_may_2009_symposium_on_ipca_and_japan.pdf
0,0,2,2,55,55,14,0,0,26.89453125,0,1,13,2,2,2,13,1,11,2,1,33,0,0,55,12,0,0,rp-09-25.pdf
0,0,2,2,141,141,25,0,0,201.353515625,0,1,1,2,2,1,2,1,96,1,1,60,1,1,141,11,0,0,chirrpy.pdf
0,0,2,2,11,11,3,0,0,22.23046875,0,1,1,2,2,1,1,2,4,1,1,0,0,0,11,11,1,0,ccnengl.pdf
0,0,1,1,39,39,10,0,0,16.60546875,0,0,8,1,1,1,9,1,8,1,1,18,0,0,39,12,0,0,rr-98-60.pdf
0,0,2,2,60,60,7,1,0,51.5146484375,0,1,1,2,2,1,1,2,63,1,1,25,1,1,60,11,0,0,a-02-74.pdf
0,0,2,2,11,11,3,0,0,24.68359375,0,1,1,2,2,1,1,2,4,1,1,0,0,0,11,11,1,0,air2lan.pdf
0,0,2,2,13,13,4,0,0,61.3251953125,0,0,2,2,2,0,2,1,4,0,1,0,0,0,13,25,1,0,beethoven-notice.2006.pdf
0,0,2,2,27,27,15,0,0,74.46484375,0,1,1,2,2,1,2,1,26,1,1,5,1,0,27,18,0,0,charmingdirect.pdf
0,0,3,3,145,145,20,2,0,46.9912109375,0,0,3,3,3,3,6,2,128,3,2,47,2,0,145,41,0,0,restatment_mex_llc_map_12_22_05_final.pdf
0,0,2,2,45,45,12,0,0,25.9638671875,0,1,10,2,2,1,10,1,13,1,1,40,1,0,45,12,0,0,rp-04-59.pdf
0,0,3,3,54,54,22,0,0,245.1484375,0,0,2,3,3,2,2,2,43,2,2,94,8,0,54,12,0,0,p4523esp.pdf
0,0,4,0,136,136,129,0,0,112.3935546875,0,0,2,5,4,0,81,4,109,0,4,47,3,0,136,9,0,0,f8839.pdf
0,0,2,2,22,22,10,0,0,72.6416015625,0,1,1,2,2,1,2,1,21,1,1,5,1,0,22,16,0,0,americsafety.pdf
0,0,3,0,79,79,72,0,0,157.357421875,0,0,3,3,3,0,3,3,25,0,3,3,1,0,79,22,0,0,f943apr_accessible.pdf
0,0,4,0,156,156,146,0,0,126.099609375,0,0,5,5,4,0,90,4,119,0,4,62,3,0,156,10,0,0,f990sn.pdf
0,0,1,0,104,104,95,1,0,183.578125,0,1,6,3,1,0,8,1,51,0,1,6,2,0,104,30,0,0,ssa_irs_reporter_summer_sp.pdf
0,0,4,4,155,155,63,0,0,175.9150390625,0,0,2,6,4,3,9,3,126,3,3,155,3,0,155,12,0,0,p4346dkr.pdf
0,0,1,1,58,58,31,0,0,144.01953125,0,0,6,1,1,1,6,1,26,1,1,18,0,0,58,17,0,0,4-brad-huther.pdf
0,0,4,0,74,74,65,0,0,102.6533203125,0,0,4,5,4,0,17,4,46,0,4,9,3,0,74,8,0,0,fw4p.pdf
0,0,2,2,77,77,22,0,0,39.220703125,0,1,20,2,2,1,20,1,13,1,1,50,1,0,77,11,0,0,n-09-53.pdf
0,0,2,2,11,11,3,0,0,27.2626953125,0,1,1,2,2,1,1,2,4,1,1,0,0,0,11,12,1,0,beauftcl.pdf
0,0,2,2,35,35,14,0,0,22.7822265625,0,1,1,3,2,1,1,1,26,1,1,44,1,1,35,17,0,0,20-elly-macha.pdf
0,0,2,2,36,36,11,1,0,13.828125,0,1,3,2,2,1,3,2,9,1,1,17,0,0,36,17,0,0,qiattachchile.pdf
0,0,2,0,24,24,21,0,0,47.7978515625,0,1,1,2,2,0,0,2,7,0,2,1,1,0,24,20,0,0,international_qa.pdf
0,0,2,0,33,33,30,0,0,194.626953125,0,1,1,2,2,0,2,2,10,0,2,1,1,0,33,11,0,0,belcaro.pdf
0,0,1,1,6,6,2,0,0,78.49609375,0,0,1,1,1,1,1,0,2,1,1,1,0,0,6,12,1,0,camcmsol.pdf
0,0,2,2,112,112,16,0,0,105.892578125,0,1,1,2,2,1,2,1,91,1,1,20,1,3,112,12,0,0,audio_is.pdf
1,0,2,2,29,29,17,0,0,76.45703125,0,1,1,2,2,1,2,1,28,1,1,5,1,0,29,10,0,0,connec.pdf
0,0,2,2,157,157,27,0,0,136.0166015625,0,1,6,2,2,1,8,1,39,1,1,71,1,1,157,12,0,0,i1120utp.pdf
0,0,1,1,6,6,2,0,0,79.2734375,0,0,1,1,1,1,1,0,2,1,1,1,0,0,6,12,1,0,alcolmar.pdf
0,0,2,2,108,108,68,0,0,55.1943359375,0,1,3,2,2,1,14,1,77,1,1,77,1,0,108,16,0,0,cp20_english.pdf
0,0,1,1,6,6,2,0,0,71.8466796875,0,0,1,1,1,1,1,0,2,1,1,1,0,0,6,11,1,0,bunkweb.pdf
0,0,2,2,34,34,8,0,0,25.0107421875,0,1,6,2,2,1,6,2,12,1,1,20,0,0,34,11,0,0,rr-00-8.pdf
0,0,2,2,329,329,54,0,0,361.650390625,0,1,32,3,2,1,32,1,71,1,1,100,1,20,329,12,0,0,irb04-28.pdf
0,0,2,2,84,84,25,0,0,46.015625,0,1,22,2,2,1,22,1,11,1,1,42,1,0,84,12,0,0,rp-06-53.pdf
0,0,1,1,6,6,2,0,0,82.3798828125,0,0,1,1,1,1,1,0,2,1,1,1,0,0,6,13,1,0,choralpub.pdf
0,0,2,0,34,34,31,0,0,146.4033203125,0,1,1,2,2,0,2,2,11,0,2,1,1,0,34,18,0,0,academiacs_inc.pdf
0,0,1,1,9,9,4,0,0,105.12109375,0,0,2,1,1,1,2,0,3,1,1,2,0,0,9,11,1,0,cnetinc.pdf
0,0,3,0,167,167,159,0,0,155.6318359375,0,0,4,3,3,0,100,3,123,0,3,36,1,0,167,21,0,0,f3520a_accessible.pdf
0,0,1,1,22,22,3,0,0,27.0625,0,0,3,1,1,1,3,1,15,1,1,30,0,0,22,13,0,0,63fr29137.pdf
0,0,3,0,52,52,46,0,0,123.1884765625,0,0,2,3,3,0,4,3,27,0,3,4,1,0,52,9,0,0,f8933.pdf
0,0,2,2,11,11,3,0,0,30.94140625,0,1,1,2,2,1,1,2,4,1,1,0,0,0,11,12,1,0,artstdir.pdf
0,0,1,1,34,34,8,0,0,24.9609375,0,0,7,1,1,1,7,1,11,1,1,28,1,0,34,11,0,0,055202f.pdf
2,3,3,3,278,278,148,0,0,113.328125,0,0,4,4,3,2,126,2,236,2,2,150,2,48,278,8,0,1,f970.pdf
0,0,2,2,40,40,16,0,0,31.5810546875,0,1,11,3,2,1,11,1,25,1,1,31,1,0,40,12,0,0,rp-11-46.pdf
0,0,2,2,68,68,25,0,0,233.5791015625,0,1,2,2,2,1,3,1,44,1,1,58,1,0,68,12,0,0,p4393esp.pdf
0,0,1,1,25,25,5,0,0,13.73828125,0,0,5,1,1,1,5,1,8,1,1,13,0,0,25,11,0,0,n-99-23.pdf
0,0,3,3,263,263,132,0,0,105.0244140625,0,0,3,3,3,2,107,2,240,2,2,181,2,53,263,10,0,0,f8288b.pdf
0,0,2,2,436,436,32,1,0,202.77734375,0,1,25,2,2,1,25,2,387,1,1,56,1,0,436,12,0,0,rp-02-28.pdf
0,0,2,2,190,190,21,1,0,113.423828125,0,1,13,2,2,1,13,2,126,1,1,53,1,0,190,12,0,0,rr-02-69.pdf
0,0,2,2,51,51,14,0,0,30.9873046875,0,1,12,2,2,1,12,2,10,1,1,20,0,0,51,11,0,0,a-00-19.pdf
0,0,3,4,122,122,47,0,0,125.1337890625,0,0,4,4,3,2,10,3,116,2,2,157,2,17,121,11,0,0,f4868sp.pdf
0,0,1,1,9,9,4,0,0,147.5185546875,0,0,2,1,1,1,2,0,3,1,1,2,0,0,9,12,1,0,compusei.pdf
0,0,2,2,24,24,5,0,0,15.1494140625,0,1,2,3,2,1,2,1,15,2,1,32,1,0,24,11,0,0,a-10-54.pdf
0,0,2,2,11,11,3,0,0,27.9501953125,0,1,1,2,2,1,1,2,4,1,1,0,0,0,11,9,1,0,connw.pdf
0,0,2,2,27,27,8,0,0,37.392578125,0,1,4,2,2,1,4,2,9,1,1,12,1,0,27,12,0,0,rr-04-59.pdf
0,0,2,0,70,70,64,0,0,158.0185546875,0,1,4,2,2,0,6,2,28,0,2,4,2,0,70,10,0,0,circ10.pdf
0,0,2,2,63,63,17,1,0,34.8232421875,0,1,9,2,2,1,9,2,11,1,1,30,0,0,63,12,0,0,rr-01-62.pdf
0,0,2,2,12,12,4,0,0,21.384765625,0,1,1,2,2,1,1,2,5,1,1,0,1,0,12,12,1,0,arundlib.pdf
0,0,1,1,6,6,1,0,0,1.1142578125,0,0,1,1,1,1,1,1,3,1,1,3,0,0,6,23,1,0,purepdf_helloworld3.pdf
0,0,1,1,7,7,3,0,0,67.068359375,0,0,1,1,1,1,1,1,3,1,1,1,1,0,7,12,1,0,conwestr.pdf
0,0,2,2,39,39,14,0,0,38.470703125,0,1,5,3,2,1,5,1,32,1,1,48,1,1,39,11,0,0,rtr-pia.pdf
0,0,1,1,6,6,2,0,0,72.3046875,0,0,1,1,1,1,1,0,2,1,1,1,0,0,6,12,1,0,biscbayp.pdf
0,0,3,3,149,149,55,0,0,151.9150390625,0,0,30,3,3,3,33,3,26,3,2,70,2,0,149,11,0,0,073801f.pdf
0,0,2,2,144,144,26,0,0,120.416015625,0,1,4,2,2,1,7,1,47,1,1,70,1,3,144,9,0,0,i1098.pdf
0,0,4,0,162,162,154,0,0,136.5546875,0,0,2,4,4,0,101,4,133,0,4,35,1,0,162,20,0,0,f8942_accessible.pdf
2,3,2,4,213,213,94,0,0,107.15234375,0,0,4,6,2,2,66,6,262,2,5,79,2,51,213,22,0,1,f8609sa_accessible.pdf
0,0,2,2,55,55,14,0,0,29.5419921875,0,1,12,2,2,1,12,1,15,1,1,52,1,0,55,12,0,0,rp-08-38.pdf
0,0,2,2,25,25,11,0,0,17.7822265625,0,1,1,2,2,1,1,1,11,1,1,21,1,0,25,13,0,0,07cofigbs.pdf
0,0,1,1,6,6,2,0,0,76.59375,0,0,1,1,1,1,1,0,2,1,1,1,0,0,6,12,1,0,artallie.pdf
0,0,2,2,31,31,8,1,0,15.6875,0,1,7,2,2,1,7,2,7,1,1,14,0,0,31,11,0,0,rr-02-9.pdf
0,0,2,2,28,28,16,0,0,88.62109375,0,1,1,2,2,1,2,1,29,1,1,5,1,0,28,12,0,0,comctcbl.pdf
0,0,3,3,95,95,21,1,0,60.3974609375,0,0,1,3,3,2,2,2,79,2,2,48,2,0,95,12,0,0,a2011_76.pdf
0,0,2,2,11,11,3,0,0,30.8935546875,0,1,1,2,2,1,1,2,4,1,1,0,0,0,11,7,1,0,apb.pdf
0,0,2,2,76,76,22,0,0,42.783203125,0,1,19,2,2,1,19,1,13,1,1,49,1,0,76,11,0,0,n-11-66.pdf
0,0,2,0,33,33,30,0,0,105.6943359375,0,1,1,2,2,0,2,2,9,0,2,1,1,0,33,15,0,0,bravo_media.pdf
0,0,2,2,131,131,24,0,0,182.5634765625,0,1,1,2,2,1,2,1,87,1,1,57,1,1,131,19,0,0,americans_elect.pdf
0,0,2,2,30,30,18,0,0,74.810546875,0,1,1,2,2,1,2,1,31,1,1,5,1,0,30,12,0,0,allyfinc.pdf
0,0,1,1,6,6,2,0,0,87.6845703125,0,0,1,1,1,1,1,0,2,1,1,1,0,0,6,12,1,0,admhollc.pdf
0,0,1,1,83,83,12,0,0,64.8662109375,0,0,5,1,1,1,5,1,117,1,1,53,0,21,83,13,0,0,73fr60658.pdf
0,0,2,2,344,344,31,0,0,197.8857421875,0,1,10,2,2,1,13,1,149,1,1,87,1,102,344,9,0,0,i8938.pdf
0,0,2,2,65,65,33,0,0,55.28515625,0,1,4,3,2,0,10,1,41,1,1,66,1,0,65,18,0,0,cp259d_english.pdf
0,0,2,2,33,33,15,0,0,24.37109375,0,1,2,3,2,1,2,1,22,1,1,45,1,0,33,11,0,0,a-05-36.pdf
2,3,1,2,181,181,74,0,0,220.373046875,0,0,2,3,1,1,47,3,154,1,2,104,1,46,181,22,0,1,f1120sh_accessible.pdf
0,0,2,0,34,34,31,0,0,179.40234375,0,1,1,2,2,0,2,2,10,0,2,1,1,0,34,18,0,0,american_youth.pdf
0,0,1,1,10,10,2,0,0,6.03515625,0,0,1,1,1,1,1,1,6,1,1,13,0,0,10,22,1,0,purepdf_arabictext.pdf
0,0,5,5,365,365,28,0,0,163.9716796875,0,0,3,5,5,4,9,4,402,4,4,107,4,24,365,23,0,0,ps_responsibilities.pdf
2,3,3,3,166,166,75,0,0,78.123046875,0,0,2,4,3,2,54,2,139,2,2,90,2,30,166,9,0,1,f1310.pdf
0,0,2,2,35,35,8,0,0,28.380859375,0,1,4,2,2,1,4,1,21,1,1,63,1,0,35,11,0,0,n-09-96.pdf
0,0,1,1,6,6,2,0,0,77.857421875,0,0,1,1,1,1,1,0,2,1,1,1,0,0,6,12,1,0,bayspgtc.pdf
0,0,1,1,18,18,10,0,0,324.677734375,0,0,5,1,1,1,5,0,6,1,1,5,0,0,18,12,0,0,advmedrg.pdf
0,0,1,1,29,29,8,0,0,48.9521484375,0,0,3,1,1,1,3,1,28,1,1,43,0,0,29,13,0,0,74fr33930.pdf
0,0,2,2,107,107,23,0,0,206.48046875,0,1,1,2,2,1,2,1,82,1,1,55,1,2,107,12,0,0,ask_frog.pdf
0,0,1,1,12,12,6,0,0,7.1728515625,0,0,3,1,1,1,3,1,9,1,1,0,0,0,12,21,1,0,purepdf_slideshow.pdf
0,0,2,2,52,52,21,0,0,67.12890625,0,1,4,2,2,1,4,1,35,1,1,66,1,0,52,13,0,0,70fr15587.pdf
0,0,1,2,137,137,19,0,0,83.9208984375,0,0,10,3,1,1,10,2,177,1,2,64,1,13,137,31,0,0,whistleblower_annual_report.pdf
0,0,1,1,6,6,2,0,0,73.23046875,0,0,1,1,1,1,1,0,2,1,1,1,0,0,6,12,1,0,advsrctr.pdf
0,0,3,0,113,113,83,0,0,123.177734375,0,0,27,3,3,1,0,3,7,1,3,0,2,0,113,11,0,0,105101f.pdf
0,0,2,2,88,88,14,0,0,172.3876953125,0,0,1,2,2,2,6,2,108,2,2,60,1,14,88,27,0,0,Federal Register Notice.pdf
0,0,2,0,29,29,26,0,0,98.9912109375,0,1,1,2,2,0,2,2,10,0,2,1,1,0,29,13,0,0,boardreas.pdf
0,0,3,3,83,83,32,0,0,42.201171875,0,0,8,3,3,4,11,2,36,4,2,64,2,0,83,11,0,0,072502f.pdf
0,0,1,1,7,7,1,0,0,1.3583984375,0,0,1,1,1,1,1,1,4,1,1,5,0,0,7,24,1,0,purepdf_listexample2.pdf
0,0,1,1,6,6,2,0,0,71.62109375,0,0,1,1,1,1,1,0,2,1,1,1,0,0,6,15,1,0,auctportion.pdf
0,0,2,2,33,33,21,0,0,80.640625,0,1,1,2,2,1,2,1,32,1,1,5,1,0,33,14,0,0,artstarllc.pdf
0,0,1,1,41,41,9,0,0,30.376953125,0,0,8,1,1,1,8,1,17,1,1,43,1,0,41,11,0,0,065101f.pdf
0,0,3,0,65,65,58,0,0,118.0673828125,0,0,3,3,3,0,21,3,43,0,3,9,1,0,65,22,0,0,fw3pr11_accessible.pdf
0,0,1,1,6,6,2,0,0,75.1865234375,0,0,1,1,1,1,1,0,2,1,1,1,0,0,6,12,1,0,bitzicrp.pdf
0,0,2,2,35,35,9,0,0,16.849609375,0,1,6,2,2,1,6,1,13,1,1,36,1,0,35,11,0,0,n-05-27.pdf
0,0,2,2,41,41,20,0,0,94.138671875,0,1,1,3,2,1,1,1,26,1,1,59,1,0,41,16,0,0,cp53_russian.pdf
0,0,2,2,49,49,10,0,0,24.748046875,0,1,5,3,2,1,5,1,34,1,1,35,1,1,49,11,0,0,n-12-32.pdf
0,0,1,1,6,6,2,0,0,81.4970703125,0,0,1,1,1,1,1,0,2,1,1,1,0,0,6,12,1,0,bomisinc.pdf
0,0,2,2,11,11,3,0,0,27.9306640625,0,1,1,2,2,1,1,2,4,1,1,0,0,0,11,12,1,0,bentleyc.pdf
0,0,3,0,105,105,97,0,0,89.806640625,0,0,4,3,3,0,58,3,81,0,3,24,2,0,105,10,0,0,f5884c.pdf
0,0,2,2,48,48,17,0,0,93.0576171875,0,1,2,2,2,1,2,2,17,1,1,42,1,0,48,23,0,0,recommendations2003.pdf
0,0,2,0,27,27,24,0,0,102.2607421875,0,1,1,2,2,0,2,2,10,0,2,1,1,0,27,22,0,0,associated_content.pdf
0,0,2,2,37,37,24,0,0,99.8544921875,0,1,2,2,2,1,3,1,41,1,1,5,1,0,37,15,0,0,ancestopera.pdf
0,0,3,0,388,388,377,0,0,284.779296875,0,0,7,3,3,0,298,3,321,0,3,104,1,0,388,20,0,0,f5227_accessible.pdf
0,0,2,2,112,112,33,0,0,64.3232421875,0,1,31,2,2,1,31,1,13,1,1,61,1,0,112,12,0,0,rp-11-41.pdf
0,0,2,2,32,32,12,0,0,32.3447265625,0,1,5,3,2,1,5,1,23,1,1,38,1,0,32,11,0,0,n-04-46.pdf
0,0,2,2,68,68,21,0,0,78.65625,0,1,17,2,2,1,17,2,9,1,1,25,1,0,68,12,0,0,rp-03-75.pdf
0,0,1,1,6,6,2,0,0,76.841796875,0,0,1,1,1,1,1,0,2,1,1,1,0,0,6,12,1,0,ampromis.pdf
0,0,2,2,37,37,7,1,0,13.27734375,0,1,2,3,2,1,2,5,24,1,1,4,1,1,37,11,0,0,cameron.pdf
2,3,1,1,231,231,37,0,0,220.6669921875,0,0,2,1,1,1,16,14,247,1,1,61,1,38,231,19,0,1,f673_accessible.pdf
0,0,1,1,6,6,2,0,0,84.296875,0,0,1,1,1,1,1,0,2,1,1,1,0,0,6,12,1,0,albrisin.pdf
0,0,2,2,11,11,3,0,0,34.6728515625,0,1,1,2,2,1,1,2,4,1,1,0,0,0,11,12,1,0,binarynt.pdf
0,0,1,0,112,112,68,0,0,181.0390625,0,1,42,2,1,0,41,1,5,0,1,41,1,0,112,9,0,0,p4810.pdf
0,0,1,1,6,6,2,0,0,72.185546875,0,0,1,1,1,1,1,0,2,1,1,1,0,0,6,11,1,0,beheeml.pdf
0,0,4,0,184,184,176,0,0,141.5341796875,0,0,4,4,4,0,118,4,145,0,4,61,2,0,184,10,0,0,f941ss.pdf
0,0,2,2,11,11,3,0,0,27.5791015625,0,1,1,2,2,1,1,2,4,1,1,0,0,0,11,12,1,0,armstgpa.pdf
0,0,1,1,6,6,2,0,0,75.501953125,0,0,1,1,1,1,1,0,2,1,1,1,0,0,6,10,1,0,brital.pdf
0,0,1,1,6,6,2,0,0,74.5146484375,0,0,1,1,1,1,1,0,2,1,1,1,0,0,6,10,1,0,betinf.pdf
0,0,2,2,11,11,3,0,0,27.2255859375,0,1,1,2,2,1,1,2,4,1,1,0,0,0,11,10,1,0,amia10.pdf
0,0,2,2,195,195,30,0,0,147.32421875,0,1,6,2,2,1,9,1,50,1,1,88,1,1,195,15,0,0,i8955ssa_10.pdf
0,0,3,0,182,182,176,0,0,190.4697265625,0,0,2,3,3,0,131,3,152,0,3,45,1,0,182,20,0,0,f8938_accessible.pdf
0,0,2,2,61,61,14,0,0,35.265625,0,1,11,3,2,1,11,1,21,2,1,21,1,0,61,12,0,0,rp-11-22.pdf
0,0,2,2,19,19,6,0,0,11.556640625,0,1,2,3,2,1,2,1,16,1,1,12,1,0,19,12,0,0,rr-06-02.pdf
0,0,3,0,107,107,102,0,0,91.50390625,0,0,1,3,3,0,58,3,82,0,3,20,1,0,107,20,0,0,fw7sp_accessible.pdf
0,0,2,2,47,47,25,0,0,225.84375,0,1,1,2,2,1,3,2,33,1,1,23,5,0,47,15,0,0,Brady_Kuehl.pdf
0,0,1,1,41,41,13,1,0,128.16015625,0,0,3,1,1,1,1,1,16,1,1,41,0,2,41,20,0,0,1-meredith-filak.pdf
0,0,1,1,6,6,2,0,0,75.958984375,0,0,1,1,1,1,1,0,2,1,1,1,0,0,6,12,1,0,axsenllc.pdf
0,0,2,2,11,11,3,0,0,21.71875,0,1,1,2,2,1,1,2,4,1,1,0,0,0,11,12,1,0,chattano.pdf
0,0,2,2,70,70,18,1,0,41.392578125,0,1,17,2,2,1,17,2,15,1,1,45,0,1,70,11,0,0,n-01-76.pdf
0,0,2,0,31,31,28,0,0,136.1904296875,0,1,1,2,2,0,2,2,10,0,2,1,1,0,31,15,0,0,cloud_tiger.pdf
0,0,2,2,35,35,9,0,0,25.1083984375,0,1,5,2,2,1,5,1,15,1,1,46,1,0,35,12,0,0,rp-07-61.pdf
0,0,2,2,224,224,36,0,0,135.9521484375,0,1,21,3,2,1,21,1,324,1,1,77,1,53,224,31,0,0,nta_senbudget_taxgap_021506.pdf
0,0,1,1,6,6,2,0,0,73.5185546875,0,0,1,1,1,1,1,0,2,1,1,1,0,0,6,11,1,0,alfyinc.pdf
0,0,1,1,7,7,3,0,0,100.916015625,0,0,1,1,1,1,1,1,3,1,1,1,1,0,7,12,1,0,admheldp.pdf
0,0,2,2,35,35,13,0,0,24.7529296875,0,1,9,3,2,1,9,1,25,1,1,39,1,0,35,11,0,0,n-10-18.pdf
0,0,2,2,39,39,13,0,0,35.66015625,0,1,4,3,2,1,4,1,36,1,1,53,1,1,39,18,0,0,elec-mftra-pia.pdf
0,0,6,0,248,248,235,0,0,194.35546875,0,0,6,7,6,0,176,6,208,0,6,146,5,0,248,11,0,0,f8300sp.pdf
0,0,2,0,35,35,32,0,0,162.0380859375,0,1,1,2,2,0,2,2,10,0,2,1,1,0,35,14,0,0,clear_eyes.pdf
0,0,2,2,56,56,18,0,0,52.251953125,0,1,4,2,2,1,4,1,38,1,1,45,1,6,56,13,0,0,67fr69134.pdf
0,0,2,2,34,34,10,0,0,20.8349609375,0,1,6,3,2,1,6,1,32,1,1,36,1,2,34,11,0,0,n-09-52.pdf
2,3,1,2,121,121,47,0,0,55.9287109375,0,0,2,4,1,1,20,3,98,1,2,70,1,10,121,20,0,1,f5213_accessible.pdf
0,0,1,1,154,154,41,0,0,209.11328125,0,0,40,1,1,1,40,1,22,1,1,90,0,0,154,12,0,0,98cfcart.pdf
0,0,3,0,121,121,113,0,0,149.6396484375,0,0,4,3,3,0,61,3,83,0,3,23,1,0,121,9,0,0,f941x.pdf
0,0,3,0,73,73,65,0,0,111.28125,0,0,4,3,3,0,16,3,39,0,3,8,1,0,73,20,0,0,f8801_accessible.pdf
0,0,2,2,166,166,24,0,0,62.62109375,0,1,2,2,2,1,4,2,195,1,1,38,1,8,166,13,0,0,68fr19966.pdf
0,0,2,2,134,134,28,0,0,120.9482421875,0,1,4,2,2,1,8,1,53,1,1,82,1,3,134,10,0,0,i1099s.pdf
0,0,1,1,49,49,13,0,0,19.099609375,0,0,11,1,1,1,12,1,7,1,1,19,0,0,49,12,0,0,rp-99-18.pdf
0,0,1,1,34,34,6,0,0,38.85546875,0,0,6,1,1,1,6,1,16,1,1,42,0,0,34,12,0,0,66fr9360.pdf
0,0,2,2,25,25,7,0,0,13.541015625,0,1,4,2,2,1,4,1,9,1,1,14,1,0,25,11,0,0,n-07-48.pdf
0,0,2,2,32,32,9,0,0,30.1953125,0,1,6,3,2,1,6,1,15,2,1,36,1,0,32,11,0,0,n-10-42.pdf
0,0,1,1,9,9,4,0,0,19.1484375,0,0,1,1,1,1,1,1,11,1,1,0,1,0,9,13,1,0,ahamobile.pdf
0,0,2,2,26,26,14,0,0,77.1123046875,0,1,1,2,2,1,2,1,25,1,1,5,1,0,26,12,0,0,agisport.pdf
0,0,2,2,574,574,97,0,0,322.650390625,0,1,62,3,2,1,62,10,353,1,1,162,1,1,574,28,0,0,reissuance_lesson_042012.pdf
0,0,2,0,31,31,28,0,0,143.9541015625,0,1,1,2,2,0,2,2,10,0,2,1,1,0,31,15,0,0,byo_network.pdf
0,0,3,0,65,65,58,0,0,67.734375,0,0,3,3,3,0,21,3,39,0,3,9,1,0,65,23,0,0,f1065bsk_accessible.pdf
0,0,2,2,24,24,13,0,0,16.0556640625,0,1,2,3,2,1,2,1,14,1,1,12,1,0,24,11,0,0,n-04-64.pdf
0,0,2,0,25,25,22,0,0,47.6962890625,0,1,1,2,2,0,1,2,9,0,2,1,1,0,25,13,0,0,band_page.pdf
0,0,2,2,32,32,10,0,0,23.048828125,0,1,5,3,2,1,5,1,26,1,1,25,1,1,32,11,0,0,n-06-82.pdf
0,0,3,0,42,42,30,0,0,170.3974609375,0,0,1,3,3,0,3,3,18,0,3,14,2,0,42,14,0,0,buyersbest.pdf
0,0,2,2,32,32,20,0,0,99.0166015625,0,1,1,2,2,1,2,1,31,1,1,5,1,0,32,12,0,0,chocsedc.pdf
0,0,2,2,42,42,14,0,0,42.92578125,0,1,4,3,2,1,4,1,35,1,1,68,1,1,42,12,0,0,otsa-pia.pdf
0,0,1,1,6,6,2,0,0,75.4150390625,0,0,1,1,1,1,1,0,2,1,1,1,0,0,6,14,1,0,chrisboard.pdf
0,0,1,1,25,25,5,0,0,37.8291015625,0,0,2,1,1,1,2,1,21,1,1,37,0,0,25,13,0,0,66fr50219.pdf
0,0,2,2,54,54,25,0,0,86.638671875,0,1,4,3,2,1,4,1,33,1,1,66,1,1,54,11,0,0,n-09-63.pdf
0,0,4,6,1038,1038,41,0,0,350.8134765625,0,0,2,7,4,3,2,6,1876,3,5,97,3,906,1037,12,0,0,f1040sd1.pdf
0,0,2,2,21,21,6,0,0,43.8427734375,0,1,1,2,2,1,1,2,11,1,1,17,1,0,21,11,0,0,n-03-63.pdf
0,0,2,2,35,35,10,0,0,20.228515625,0,1,2,2,2,1,2,2,16,1,1,27,0,0,35,13,0,0,63fr63749.pdf
0,0,2,2,31,31,19,0,0,79.126953125,0,1,1,2,2,1,2,1,30,1,1,5,1,0,31,11,0,0,consumt.pdf
0,0,2,2,12,12,4,0,0,21.947265625,0,1,1,2,2,1,1,2,5,1,1,0,1,0,12,11,1,0,benecom.pdf
0,0,2,2,26,26,6,0,0,11.6181640625,0,1,2,3,2,1,2,1,18,1,1,12,1,0,26,12,0,0,rr-12-12.pdf
0,0,1,1,6,6,2,0,0,73.7353515625,0,0,1,1,1,1,1,0,2,1,1,1,0,0,6,12,1,0,cogntvcp.pdf
0,0,2,2,50,50,10,0,0,25.1591796875,0,1,6,3,2,1,6,1,59,1,1,36,1,8,50,11,0,0,n-12-05.pdf
0,0,2,2,27,27,8,0,0,16.66796875,0,1,4,3,2,1,4,1,22,1,1,34,1,0,27,11,0,0,n-11-27.pdf
0,0,2,2,11,11,3,0,0,22.4140625,0,1,1,2,2,1,1,2,4,1,1,0,0,0,11,12,1,0,cabsystm.pdf
0,0,2,2,35,35,23,0,0,81.279296875,0,1,1,2,2,1,2,1,34,1,1,5,1,0,35,14,0,0,allportjob.pdf
0,0,2,2,29,29,8,0,0,21.03515625,0,1,5,2,2,1,5,1,11,1,1,26,1,0,29,12,0,0,rr-04-85.pdf
0,0,3,0,35,35,30,0,0,128.9052734375,0,0,1,3,3,1,2,3,14,1,3,1,2,0,35,21,0,0,clearcom_sandwich.pdf
0,0,2,2,23,23,6,0,0,11.4189453125,0,1,4,2,2,1,4,1,9,1,1,14,1,0,23,12,0,0,rr-07-58.pdf
0,0,3,0,76,76,69,0,0,156.384765625,0,0,3,3,3,0,19,3,43,0,3,19,1,0,76,20,0,0,f8909_accessible.pdf
0,0,2,2,31,31,8,0,0,13.2412109375,0,1,7,2,2,1,7,2,8,1,1,13,0,0,31,12,0,0,n-2000-9.pdf
0,0,2,2,44,44,12,0,0,20.7626953125,0,1,2,2,2,1,2,2,20,1,1,46,0,0,44,12,0,0,p1--2000.pdf
0,0,2,2,104,104,31,0,0,52.4169921875,0,1,28,2,2,1,28,1,13,1,1,58,1,0,104,12,0,0,rp-07-17.pdf
0,0,2,2,102,102,20,0,0,118.1904296875,0,1,2,2,2,1,4,1,39,1,1,59,1,3,102,9,0,0,i8937.pdf
0,0,2,2,41,41,15,0,0,164.4267578125,0,1,7,2,2,1,7,2,10,1,1,0,0,0,41,7,0,0,atg.pdf
0,0,1,1,6,6,2,0,0,70.3984375,0,0,1,1,1,1,1,0,2,1,1,1,0,0,6,12,1,0,cmpofsol.pdf
1,1,2,2,54,54,7,0,0,34.734375,0,0,1,2,2,2,5,2,45,2,2,31,2,17,54,10,0,1,f13748.pdf
0,0,4,0,113,113,104,0,0,104.0556640625,0,0,4,5,4,0,53,4,83,0,4,23,3,0,113,8,0,0,f940.pdf
0,0,2,2,32,32,14,0,0,22.9755859375,0,1,3,2,2,1,3,1,15,1,1,17,1,0,32,13,0,0,aod200701.pdf
0,0,1,1,7,7,3,0,0,83.0419921875,0,0,1,1,1,1,1,1,3,1,1,1,1,0,7,12,1,0,actvintc.pdf
0,0,2,2,54,54,17,0,0,98.3837890625,0,1,9,2,2,1,9,2,17,1,1,49,1,0,54,12,0,0,rp-03-47.pdf
0,0,2,2,27,27,7,0,0,14.8115234375,0,1,4,2,2,1,4,1,11,1,1,24,1,0,27,11,0,0,n-08-02.pdf
0,0,2,2,285,285,25,1,0,132.34375,0,1,17,2,2,1,17,2,200,1,1,57,1,1,285,11,0,0,n-03-12.pdf
0,0,2,2,63,63,17,0,0,195.9775390625,0,1,15,2,2,1,15,2,15,1,1,38,1,0,63,13,0,0,20031501f.pdf
0,0,2,2,11,11,3,0,0,35.4619140625,0,1,1,2,2,1,1,2,4,1,1,0,0,0,11,12,1,0,brstlprm.pdf
0,0,4,4,22,22,12,0,0,137.9501953125,0,0,4,4,4,1,4,4,8,1,4,0,0,0,22,11,0,0,12-0025.pdf
0,0,2,2,54,54,18,0,0,55.326171875,0,1,5,2,2,1,5,2,25,1,1,40,1,0,54,13,0,0,66fr29700.pdf
0,0,2,2,22,22,6,0,0,16.916015625,0,1,3,3,2,1,3,1,11,2,1,13,1,0,22,11,0,0,n-11-88.pdf
2,2,2,2,319,319,100,0,0,335.1533203125,0,1,1,2,2,1,82,3,311,1,1,50,1,37,319,16,0,1,form_w-7-coa.pdf
0,0,1,2,119,119,49,0,0,139.37109375,0,0,41,3,1,1,41,2,133,1,2,84,1,0,119,24,0,0,2001ComplianceReport.pdf
0,0,2,2,160,160,12,1,0,83.0830078125,0,1,4,2,2,1,4,2,122,1,1,44,1,0,160,11,0,0,n-03-77.pdf
0,0,2,2,162,162,27,0,0,141.2392578125,0,1,2,2,2,1,2,1,149,1,1,52,1,0,162,12,0,0,p4194esp.pdf
0,0,3,0,229,229,220,0,0,288.3837890625,0,0,5,3,3,0,142,3,167,0,3,58,1,0,229,20,0,0,f1120_accessible.pdf
0,0,1,1,6,6,2,0,0,75.76171875,0,0,1,1,1,1,1,0,2,1,1,1,0,0,6,12,1,0,bryauniv.pdf
0,0,2,2,25,25,4,1,0,10.7265625,0,1,3,2,2,1,3,2,11,1,1,24,0,0,25,11,0,0,n-01-69.pdf
0,0,2,2,19,19,6,0,0,10.587890625,0,1,2,3,2,1,2,1,16,1,1,12,1,0,19,11,0,0,n-08-84.pdf
0,0,2,2,25,25,13,0,0,88.974609375,0,1,1,2,2,1,2,1,24,1,1,5,1,0,25,13,0,0,benncolle.pdf
0,0,2,2,171,171,52,0,0,386.8583984375,0,1,33,3,2,1,33,1,85,1,1,63,1,0,171,38,0,0,benefits_restrictions_presentation.pdf
0,0,3,0,60,60,53,0,0,88.177734375,0,0,3,3,3,0,6,3,28,0,3,4,1,0,60,20,0,0,f2438_accessible.pdf
0,0,1,1,165,165,45,0,0,349.427734375,0,0,45,1,1,1,45,1,26,1,1,101,0,0,165,12,0,0,95pfctar.pdf
0,0,2,2,84,84,15,0,0,132.134765625,0,0,1,2,2,2,6,2,96,2,2,60,1,11,84,13,0,0,75fr62488.pdf
0,0,3,4,67,67,30,0,0,85.0888671875,0,0,19,6,3,2,19,4,41,2,4,49,2,0,67,33,0,0,ethics_phoneforum_transcriipt.pdf
0,0,2,2,60,60,15,0,0,33.5302734375,0,1,12,2,2,1,12,2,18,1,1,50,1,0,60,13,0,0,20040303f.pdf
0,0,2,2,26,26,5,1,0,15.8544921875,0,1,4,2,2,1,4,2,11,1,1,25,0,0,26,32,0,0,swedenweb-rev_december_20021.pdf
0,0,2,2,164,164,28,0,0,138.2919921875,0,1,4,2,2,1,7,1,52,1,1,86,1,2,164,11,0,0,i1099ac.pdf
0,0,2,2,310,310,98,0,0,307.861328125,0,1,88,2,2,1,88,1,30,1,1,185,1,0,310,23,0,0,1201_recommendation.pdf
0,0,3,3,81,81,34,0,0,95.412109375,0,0,3,3,3,0,4,2,43,2,2,62,2,0,81,12,0,0,f13691es.pdf
0,0,3,4,159,159,86,0,0,86.1083984375,0,0,1,4,3,2,64,3,190,2,2,95,2,42,158,8,0,0,f843.pdf
0,0,2,2,42,42,18,0,0,56.599609375,0,1,2,2,2,1,2,1,32,1,1,56,1,0,42,13,0,0,72fr33776.pdf
0,0,1,0,91,91,83,0,0,380.9326171875,0,1,6,3,1,0,6,1,43,0,1,6,3,0,91,27,0,0,ssa_irs_reporter_spring.pdf
2,2,1,1,181,181,66,0,0,67.2451171875,0,0,3,1,1,1,65,1,165,1,1,62,1,56,181,12,0,1,42528c12.pdf
2,3,3,3,100,100,42,0,0,204.314453125,0,0,2,3,3,2,24,2,85,2,2,58,2,22,100,9,0,1,f8838.pdf
0,0,2,2,171,171,19,1,0,128.3388671875,0,1,2,2,2,1,2,2,140,1,1,42,1,0,171,12,0,0,ir-02-99.pdf
0,0,2,2,40,40,28,0,0,99.58203125,0,1,1,2,2,1,2,1,39,1,1,5,1,0,40,8,0,0,alto.pdf
0,0,1,1,6,6,2,0,0,80.890625,0,0,1,1,1,1,1,0,2,1,1,1,0,0,6,12,1,0,betinter.pdf
0,0,2,2,26,26,7,0,0,11.55859375,0,1,5,2,2,1,5,1,9,1,1,15,1,0,26,11,0,0,n-05-91.pdf
0,0,2,2,137,137,17,1,0,62.5517578125,0,1,4,2,2,1,4,2,91,1,1,28,1,0,137,11,0,0,n-02-37.pdf
0,0,3,3,49,49,19,0,0,31.9716796875,0,0,2,4,3,2,3,3,30,2,2,27,2,0,49,8,0,0,n609.pdf
0,0,2,2,30,30,17,0,0,54.9013671875,0,1,2,2,2,1,3,1,34,1,1,5,1,0,30,12,0,0,brookcom.pdf
0,0,1,0,56,56,36,0,0,95.630859375,0,1,18,2,1,0,18,1,7,0,1,17,1,0,56,9,0,0,p6292.pdf
0,0,2,2,11,11,3,0,0,32.2470703125,0,1,1,2,2,1,1,2,4,1,1,0,0,0,11,12,1,0,cerfserv.pdf
0,0,2,2,106,106,45,0,0,180.544921875,0,1,4,2,2,1,6,2,84,1,1,180,1,0,106,10,0,0,circ62.pdf
0,0,1,1,6,6,2,0,0,69.341796875,0,0,1,1,1,1,1,0,2,1,1,1,0,0,6,10,1,0,aocllc.pdf
0,0,2,2,72,72,6,1,0,46.6142578125,0,1,2,2,2,1,2,2,72,1,1,10,1,0,72,12,0,0,rp-02-58.pdf
0,0,4,4,441,441,32,0,0,111.1943359375,0,0,6,4,4,3,13,3,388,3,3,89,3,1,441,12,0,0,rics-pia.pdf
0,0,1,1,104,104,50,0,0,265.279296875,0,0,42,1,1,1,42,1,12,1,2,69,4,0,104,27,0,0,FY2005_NIV_Detail_Table.pdf
0,0,1,1,13,13,3,1,0,28.146484375,0,0,1,1,1,1,1,1,4,1,1,9,0,0,13,15,1,0,Chris_Baker.pdf
0,0,2,2,167,167,49,0,0,159.7509765625,0,1,45,2,2,1,45,1,23,1,1,118,1,0,167,60,0,0,apples-response-to-copyright-office-questions-of-6-23-09.pdf
0,0,2,2,33,33,21,0,0,81.7294921875,0,1,1,2,2,1,2,1,34,1,1,5,1,0,33,11,0,0,bftvllc.pdf
0,0,1,1,6,6,2,0,0,89.6259765625,0,0,1,1,1,1,1,0,2,1,1,1,0,0,6,10,1,0,amazon.pdf
0,0,1,1,76,76,21,0,0,64.1796875,0,0,13,1,1,1,13,1,23,1,1,62,1,0,76,12,0,0,97transf.pdf
0,0,2,2,110,110,78,0,0,86.546875,0,1,4,3,2,1,4,1,71,1,1,60,1,0,110,16,0,0,cp14_english.pdf
0,0,1,1,118,118,35,0,0,51.2333984375,0,0,35,1,1,1,35,1,7,1,1,41,0,0,118,12,0,0,rp-98-36.pdf
0,0,4,0,158,158,144,0,0,253.8232421875,0,0,9,4,4,0,42,4,68,0,4,20,2,0,158,20,0,0,f4720_accessible.pdf
0,0,2,2,11,11,3,0,0,30.7802734375,0,1,1,2,2,1,1,2,4,1,1,0,0,0,11,10,1,0,cactus.pdf
0,0,2,2,509,509,20,1,0,153.119140625,0,1,14,2,2,1,14,2,306,1,1,38,1,0,509,12,0,0,rp-03-42.pdf
0,0,2,2,74,74,36,0,0,59.064453125,0,1,3,3,2,0,11,1,52,1,1,76,1,0,74,16,0,0,cp24_english.pdf
0,0,2,2,11,11,3,0,0,28.3349609375,0,1,1,2,2,1,1,2,4,1,1,0,0,0,11,12,1,0,armstgny.pdf
0,0,2,2,11,11,3,0,0,25.25,0,1,1,2,2,1,1,2,4,1,1,0,0,0,11,12,1,0,bucintnl.pdf
0,0,2,2,28,28,7,0,0,13.708984375,0,1,5,2,2,1,5,1,11,1,1,25,1,0,28,11,0,0,rr-08-1.pdf
0,0,2,2,23,23,11,0,0,79.2255859375,0,1,1,2,2,1,2,1,22,1,1,5,1,0,23,12,0,0,citywils.pdf
0,0,1,1,6,6,2,0,0,80.833984375,0,0,1,1,1,1,1,0,2,1,1,1,0,0,6,11,1,0,caprica.pdf
0,0,2,2,50,50,23,0,0,46.55078125,0,1,5,3,2,1,5,1,38,1,1,54,1,1,50,10,0,0,nc-pia.pdf
0,0,2,2,261,261,41,0,0,233.966796875,0,1,20,2,2,1,22,1,42,1,1,93,1,1,261,9,0,0,i3115.pdf
0,0,1,1,6,6,2,0,0,98.0302734375,0,0,1,1,1,1,1,0,2,1,1,1,0,0,6,12,1,0,atllcyrs.pdf
0,0,2,2,37,37,10,0,0,22.974609375,0,1,8,2,2,1,8,1,11,1,1,28,1,0,37,12,0,0,rr-11-19.pdf
0,0,2,2,29,29,17,0,0,77.080078125,0,1,1,2,2,1,2,1,30,1,1,5,1,0,29,14,0,0,blueplanet.pdf
0,0,2,2,11,11,3,0,0,27.2314453125,0,1,1,2,2,1,1,2,4,1,1,0,0,0,11,12,1,0,bizbuyer.pdf
0,0,2,2,11,11,3,0,0,32.73828125,0,1,1,2,2,1,1,2,4,1,1,0,0,0,11,12,1,0,commbalt.pdf
0,0,2,2,239,239,50,1,0,168.1142578125,0,1,48,2,2,1,48,2,58,1,1,78,0,24,239,11,0,0,a-01-32.pdf
0,0,2,2,21,21,6,0,0,32.65625,0,1,2,2,2,1,2,2,9,1,1,10,1,0,21,11,0,0,n-03-25.pdf
0,0,1,0,55,55,53,0,0,257.666015625,0,0,11,1,1,1,8,1,15,1,1,2,0,0,55,9,0,0,i2290.pdf
0,0,1,0,51,51,29,0,0,43.634765625,0,0,6,3,1,0,0,1,69,0,1,15,1,0,51,13,0,0,f1099c_11.pdf
0,0,1,1,6,6,2,0,0,76.009765625,0,0,1,1,1,1,1,0,2,1,1,1,0,0,6,12,1,0,bizkzinc.pdf
0,0,1,2,265,265,62,0,0,276.419921875,0,0,32,3,1,1,32,2,198,1,2,106,1,1,265,39,0,0,403b_issues_phoneforum_presentation.pdf
0,0,2,2,62,62,36,0,0,157.7734375,0,1,2,3,2,1,2,1,43,1,1,68,1,0,62,18,0,0,cp276b_chinese.pdf
0,0,1,1,6,6,2,0,0,77.3095703125,0,0,1,1,1,1,1,0,2,1,1,1,0,0,6,12,1,0,cawtslaw.pdf
0,0,2,2,53,53,17,0,0,181.8662109375,0,0,1,2,2,2,2,2,34,2,2,90,3,0,53,24,0,0,Russian_CNAstatement.pdf
0,0,2,2,58,58,12,1,0,61.689453125,0,1,3,3,2,1,3,1,74,1,1,67,1,8,58,23,0,0,faqs_eo_selectcheck.pdf
0,0,1,1,155,155,43,0,0,149.4091796875,0,0,43,1,1,1,43,1,19,1,1,85,0,0,155,31,0,0,contested_liabilities_final.pdf
0,1,4,4,183,183,87,0,0,270.3388671875,0,0,4,4,4,3,69,3,151,3,3,91,3,56,183,9,0,0,f8855.pdf
0,0,2,2,11,11,3,0,0,26.1787109375,0,1,1,2,2,1,1,2,4,1,1,0,0,0,11,12,1,0,alabplib.pdf
0,0,5,0,138,138,129,0,0,123.4736328125,0,0,4,6,5,0,68,5,98,0,5,28,4,0,138,11,0,0,f1120so.pdf
0,0,2,2,34,34,11,0,0,26.4130859375,0,1,8,3,2,1,8,1,13,2,1,28,1,0,34,11,0,0,n-11-87.pdf
0,0,2,2,25,25,6,1,0,10.8642578125,0,1,5,2,2,1,5,2,7,1,1,12,0,0,25,12,0,0,rr-01-29.pdf
0,0,2,2,81,81,40,0,0,80.1513671875,0,1,4,3,2,0,14,1,61,1,1,66,1,0,81,17,0,0,cp711_spanish.pdf
0,0,2,2,35,35,8,1,0,18.6943359375,0,1,5,2,2,1,5,2,15,1,1,29,0,1,35,12,0,0,rp-01-55.pdf
0,0,1,1,6,6,2,0,0,74.8447265625,0,0,1,1,1,1,1,0,2,1,1,1,0,0,6,12,1,0,bvsftwar.pdf
0,0,2,2,296,296,42,0,0,229.640625,0,1,12,2,2,1,17,1,66,1,1,125,1,2,296,9,0,0,i6251.pdf
0,0,3,4,67,67,30,0,0,77.07421875,0,0,20,6,3,2,20,4,42,2,4,50,2,0,67,47,0,0,benefits_restrictions_phoneforum_transcript.pdf
0,0,2,2,36,36,24,0,0,115.1123046875,0,1,1,2,2,1,2,1,35,1,1,5,1,0,36,15,0,0,arjontgroup.pdf
0,0,2,2,118,118,32,0,0,75.943359375,0,1,14,3,2,1,14,1,103,1,1,79,1,6,118,23,0,0,fslg_fy11_work_plan.pdf
0,0,3,0,70,70,64,0,0,105.0478515625,0,0,2,3,3,0,14,3,39,0,3,6,1,0,70,20,0,0,fw412_accessible.pdf
0,0,1,1,6,6,2,0,0,76.021484375,0,0,1,1,1,1,1,0,2,1,1,1,0,0,6,12,1,0,commanly.pdf
0,0,2,2,27,27,9,0,0,36.51171875,0,1,1,3,2,1,1,1,21,1,1,45,1,0,27,23,0,0,28-michael-l-marlin.pdf
0,0,2,2,39,39,9,0,0,22.0546875,0,1,5,2,2,1,5,1,21,1,1,68,1,0,39,11,0,0,n-08-06.pdf
0,0,2,2,42,42,20,0,0,145.3056640625,0,1,2,3,2,1,2,1,27,1,1,53,1,0,42,17,0,0,cp120_chinese.pdf
0,0,2,2,221,221,161,0,0,223.39453125,0,1,5,3,2,1,5,1,143,1,1,89,1,1,221,19,0,0,cp11_vietnamese.pdf
0,0,1,1,31,31,3,0,0,20.9921875,0,0,3,1,1,1,3,1,24,1,1,38,0,2,31,13,0,0,69fr69288.pdf
0,0,1,1,6,6,2,0,0,77.5537109375,0,0,1,1,1,1,1,0,2,1,1,1,0,0,6,12,1,0,bluehost.pdf
0,0,3,0,65,65,59,0,0,122.7275390625,0,0,2,3,3,0,2,3,27,0,3,2,1,0,65,20,0,0,f4684_accessible.pdf
0,0,1,1,6,6,2,0,0,75.34375,0,0,1,1,1,1,1,0,2,1,1,1,0,0,6,11,1,0,campubu.pdf
0,0,2,2,76,76,21,0,0,53.2646484375,0,1,14,3,2,1,14,1,43,1,1,44,1,0,76,12,0,0,rr-09-09.pdf
0,0,3,0,57,57,51,0,0,83.068359375,0,0,2,3,3,0,8,3,29,0,3,4,1,0,57,20,0,0,f6069_accessible.pdf
0,0,2,2,229,229,15,1,0,63.55859375,0,1,2,2,2,1,2,2,375,1,1,30,1,33,229,19,0,0,hum_anim_notice.pdf
0,0,2,2,45,45,11,0,0,25.1376953125,0,1,8,2,2,1,8,1,17,1,1,58,1,0,45,18,0,0,notice_2009-75.pdf
0,0,4,0,224,224,214,0,0,234.38671875,0,0,5,5,4,0,149,4,179,0,4,129,3,0,224,14,0,0,f2290fr_10.pdf
0,0,2,2,64,64,8,1,0,48.787109375,0,1,3,2,2,1,3,2,54,1,1,19,1,0,64,11,0,0,n-02-15.pdf
0,0,1,1,38,38,11,0,0,56.072265625,0,0,4,1,1,1,4,1,29,1,1,58,0,0,38,13,0,0,69fr42004.pdf
0,0,1,1,34,34,8,0,0,24.41015625,0,0,7,1,1,1,7,1,11,1,1,28,1,0,34,11,0,0,051802f.pdf
1,1,3,3,406,406,121,0,0,111.9560546875,0,0,2,3,3,2,111,2,389,2,2,111,2,247,406,10,0,1,f13586.pdf
0,0,2,2,11,11,3,0,0,10.7333984375,0,1,1,2,2,1,1,2,4,1,1,0,0,0,11,9,1,0,advcc.pdf
0,0,2,2,39,39,10,0,0,18.9697265625,0,1,8,2,2,1,8,1,13,1,1,38,1,0,39,12,0,0,rp-11-38.pdf
0,0,2,2,81,81,16,0,0,184.7109375,0,0,4,2,2,2,9,2,75,2,2,55,1,8,81,13,0,0,77fr31237.pdf
0,0,2,2,42,42,12,0,0,25.72265625,0,1,8,2,2,1,8,1,15,1,1,36,1,0,42,12,0,0,rr-12-03.pdf
0,0,2,0,29,29,26,0,0,100.0859375,0,1,1,2,2,0,2,2,10,0,2,1,1,0,29,26,0,0,college_rising_company.pdf
0,0,2,2,27,27,6,0,0,11.4150390625,0,1,4,2,2,1,4,1,13,1,1,34,1,0,27,12,0,0,rr-07-02.pdf
0,0,2,2,63,63,25,0,0,51.4443359375,0,1,4,2,2,1,4,1,44,1,1,68,1,0,63,10,0,0,i8886t.pdf
0,0,3,4,233,233,101,0,0,126.564453125,0,0,4,4,3,2,70,3,273,2,2,167,2,73,232,9,0,0,f8840.pdf
0,0,1,1,6,6,2,0,0,74.96484375,0,0,1,1,1,1,1,0,2,1,1,1,0,0,6,12,1,0,closcorp.pdf
0,0,2,2,27,27,10,0,0,20.6806640625,0,1,4,3,2,1,4,1,21,1,1,35,1,0,27,12,0,0,rr-09-05.pdf
0,0,3,0,125,125,117,0,0,160.4638671875,0,0,4,3,3,0,52,3,74,0,3,20,1,0,125,23,0,0,f1120fm3_accessible.pdf
0,0,2,2,52,52,16,0,0,27.8544921875,0,1,11,2,2,1,11,1,17,1,1,27,1,0,52,12,0,0,rr-07-16.pdf
0,0,2,2,27,27,8,0,0,46.537109375,0,1,3,2,2,1,3,2,11,1,1,19,1,0,27,13,0,0,rr-03-102.pdf
0,0,2,2,63,63,22,0,0,88.041015625,0,1,19,2,2,1,19,1,21,1,1,49,1,2,63,11,0,0,n-08-85.pdf
0,0,2,2,1130,1130,10,1,0,154.8271484375,0,1,6,2,2,1,6,2,549,1,1,14,1,0,1130,12,0,0,rp-03-81.pdf
0,0,2,2,46,46,12,0,0,24.4453125,0,1,8,3,2,1,8,1,30,1,1,28,1,0,46,12,0,0,rp-08-27.pdf
0,0,2,2,30,30,10,0,0,205.7216796875,0,1,1,2,2,1,1,2,16,1,1,33,1,0,30,17,0,0,eptt_pr012304.pdf
0,0,2,2,22,22,10,0,0,83.2763671875,0,1,1,2,2,1,2,1,23,1,1,5,1,0,22,10,0,0,compmi.pdf
0,0,2,2,25,25,6,1,0,11.3896484375,0,1,5,2,2,1,5,2,7,1,1,12,0,0,25,11,0,0,n-02-47.pdf
0,0,2,2,63,63,24,0,0,50.658203125,0,1,17,3,2,1,17,1,41,1,1,70,1,0,63,11,0,0,n-10-30.pdf
0,0,1,1,6,6,2,0,0,75.05078125,0,0,1,1,1,1,1,0,2,1,1,1,0,0,6,13,1,0,conuniver.pdf
0,0,2,2,43,43,6,1,0,28.7177734375,0,1,1,2,2,1,1,2,43,1,1,19,1,0,43,11,0,0,a-02-13.pdf
0,0,2,2,32,32,8,0,0,16.4853515625,0,1,4,3,2,1,4,1,25,1,1,44,1,0,32,12,0,0,rp-06-28.pdf
0,0,2,2,47,47,35,0,0,97.119140625,0,1,1,2,2,1,2,1,48,1,1,5,1,0,47,17,0,0,christianfell.pdf
0,0,4,4,159,159,67,0,0,170.986328125,0,0,2,6,4,3,9,3,133,3,3,171,3,0,159,12,0,0,p4346dvn.pdf
0,0,4,0,62,62,44,0,0,279.3515625,0,0,2,4,4,0,5,4,31,0,4,33,4,0,62,12,0,0,p3954ecn.pdf
0,0,1,1,24,24,3,0,0,19.150390625,0,0,1,1,1,1,1,1,3,1,1,9,0,0,24,18,0,0,Barbara_Harmon.pdf
0,0,3,0,132,132,126,0,0,117.8544921875,0,0,2,3,3,0,77,3,100,0,3,27,1,0,132,22,0,0,f1040sc_accessible.pdf
0,0,2,2,39,39,10,0,0,18.125,0,1,8,2,2,1,8,1,13,1,1,38,1,0,39,12,0,0,rp-08-42.pdf
0,0,2,2,25,25,7,0,0,16.9189453125,0,1,3,3,2,1,3,1,20,1,1,33,1,0,25,12,0,0,n-04-007.pdf
0,0,2,2,32,32,20,0,0,89.0419921875,0,1,1,2,2,1,2,1,31,1,1,5,1,0,32,11,0,0,aramrkr.pdf
0,0,2,2,115,115,22,0,0,138.6572265625,0,1,6,2,2,1,7,1,28,1,1,54,1,0,115,10,0,0,i5300q.pdf
0,0,1,1,6,6,2,0,0,65.44921875,0,0,1,1,1,1,1,0,2,1,1,1,0,0,6,12,1,0,clarmntg.pdf
0,0,1,1,8,8,2,0,0,4.986328125,0,0,2,1,1,1,2,1,2,1,1,4,0,0,8,32,1,0,purepdf_multicolumnirregular.pdf
4,5,3,3,318,318,123,0,0,343.3056640625,0,0,2,3,3,2,105,5,371,2,2,101,2,61,318,10,0,1,f3949a.pdf
0,0,2,2,44,44,10,0,0,115.5048828125,0,1,4,2,2,1,4,1,34,1,1,56,1,0,44,11,0,0,ar-1881.pdf
0,0,2,2,26,26,14,0,0,78.2861328125,0,1,1,2,2,1,2,1,25,1,1,5,1,0,26,17,0,0,automotivecom.pdf
0,0,2,2,69,69,25,0,0,60.8203125,0,1,18,3,2,1,18,1,39,1,1,38,1,0,69,12,0,0,rr-07-48.pdf
0,0,2,2,12,12,4,0,0,16.697265625,0,1,1,2,2,1,1,2,5,1,1,0,1,0,12,12,1,0,ccopurch.pdf
2,3,2,4,186,186,95,0,0,85.3623046875,0,0,2,7,2,2,65,6,189,2,5,93,2,31,186,21,0,1,fw8exp_accessible.pdf
0,0,2,2,11,11,3,0,0,31.603515625,0,1,1,2,2,1,1,2,4,1,1,0,0,0,11,12,1,0,alpstein.pdf
0,0,2,2,30,30,10,0,0,208.0927734375,0,1,1,2,2,1,1,2,16,1,1,33,1,0,30,25,0,0,roth_ira_news_release.pdf
0,0,4,0,55,55,48,0,0,70.1123046875,0,0,2,4,4,0,2,4,24,0,4,2,2,0,55,21,0,0,f5305b_accessible.pdf
0,0,2,2,11,11,3,0,0,34.2490234375,0,1,1,2,2,1,1,2,4,1,1,0,0,0,11,11,1,0,comncrp.pdf
0,0,1,1,65,65,25,0,0,106.7744140625,0,0,15,1,1,1,15,1,40,1,1,79,0,0,65,13,0,0,75fr43825.pdf
0,0,2,2,38,38,16,0,0,47.462890625,0,1,1,2,2,1,1,1,32,1,1,55,1,0,38,13,0,0,71fr36486.pdf
0,0,3,0,60,60,54,0,0,96.7314453125,0,0,2,3,3,0,2,3,27,0,3,2,1,0,60,20,0,0,f8689_accessible.pdf
0,0,2,0,37,37,33,0,0,108.095703125,0,1,2,2,2,0,3,2,13,0,2,2,1,0,37,12,0,0,capepubl.pdf
0,0,2,2,37,37,14,0,0,27.330078125,0,1,9,3,2,1,9,1,25,1,1,39,1,0,37,11,0,0,n-06-20.pdf
0,0,2,2,25,25,6,0,0,10.685546875,0,1,4,2,2,1,4,1,11,1,1,24,1,0,25,12,0,0,rr-05-66.pdf
0,0,2,2,29,29,17,0,0,100.5556640625,0,1,1,2,2,1,2,1,30,1,1,5,1,0,29,12,0,0,comcstcc.pdf
0,0,2,2,21,21,6,0,0,45.0185546875,0,1,2,2,2,1,2,2,9,1,1,10,1,0,21,12,0,0,rp-03-70.pdf
0,0,2,2,21,21,6,0,0,14.927734375,0,1,2,3,2,1,2,1,18,1,1,32,1,0,21,11,0,0,n-04-51.pdf
0,0,1,1,6,6,2,0,0,79.0146484375,0,0,1,1,1,1,1,0,2,1,1,1,0,0,6,12,1,0,auscincl.pdf
0,0,3,0,79,79,71,0,0,105.689453125,0,0,4,3,3,0,28,3,49,0,3,12,1,0,79,18,0,0,fw9_accessible.pdf
0,0,1,1,6,6,2,0,0,88.3525390625,0,0,1,1,1,1,1,0,2,1,1,1,0,0,6,14,1,0,acitgroinc.pdf
0,0,2,2,103,103,15,1,0,61.330078125,0,1,2,2,2,1,2,2,86,1,1,26,1,1,103,11,0,0,n-02-26.pdf
0,0,2,2,11,11,3,0,0,31.1357421875,0,1,1,2,2,1,1,2,4,1,1,0,0,0,11,12,1,0,auburnse.pdf
0,0,3,0,132,132,127,0,0,90.619140625,0,0,1,3,3,0,88,3,109,0,3,30,1,0,132,10,0,0,f4506a.pdf
0,0,1,1,6,6,2,0,0,74.1904296875,0,0,1,1,1,1,1,0,2,1,1,1,0,0,6,12,1,0,bykd4kid.pdf
0,0,1,0,90,90,66,0,0,131.3955078125,0,1,22,2,1,0,22,1,49,0,1,22,1,0,90,34,0,0,nta_testimony_irsbudget_060811.pdf
0,0,2,2,91,91,30,0,0,253.4248046875,0,1,1,2,2,1,3,2,101,1,1,69,3,13,91,17,0,0,10estrustsnap.pdf
0,0,2,2,55,55,19,0,0,36.7685546875,0,1,14,3,2,1,14,1,33,1,1,34,1,0,55,11,0,0,n-06-54.pdf
0,0,2,2,215,215,30,0,0,280.0400390625,0,1,1,2,2,1,2,1,186,1,1,83,1,2,215,12,0,0,cellfish.pdf
0,0,2,2,24,24,7,0,0,44.83203125,0,1,2,2,2,1,2,2,11,1,1,18,1,0,24,11,0,0,n-03-78.pdf
0,0,1,1,6,6,2,0,0,59.7490234375,0,0,1,1,1,1,1,0,2,1,1,1,0,0,6,12,1,0,asspospa.pdf
0,0,2,2,11,11,3,0,0,26.0458984375,0,1,1,2,2,1,1,2,4,1,1,0,0,0,11,11,1,0,alfalfa.pdf
0,0,2,2,134,134,90,0,0,73.521484375,0,1,3,3,2,0,10,1,91,1,1,74,1,0,134,17,0,0,cp12e_english.pdf
0,0,2,2,46,46,15,0,0,25.0,0,1,2,2,2,1,2,2,20,1,1,22,1,0,46,9,0,0,i1028.pdf
0,0,2,2,45,45,14,0,0,24.03125,0,1,9,2,2,1,9,1,13,1,1,27,1,0,45,12,0,0,n-08-111.pdf
0,0,2,2,28,28,16,0,0,76.533203125,0,1,1,2,2,1,2,1,27,1,1,5,1,0,28,12,0,0,booenter.pdf
0,0,2,2,45,45,19,0,0,41.6640625,0,1,1,3,2,2,1,1,33,2,1,45,1,0,45,11,0,0,irs2001.pdf
0,0,2,2,24,24,12,0,0,97.7421875,0,1,1,2,2,1,2,1,25,1,1,5,1,0,24,12,0,0,comcastp.pdf
0,0,2,2,72,72,18,0,0,59.423828125,0,1,2,2,2,1,2,1,88,1,1,56,1,14,72,12,0,0,71fr9302.pdf
0,0,2,0,32,32,28,0,0,54.5986328125,0,1,2,2,2,0,0,2,10,0,2,2,1,0,32,26,0,0,21-james-r-fruchterman.pdf
0,0,2,2,26,26,14,0,0,63.12109375,0,1,1,2,2,1,2,1,25,1,1,5,1,0,26,12,0,0,aironcor.pdf
2,3,3,3,95,95,27,0,0,57.1748046875,0,0,2,4,3,2,16,2,77,2,2,59,2,14,95,9,0,1,f1000.pdf
0,0,3,3,36,36,14,0,0,25.6220703125,0,0,3,3,3,2,3,2,23,2,2,32,2,0,36,11,0,0,103001f.pdf
0,0,2,2,25,25,8,0,0,14.7958984375,0,1,4,3,2,1,4,1,20,1,1,24,1,0,25,11,0,0,n-12-45.pdf
0,0,2,2,36,36,9,1,0,50.384765625,0,0,2,2,2,3,2,2,34,3,2,56,1,0,36,13,0,0,71fr45739.pdf
0,0,2,2,265,265,32,0,0,173.99609375,0,1,8,2,2,1,14,1,64,1,1,81,1,10,265,10,0,0,i720to.pdf
0,0,2,2,33,33,11,0,0,50.92578125,0,1,1,3,2,1,1,1,27,1,1,45,1,1,33,20,0,0,ir-09-84_english.pdf
0,0,2,2,81,81,40,0,0,73.6513671875,0,1,4,3,2,0,14,1,61,1,1,66,1,0,81,18,0,0,cp604b_spanish.pdf
0,0,2,2,122,122,35,1,0,65.8662109375,0,1,34,2,2,1,34,2,11,1,1,55,0,0,122,12,0,0,rp-01-46.pdf
0,0,3,4,90,90,16,0,0,49.240234375,0,0,8,6,3,2,16,4,121,2,4,56,2,14,90,24,0,0,governance_practices.pdf
0,0,1,1,6,6,2,0,0,85.0986328125,0,0,1,1,1,1,1,0,2,1,1,1,0,0,6,11,1,0,amherst.pdf
0,0,2,2,76,76,30,0,0,393.734375,0,1,1,3,2,1,3,2,78,1,1,58,2,7,76,17,0,0,09estrustsnap.pdf
0,0,2,2,82,82,54,0,0,64.3935546875,0,1,3,3,2,1,3,1,54,1,1,59,1,0,82,17,0,0,cp22a_english.pdf
0,0,2,2,26,26,9,0,0,18.3349609375,0,1,4,3,2,1,4,1,20,1,1,34,1,0,26,12,0,0,rr-08-11.pdf
0,0,2,0,62,62,46,0,0,207.46484375,0,1,14,2,2,0,14,2,5,0,2,14,1,0,62,47,0,0,Consular Convention Status of All Countries.pdf
2,3,2,4,193,193,86,0,0,84.0400390625,0,0,2,7,2,2,54,6,199,2,5,89,2,30,193,20,0,1,f1310_accessible.pdf
0,0,2,2,278,278,20,0,0,70.0009765625,0,1,1,2,2,1,1,1,355,1,1,67,1,20,278,12,0,0,contents.pdf
0,0,1,1,6,6,2,0,0,72.171875,0,0,1,1,1,1,1,0,2,1,1,1,0,0,6,12,1,0,babnycin.pdf
0,0,2,2,47,47,35,0,0,96.353515625,0,1,1,2,2,1,2,1,48,1,1,5,1,0,47,12,0,0,anocolpc.pdf
0,0,2,2,34,34,9,0,0,90.482421875,0,0,4,3,2,1,4,3,23,1,3,42,0,0,34,34,0,0,2010OutgoingCaseStats4-27-2011.pdf
0,0,2,2,239,239,13,0,0,45.8134765625,0,1,5,2,2,1,5,1,235,1,1,38,1,1,239,13,0,0,rtrak-pia.pdf
0,0,2,2,50,50,20,0,0,88.2685546875,0,1,2,3,2,1,2,1,44,1,1,50,1,4,50,15,0,0,overview_ru.pdf
0,0,1,1,6,6,2,0,0,72.4150390625,0,0,1,1,1,1,1,0,2,1,1,1,0,0,6,9,1,0,chica.pdf
0,0,2,2,271,271,19,0,0,46.912109375,0,1,4,2,2,1,4,1,265,1,1,34,1,1,271,11,0,0,guf-pia.pdf
0,0,3,0,129,129,123,0,0,116.1533203125,0,0,2,3,3,0,74,3,96,0,3,26,1,0,129,23,0,0,f1040nre_accessible.pdf
0,0,3,0,377,377,310,0,0,178.830078125,0,0,5,3,3,2,267,3,312,2,3,235,3,0,377,11,0,0,f8038tc.pdf
0,0,1,1,6,6,2,0,0,75.90625,0,0,1,1,1,1,1,0,2,1,1,1,0,0,6,12,1,0,ciscoiro.pdf
0,0,2,2,57,57,23,0,0,44.4619140625,0,1,3,2,2,1,3,1,38,1,1,59,1,0,57,11,0,0,i1118sk.pdf
0,0,2,0,83,83,75,0,0,277.998046875,0,1,6,2,2,0,8,2,38,0,2,6,2,0,83,10,0,0,circ50.pdf
0,0,3,4,19,19,7,0,0,14.5087890625,0,0,1,6,3,2,1,4,19,2,4,11,2,0,19,63,0,0,usbelgium_limitationonbenefits_equipvalentbeneficiary101509.pdf
0,0,1,1,6,6,2,0,0,77.9453125,0,0,1,1,1,1,1,0,2,1,1,1,0,0,6,12,1,0,centmich.pdf
0,0,2,2,11,11,3,0,0,24.5,0,1,1,2,2,1,1,2,4,1,1,0,0,0,11,7,1,0,bro.pdf
0,0,2,2,11,11,3,0,0,23.8935546875,0,1,1,2,2,1,1,2,4,1,1,0,0,0,11,10,1,0,befera.pdf
0,0,2,2,19,19,6,0,0,11.4482421875,0,1,2,3,2,1,2,1,16,1,1,22,1,0,19,11,0,0,n-06-53.pdf
0,0,3,3,262,262,35,0,0,232.1572265625,0,0,10,3,3,2,14,2,127,2,2,146,2,16,262,10,0,0,iss4pr.pdf
0,0,3,4,379,379,74,0,0,160.3671875,0,0,3,6,3,2,46,5,597,4,4,112,2,254,379,9,0,0,f8621.pdf
0,0,2,2,11,11,3,0,0,27.2001953125,0,1,1,2,2,1,1,2,4,1,1,0,0,0,11,8,1,0,bnti.pdf
0,0,1,1,18,18,2,0,0,20.1748046875,0,0,2,1,1,1,2,1,13,1,1,27,0,0,18,13,0,0,64fr28802.pdf
0,0,2,2,305,305,26,1,0,92.95703125,0,1,4,2,2,1,7,2,471,1,1,46,1,10,305,13,0,0,67fr77170.pdf
0,0,2,2,101,101,17,0,0,109.0693359375,0,1,1,2,2,1,2,1,78,1,1,22,1,2,101,17,0,0,broadcom_corp.pdf
0,0,1,1,63,63,24,0,0,40.4052734375,0,0,12,1,1,1,13,1,8,1,1,22,0,0,63,12,0,0,rp-98-30.pdf
0,0,2,2,114,114,30,0,0,392.34375,0,1,14,2,2,1,14,1,84,1,1,146,1,0,114,11,0,0,ar-1997.pdf
0,0,2,2,41,41,11,0,0,25.19140625,0,1,6,3,2,1,6,1,28,1,1,16,1,1,41,12,0,0,rr-06-19.pdf
0,0,2,2,41,41,18,0,0,51.3115234375,0,1,4,3,2,1,4,1,18,1,1,14,1,0,41,12,0,0,rp-04-61.pdf
0,0,2,2,124,124,21,0,0,168.3896484375,0,1,1,2,2,1,2,1,88,1,1,44,1,2,124,12,0,0,azbk_llc.pdf
0,0,1,1,6,6,2,0,0,63.3955078125,0,0,1,1,1,1,1,0,2,1,1,1,0,0,6,12,1,0,beaumont.pdf
0,0,2,2,11,11,3,0,0,16.052734375,0,1,1,2,2,1,1,2,4,1,1,0,0,0,11,11,1,0,conctnt.pdf
0,0,2,2,39,39,14,0,0,35.7265625,0,1,5,3,2,1,5,1,36,1,1,43,1,1,39,14,0,0,phoref-pia.pdf
0,0,2,2,136,136,31,0,0,259.6455078125,0,1,1,2,2,1,2,1,92,1,1,85,1,1,136,19,0,0,bernhardt_media.pdf
0,0,2,2,23,23,6,0,0,18.279296875,0,1,2,2,2,1,2,1,13,1,1,25,1,0,23,11,0,0,a-06-77.pdf
0,0,2,2,90,90,27,0,0,51.169921875,0,1,26,2,2,1,26,2,7,1,1,30,0,0,90,12,0,0,rp2000-9.pdf
1,2,4,4,230,230,45,0,0,94.9267578125,0,0,2,4,4,3,26,16,254,3,3,58,3,24,230,20,0,1,f4419_accessible.pdf
0,0,2,0,42,42,38,0,0,129.4638671875,0,1,1,3,2,0,1,2,10,1,2,1,1,0,42,20,0,0,VASfactsheet_v12.pdf
0,0,2,2,38,38,14,0,0,43.0986328125,0,1,4,3,2,1,4,1,31,1,1,48,1,1,38,14,0,0,rps-pm-pia.pdf
0,0,2,2,96,96,64,0,0,65.947265625,0,1,2,3,2,1,2,1,67,1,1,78,1,0,96,17,0,0,cp713_spanish.pdf
0,0,1,1,7,7,3,0,0,88.6474609375,0,0,1,1,1,1,1,1,3,1,1,1,1,0,7,12,1,0,cnlwinsd.pdf
0,0,3,3,70,70,29,0,0,38.7314453125,0,0,5,3,3,4,8,2,27,4,2,46,2,0,70,11,0,0,072501f.pdf
0,0,2,2,87,87,39,0,0,69.3046875,0,1,33,3,2,1,33,1,47,1,1,53,1,0,87,11,0,0,n-06-47.pdf
0,0,2,2,48,48,19,0,0,48.58984375,0,1,7,3,2,1,7,1,44,1,1,53,1,1,48,15,0,0,soi-dps-pia.pdf
0,0,2,2,79,79,15,0,0,183.021484375,0,0,3,2,2,2,8,2,75,2,2,54,1,8,79,13,0,0,77fr29257.pdf
0,0,1,1,6,6,2,0,0,92.2470703125,0,0,1,1,1,1,1,0,2,1,1,1,0,0,6,12,1,0,casesldr.pdf
0,0,2,2,11,11,3,0,0,22.3583984375,0,1,1,2,2,1,1,2,4,1,1,0,0,0,11,12,1,0,chlagran.pdf
0,0,2,2,34,34,9,0,0,17.58203125,0,1,7,2,2,1,7,1,11,1,1,27,1,0,34,11,0,0,n-11-83.pdf
0,0,2,2,115,115,8,1,0,58.7900390625,0,1,3,2,2,1,3,2,88,1,1,19,1,1,115,12,0,0,rr-04-33.pdf
0,0,2,2,74,74,23,1,0,63.72265625,0,1,5,2,2,1,11,1,61,4,1,34,1,13,74,13,0,0,68fr35008.pdf
0,0,2,2,128,128,21,0,0,174.90234375,0,1,1,2,2,1,2,1,92,1,1,44,1,1,128,20,0,0,carnigie_corp_ny.pdf
0,0,1,1,39,39,8,0,0,41.076171875,0,0,3,1,1,1,3,1,24,1,1,43,0,0,39,23,0,0,20110113-N-Battista.pdf
0,0,2,2,1302,1302,11,1,0,189.939453125,0,1,5,2,2,1,5,2,1058,1,1,29,1,0,1302,12,0,0,rp-02-72.pdf
0,0,2,2,67,67,24,0,0,49.66015625,0,1,7,3,2,1,7,1,73,1,1,35,1,8,67,14,0,0,mits28-pia.pdf
0,0,2,2,300,300,27,1,0,198.673828125,0,1,18,2,2,1,18,2,193,1,1,66,1,0,300,12,0,0,rp-02-21.pdf
0,0,3,4,33,33,15,0,0,20.3876953125,0,0,2,6,3,2,2,4,25,2,4,42,2,0,33,47,0,0,article22_lob_us_swiss_ca_agreement_8_20_03.pdf
0,0,2,2,73,73,23,0,0,127.595703125,0,1,15,2,2,1,15,2,17,1,1,49,1,0,73,35,0,0,ntatestimonyhousesmallbiz040506.pdf
0,0,2,2,12,12,4,0,0,21.3994140625,0,1,1,2,2,1,1,2,5,1,1,0,1,0,12,12,1,0,chdhptbs.pdf
0,0,2,2,85,85,10,1,0,51.3623046875,0,1,4,2,2,1,4,2,69,1,1,28,1,0,85,11,0,0,n-02-35.pdf
0,0,2,0,67,67,64,0,0,263.7255859375,0,1,1,2,2,0,31,2,47,0,2,21,1,0,67,20,0,0,f6112_accessible.pdf
0,0,2,2,218,218,14,1,0,86.869140625,0,1,7,2,2,1,7,2,154,1,1,39,1,0,218,12,0,0,rr-02-66.pdf
0,0,2,2,103,103,37,0,0,102.0888671875,0,1,22,3,2,1,22,1,78,1,1,96,1,5,103,23,0,0,idd2sccm20090916ouo.pdf
0,0,2,0,71,71,65,0,0,172.89453125,0,1,4,2,2,0,6,2,28,0,2,4,2,0,71,10,0,0,circ41.pdf
0,0,2,2,11,11,3,0,0,26.8662109375,0,1,1,2,2,1,1,2,4,1,1,0,0,0,11,12,1,0,ceresmkt.pdf
0,0,5,5,137,137,55,0,0,77.6669921875,0,0,2,6,5,4,35,4,126,4,4,83,4,25,137,9,0,0,f8023.pdf
0,0,1,1,6,6,2,0,0,72.4375,0,0,1,1,1,1,1,0,2,1,1,1,0,0,6,12,1,0,brnkhsca.pdf
0,0,5,0,194,194,182,0,0,156.697265625,0,0,3,6,5,0,113,5,143,0,5,51,4,0,194,12,0,0,f1120sm3.pdf
1,2,2,2,205,205,88,0,0,121.6884765625,0,1,6,3,2,1,60,1,267,1,1,97,1,62,205,19,0,1,f637_accessible.pdf
0,0,2,2,25,25,6,0,0,14.4208984375,0,1,4,2,2,1,4,1,11,1,1,24,1,0,25,11,0,0,n-07-28.pdf
2,3,2,4,303,303,81,0,0,158.4765625,0,0,4,7,2,2,37,6,378,2,5,111,2,132,303,21,0,1,f8621a_accessible.pdf
0,0,2,2,55,55,14,0,0,35.0869140625,0,1,12,2,2,1,12,1,15,1,1,52,1,0,55,11,0,0,n-05-40.pdf
0,0,2,2,34,34,11,0,0,24.5458984375,0,1,3,3,2,1,3,1,32,1,1,41,1,1,34,27,0,0,etrak_whistleblower-pia.pdf
0,0,2,2,11,11,3,0,0,24.150390625,0,1,1,2,2,1,1,2,4,1,1,0,0,0,11,12,1,0,coasnrlt.pdf
0,0,2,2,25,25,6,0,0,10.529296875,0,1,4,2,2,1,4,1,11,1,1,24,1,0,25,12,0,0,rr-05-23.pdf
0,0,3,3,202,202,61,0,0,160.62109375,0,0,54,3,3,2,54,3,27,2,2,93,1,0,202,12,0,0,multi_er.pdf
0,0,2,0,61,61,57,0,0,232.79296875,0,1,2,2,2,0,2,2,25,0,2,2,7,0,61,9,0,0,p4591.pdf
0,0,2,2,33,33,8,1,0,16.4033203125,0,1,7,2,2,1,7,2,9,1,1,21,0,0,33,12,0,0,rp-01-12.pdf
0,0,2,2,26,26,14,0,0,58.912109375,0,1,1,2,2,1,2,1,27,1,1,5,1,0,26,13,0,0,airritinc.pdf
0,0,2,2,58,58,23,0,0,52.9462890625,0,1,4,2,2,1,4,1,39,1,1,60,1,0,58,9,0,0,i706a.pdf
0,0,2,2,27,27,15,0,0,81.25,0,1,1,2,2,1,2,1,28,1,1,5,1,0,27,10,0,0,bankwa.pdf
0,0,2,2,252,252,35,0,0,175.9072265625,0,1,7,2,2,1,13,1,85,1,1,101,1,15,252,10,0,0,i944ss.pdf
0,0,2,2,28,28,9,0,0,17.68359375,0,1,5,3,2,1,5,1,24,1,1,25,1,1,28,11,0,0,n-08-49.pdf
0,0,1,0,56,56,34,0,0,46.14453125,0,0,6,3,1,0,0,1,67,0,1,15,1,0,56,12,0,0,f5498_11.pdf
0,0,2,2,28,28,7,0,0,14.2919921875,0,1,4,2,2,1,4,1,14,1,1,35,1,0,28,12,0,0,rr-09-38.pdf
0,0,1,0,37,37,32,0,0,244.1298828125,0,1,3,2,1,0,7,1,13,0,1,5,1,0,37,9,0,0,f8892.pdf
0,0,2,2,103,103,31,0,0,58.1611328125,0,1,30,2,2,1,30,2,8,1,1,36,0,0,103,12,0,0,rp-99-38.pdf
0,0,3,3,56,56,21,0,0,63.0625,0,0,2,3,3,2,2,2,46,2,2,64,2,2,56,13,0,0,72fr18493.pdf
0,0,1,1,6,6,2,0,0,82.83203125,0,0,1,1,1,1,1,0,2,1,1,1,0,0,6,11,1,0,chrhors.pdf
0,0,2,2,164,164,45,0,0,168.482421875,0,1,38,2,2,1,38,2,23,1,1,76,0,0,164,13,0,0,rp2000-16.pdf
0,0,2,2,327,327,21,0,0,52.2861328125,0,1,4,2,2,1,4,1,321,1,1,50,1,1,327,11,0,0,nrf-pia.pdf
0,0,3,0,48,48,42,0,0,71.8212890625,0,0,2,3,3,0,2,3,22,0,3,2,1,0,48,20,0,0,f6497_accessible.pdf
0,0,2,2,53,53,23,0,0,57.3818359375,0,1,13,3,2,1,13,1,30,1,1,43,1,0,53,12,0,0,rp-04-44.pdf
0,0,2,2,11,11,3,0,0,26.8876953125,0,1,1,2,2,1,1,2,4,1,1,0,0,0,11,11,1,0,alibris.pdf
0,0,3,0,49,49,43,0,0,75.330078125,0,0,2,4,3,0,2,3,28,0,3,2,2,0,49,9,0,0,f8827.pdf
0,0,5,0,61,61,54,0,0,151.4091796875,0,0,1,6,5,0,4,5,36,0,5,4,4,0,61,9,0,0,f8829.pdf
0,0,3,0,157,157,149,0,0,135.279296875,0,0,4,3,3,0,100,3,124,0,3,36,1,0,157,19,0,0,fw12_accessible.pdf
0,0,2,2,55,55,18,0,0,112.279296875,0,1,3,2,2,1,3,2,31,1,1,55,0,0,55,9,0,0,p3376.pdf
0,0,2,2,11,11,3,0,0,36.77734375,0,1,1,2,2,1,1,2,4,1,1,0,0,0,11,12,1,0,carecncl.pdf
0,0,2,2,58,58,17,0,0,38.111328125,0,1,13,3,2,1,13,1,37,1,1,53,1,0,58,12,0,0,rr-12-01.pdf
0,0,1,1,21,21,3,0,0,16.013671875,0,0,1,1,1,1,1,1,4,1,1,9,0,0,21,18,0,0,Brandon_Lacher.pdf
0,0,2,2,53,53,29,0,0,32.9052734375,0,1,1,3,2,1,5,1,36,1,1,39,1,0,53,16,0,0,cp63_english.pdf
0,0,1,1,6,6,2,0,0,80.203125,0,0,1,1,1,1,1,0,2,1,1,1,0,0,6,12,1,0,brextllc.pdf
0,0,2,2,200,200,32,0,0,159.7197265625,0,1,6,2,2,1,10,1,60,1,1,111,1,0,200,10,0,0,i3520a.pdf
0,0,1,0,39,39,31,0,0,38.75390625,0,1,6,4,1,0,6,1,15,0,1,6,1,0,39,15,0,0,f1099cap_11.pdf
0,0,2,2,85,85,10,1,0,63.7373046875,0,1,4,2,2,1,4,2,74,1,1,28,1,0,85,12,0,0,rr-03-18.pdf
0,0,1,1,52,52,14,0,0,23.1357421875,0,0,12,1,1,1,13,1,7,1,1,20,0,0,52,12,0,0,rp-98-49.pdf
0,0,2,0,78,78,60,0,0,380.6083984375,0,1,16,2,2,0,16,2,55,0,2,16,1,0,78,37,0,0,2013_DV_instructions_14SEP_Polish.pdf
0,0,2,2,27,27,6,0,0,15.6865234375,0,1,4,2,2,1,4,1,13,1,1,34,1,0,27,11,0,0,n-05-08.pdf
0,0,1,0,43,43,39,0,0,99.986328125,0,1,2,2,1,0,2,1,14,0,1,2,1,0,43,11,0,0,p4763sp.pdf
0,0,1,1,259,259,80,0,0,120.2939453125,0,0,79,1,1,1,80,1,8,1,1,89,0,0,259,12,0,0,rp-99-31.pdf
0,0,4,0,74,74,65,0,0,95.1875,0,0,4,5,4,0,17,4,45,0,4,13,3,0,74,9,0,0,f8801.pdf
0,0,1,1,166,166,47,0,0,298.78125,0,0,44,1,1,1,44,1,26,1,1,89,0,0,166,12,0,0,irb98-02.pdf
0,0,2,0,37,37,34,0,0,70.3623046875,0,1,1,2,2,0,1,2,7,0,2,1,1,0,37,31,0,0,Review_Criteria_at_a_glance.pdf
0,0,4,0,55,55,48,0,0,87.2744140625,0,0,2,5,4,0,3,4,31,0,4,3,3,0,55,8,0,0,fw4s.pdf
0,0,2,2,721,721,37,1,0,185.9072265625,0,1,29,2,2,1,29,2,482,1,1,69,1,0,721,12,0,0,rp-02-65.pdf
0,0,2,2,30,30,18,0,0,90.4697265625,0,1,1,2,2,1,2,1,31,1,1,5,1,0,30,14,0,0,churchcomm.pdf
0,0,2,2,89,89,57,0,0,135.52734375,0,1,2,3,2,1,2,1,62,1,1,86,1,0,89,19,0,0,cp49_vietnamese.pdf
0,0,4,0,61,61,54,0,0,77.2333984375,0,0,2,5,4,0,9,4,39,0,4,5,3,0,61,10,0,0,f8879s.pdf
1,2,2,2,130,130,61,0,0,75.560546875,0,1,2,3,2,1,34,1,137,1,1,89,1,20,130,20,0,1,f8716_accessible.pdf
0,0,2,2,40,40,7,1,0,41.9462890625,0,1,3,2,2,1,3,2,10,1,1,19,0,0,40,21,0,0,qiattachgibraltar.pdf
0,0,2,2,25,25,6,0,0,10.7587890625,0,1,4,2,2,1,4,1,11,1,1,24,1,0,25,12,0,0,rr-06-50.pdf
0,0,2,2,40,40,11,0,0,24.9208984375,0,1,9,2,2,1,9,1,11,1,1,29,1,0,40,12,0,0,rp-10-19.pdf
0,0,2,2,11,11,3,0,0,23.9755859375,0,1,1,2,2,1,1,2,4,1,1,0,0,0,11,12,1,0,bostncol.pdf
0,0,1,1,6,6,2,0,0,61.5673828125,0,0,1,1,1,1,1,0,2,1,1,1,0,0,6,12,1,0,atlnetbd.pdf
0,0,2,2,83,83,48,0,0,133.2490234375,0,1,15,3,2,1,15,1,38,1,1,53,1,0,83,12,0,0,rr-11-32.pdf
0,0,2,2,11,11,3,0,0,39.0126953125,0,1,1,2,2,1,1,2,4,1,1,0,0,0,11,52,1,0,field_directive_stat_judge_research_credit_cases.pdf
0,0,2,2,11,11,3,0,0,31.4375,0,1,1,2,2,1,1,2,4,1,1,0,0,0,11,12,1,0,bucsprom.pdf
0,0,2,2,11,11,3,0,0,25.0908203125,0,1,1,2,2,1,1,2,4,1,1,0,0,0,11,10,1,0,acetel.pdf
0,0,1,1,6,6,2,0,0,62.9228515625,0,0,1,1,1,1,1,0,2,1,1,1,0,0,6,10,1,0,anscom.pdf
0,0,2,2,11,11,3,0,0,25.091796875,0,1,1,2,2,1,1,2,4,1,1,0,0,0,11,11,1,0,anivisn.pdf
0,0,3,0,50,50,45,0,0,65.87890625,0,0,1,3,3,0,4,3,26,0,3,2,1,0,50,20,0,0,f8930_accessible.pdf
0,0,4,6,27,27,9,2,0,24.669921875,0,0,1,9,4,3,2,7,30,3,7,22,3,0,27,17,0,0,ehr_qa_062007.pdf
0,0,1,1,6,6,2,0,0,75.5205078125,0,0,1,1,1,1,1,0,2,1,1,1,0,0,6,14,1,0,assocpress.pdf
0,0,2,2,114,114,79,0,0,153.458984375,0,1,3,3,2,1,3,1,74,1,1,62,1,0,114,15,0,0,cp10_korean.pdf
0,0,2,2,66,66,17,0,0,50.859375,0,1,3,2,2,1,5,2,39,1,1,36,1,8,66,13,0,0,68fr50493.pdf
0,0,2,2,30,30,18,0,0,94.3408203125,0,1,1,2,2,1,2,1,31,1,1,5,1,0,30,11,0,0,carwarc.pdf
0,0,2,2,61,61,17,0,0,33.4072265625,0,1,14,2,2,1,14,1,13,1,1,44,1,0,61,11,0,0,n-11-35.pdf
0,0,2,2,11,11,3,0,0,27.4130859375,0,1,1,2,2,1,1,2,4,1,1,0,0,0,11,12,1,0,aventail.pdf
0,0,5,0,73,73,64,0,0,107.19921875,0,0,2,6,5,0,4,5,32,0,5,4,4,0,73,12,0,0,f1041sd1.pdf
0,0,2,2,24,24,6,0,0,11.3359375,0,1,2,3,2,1,2,1,17,1,1,12,1,0,24,12,0,0,rp-12-26.pdf
0,0,2,2,11,11,3,0,0,21.291015625,0,1,1,2,2,1,1,2,4,1,1,0,0,0,11,11,1,0,ccbucks.pdf
0,0,2,2,45,45,14,1,0,42.0751953125,0,1,1,2,2,1,1,1,28,1,1,30,1,0,45,25,0,0,20110112-R-Lancefield.pdf
0,0,2,2,29,29,11,0,0,21.4267578125,0,1,7,3,2,1,7,1,21,1,1,17,1,0,29,11,0,0,n-09-19.pdf
0,0,4,0,223,223,215,0,0,150.044921875,0,0,3,4,4,0,153,4,176,0,4,53,2,0,223,21,0,0,f990sg_accessible.pdf
0,0,2,2,64,64,24,0,0,92.2255859375,0,1,9,2,2,1,9,1,34,1,1,69,1,0,64,13,0,0,71fr64639.pdf
0,0,2,2,11,11,3,0,0,25.888671875,0,1,1,2,2,1,1,2,4,1,1,0,0,0,11,10,1,0,betcom.pdf
0,0,2,2,141,141,17,1,0,108.50390625,0,1,5,2,2,2,5,2,44,1,1,65,1,7,141,15,0,0,056arromdee.pdf
0,0,2,2,61,61,26,0,0,38.3818359375,0,1,7,2,2,1,9,1,18,1,1,36,1,0,61,11,0,0,082804f.pdf
0,0,1,1,6,6,2,0,0,75.607421875,0,0,1,1,1,1,1,0,2,1,1,1,0,0,6,12,1,0,brdwyblg.pdf
0,0,1,1,6,6,2,0,0,85.318359375,0,0,1,1,1,1,1,0,2,1,1,1,0,0,6,12,1,0,cattcole.pdf
0,0,2,2,60,60,16,0,0,29.44140625,0,1,13,2,2,1,13,1,15,1,1,53,1,0,60,11,0,0,n-07-09.pdf
0,0,2,2,61,61,18,0,0,33.58984375,0,1,16,2,2,1,16,1,9,1,1,26,1,0,61,11,0,0,n-08-25.pdf
0,0,1,1,39,39,10,0,0,28.515625,0,0,10,1,1,1,10,1,7,1,1,16,0,0,39,11,0,0,not98-2.pdf
0,0,2,2,11,11,3,0,0,31.25,0,1,1,2,2,1,1,2,4,1,1,0,0,0,11,12,1,0,callandr.pdf
0,0,2,0,37,37,34,0,0,190.5087890625,0,1,1,2,2,0,2,2,10,0,2,1,1,0,37,16,0,0,active_cubes.pdf
0,0,2,2,21,21,12,0,0,88.07421875,0,1,1,2,2,1,1,1,10,1,1,3,1,2,21,20,0,0,3D_adesk_site-3d.pdf
0,0,2,2,25,25,11,0,0,14.03125,0,1,1,2,2,1,1,1,11,1,1,21,1,0,25,13,0,0,07cofigfs.pdf
0,0,1,1,9,9,4,0,0,111.986328125,0,0,2,1,1,1,2,0,3,1,1,2,0,0,9,13,1,0,aolcommun.pdf
0,0,2,2,11,11,3,0,0,34.6767578125,0,1,1,2,2,1,1,2,4,1,1,0,0,0,11,12,1,0,aaatcmkt.pdf
0,0,2,2,46,46,13,0,0,23.595703125,0,1,11,2,2,1,11,1,9,1,1,21,1,0,46,11,0,0,n-08-67.pdf
0,0,2,0,31,31,28,0,0,193.7783203125,0,1,1,2,2,0,2,2,9,0,2,1,1,0,31,14,0,0,butterball.pdf
0,0,4,0,65,65,58,0,0,85.291015625,0,0,2,5,4,0,13,4,39,0,4,13,3,0,65,9,0,0,f8835.pdf
0,0,1,1,38,38,10,0,0,15.60546875,0,0,10,1,1,1,10,1,6,1,1,14,0,0,38,12,0,0,rp-98-34.pdf
0,0,2,2,11,11,3,0,0,27.8837890625,0,1,1,2,2,1,1,2,4,1,1,0,0,0,11,12,1,0,choutlco.pdf
0,0,2,2,50,50,5,1,0,35.9873046875,0,1,1,2,2,1,1,2,52,1,1,9,1,0,50,12,0,0,rr-03-72.pdf
0,0,2,2,29,29,17,0,0,71.1357421875,0,1,1,2,2,1,2,1,28,1,1,5,1,0,29,11,0,0,arwebin.pdf
0,0,1,1,6,6,2,0,0,60.2958984375,0,0,1,1,1,1,1,0,2,1,1,1,0,0,6,12,1,0,adltbncr.pdf
0,0,2,2,58,58,16,0,0,35.771484375,0,1,11,3,2,1,11,1,35,1,1,41,1,0,58,12,0,0,rp-09-41.pdf
0,0,2,2,11,11,3,0,0,29.125,0,1,1,2,2,1,1,2,4,1,1,0,0,0,11,12,1,0,colstsch.pdf
0,0,2,2,12,12,4,0,0,19.6064453125,0,1,1,2,2,1,1,2,5,1,1,0,1,0,12,12,1,0,copvalsl.pdf
0,0,2,2,24,24,12,0,0,80.4580078125,0,1,1,2,2,1,2,1,23,1,1,5,1,0,24,12,0,0,cambrcol.pdf
0,0,1,1,6,6,2,0,0,86.470703125,0,0,1,1,1,1,1,0,2,1,1,1,0,0,6,11,1,0,abctech.pdf
0,0,2,2,92,92,58,0,0,147.6591796875,0,1,2,3,2,1,2,1,66,1,1,91,1,0,92,15,0,0,cp49_korean.pdf
0,0,3,0,47,47,41,0,0,65.947265625,0,0,2,3,3,0,2,3,24,0,3,2,1,0,47,9,0,0,f8845.pdf
0,0,2,2,155,155,29,0,0,277.6943359375,0,1,2,2,2,1,3,1,175,1,1,72,1,21,155,18,0,0,bella_ventures.pdf
0,0,2,2,15,15,5,0,0,10.74609375,0,1,1,3,2,1,1,1,13,1,1,11,1,0,15,28,0,0,20101107-A-Schlachtmeyer.pdf
0,0,2,2,53,53,14,0,0,32.9169921875,0,1,9,3,2,1,9,1,32,1,1,19,1,0,53,12,0,0,rp-09-31.pdf
0,0,2,2,25,25,8,0,0,15.9169921875,0,1,4,3,2,1,4,1,20,1,1,24,1,0,25,11,0,0,n-08-77.pdf
0,0,2,2,11,11,3,0,0,27.9267578125,0,1,1,2,2,1,1,2,4,1,1,0,0,0,11,12,1,0,comopsys.pdf
0,0,2,2,65,65,23,0,0,85.8544921875,0,1,10,3,2,1,10,1,26,1,1,69,1,0,65,10,0,0,12proj.pdf
0,0,1,1,12,12,7,0,0,79.3515625,0,0,2,1,1,1,2,1,8,1,1,0,0,0,12,22,1,0,purepdf_imagetypes.pdf
0,0,1,1,34,34,7,0,0,72.94921875,0,0,2,1,1,1,2,1,10,1,1,34,0,0,34,27,0,0,ArtistsUndertheDome.org.pdf
0,0,2,2,155,155,12,1,0,33.822265625,0,1,5,2,2,1,5,1,150,2,1,15,1,8,155,17,0,0,04finkelstein.pdf
0,0,2,2,180,180,32,0,0,162.6376953125,0,1,5,2,2,1,8,1,60,1,1,103,1,3,180,9,0,0,i8912.pdf
0,0,2,2,45,45,33,0,0,105.2119140625,0,1,1,2,2,1,2,1,44,1,1,5,1,0,45,11,0,0,ciradar.pdf
0,0,3,0,93,93,85,0,0,111.685546875,0,0,4,3,3,0,31,3,57,0,3,13,1,0,93,19,0,0,f944_accessible.pdf
0,0,3,0,76,76,69,0,0,89.8486328125,0,0,3,3,3,0,24,3,47,0,3,10,1,0,76,20,0,0,f8806_accessible.pdf
0,0,2,2,12,12,4,0,0,21.91796875,0,1,1,2,2,1,1,2,5,1,1,0,1,0,12,12,1,0,bdr2bdrc.pdf
0,0,2,2,36,36,12,0,0,20.6162109375,0,1,3,2,2,1,3,2,9,1,1,9,0,0,36,7,0,0,aod.pdf
0,0,6,0,88,88,75,0,0,118.8818359375,0,0,4,7,6,2,29,6,65,2,6,13,5,0,88,9,0,0,fw9sp.pdf
0,0,2,2,275,275,31,0,0,183.0029296875,0,1,8,2,2,1,13,1,78,1,1,85,1,17,275,10,0,0,i941ss.pdf
0,0,2,0,35,35,32,0,0,174.2646484375,0,1,1,2,2,0,2,2,10,0,2,1,1,0,35,16,0,0,cheaterville.pdf
0,0,2,2,21,21,9,0,0,73.88671875,0,1,1,2,2,1,2,1,20,1,1,5,1,0,21,13,0,0,bigwalnut.pdf
0,0,2,2,67,67,16,0,0,272.6279296875,0,1,7,2,2,1,7,1,51,1,1,87,1,0,67,11,0,0,ar-1877.pdf
0,0,2,0,24,24,21,0,0,25.76171875,0,1,1,2,2,0,0,2,7,0,2,1,1,0,24,25,0,0,international_support.pdf
0,0,1,1,6,6,2,0,0,76.6474609375,0,0,1,1,1,1,1,0,2,1,1,1,0,0,6,11,1,0,ceiinc..pdf
0,0,3,0,56,56,50,0,0,55.861328125,0,0,2,3,3,0,14,3,30,0,3,10,1,0,56,9,0,0,f9452.pdf
0,0,1,1,6,6,2,0,0,82.0361328125,0,0,1,1,1,1,1,0,2,1,1,1,0,0,6,12,1,0,bkzillon.pdf
0,0,1,1,6,6,2,0,0,82.37109375,0,0,1,1,1,1,1,0,2,1,1,1,0,0,6,12,1,0,comonapp.pdf
0,0,2,2,28,28,16,0,0,78.236328125,0,1,1,2,2,1,2,1,27,1,1,5,1,0,28,12,0,0,carsdire.pdf
0,0,2,2,22,22,5,0,0,11.0537109375,0,1,3,2,2,1,3,1,11,1,1,23,1,0,22,11,0,0,a-09-69.pdf
0,0,1,1,6,6,2,0,0,63.9365234375,0,0,1,1,1,1,1,0,2,1,1,1,0,0,6,13,1,0,balbarcom.pdf
0,0,4,0,215,215,205,0,0,220.1982421875,0,0,5,4,4,0,116,4,143,0,4,42,2,0,215,21,0,0,f1065b_accessible.pdf
0,0,2,2,26,26,5,1,0,11.021484375,0,1,4,2,2,1,4,2,11,1,1,25,0,0,26,11,0,0,n-02-50.pdf
0,0,3,0,119,119,111,0,0,206.537109375,0,0,4,3,3,0,49,3,74,0,3,35,1,0,119,9,0,0,f2210.pdf
0,0,3,4,484,484,121,0,0,207.701171875,0,0,4,4,3,2,88,3,647,2,2,144,2,256,483,8,0,0,f851.pdf
0,0,2,2,370,370,22,1,0,146.6494140625,0,1,15,2,2,1,15,2,308,1,1,47,1,7,370,12,0,0,rp-03-11.pdf
0,0,3,3,75,75,28,0,0,54.6767578125,0,0,10,3,3,4,12,2,28,4,2,48,2,0,75,11,0,0,092101f.pdf
0,0,1,1,6,6,2,0,0,75.1064453125,0,0,1,1,1,1,1,0,2,1,1,1,0,0,6,12,1,0,blwaexlc.pdf
0,0,2,2,45,45,14,0,0,78.359375,0,1,5,2,2,1,5,2,19,1,1,53,1,0,45,12,0,0,rr-04-47.pdf
0,0,3,0,51,51,45,0,0,75.4287109375,0,0,2,3,3,0,5,3,27,0,3,3,1,0,51,20,0,0,f4029_accessible.pdf
0,0,2,2,30,30,8,0,0,16.271484375,0,1,3,3,2,1,3,1,26,1,1,33,1,1,30,11,0,0,n-09-15.pdf
0,0,1,1,6,6,2,0,0,72.8212890625,0,0,1,1,1,1,1,0,2,1,1,1,0,0,6,12,1,0,buymusic.pdf
0,0,2,2,175,175,31,0,0,155.1201171875,0,1,5,2,2,1,9,1,73,1,1,99,1,10,175,8,0,0,i945.pdf
0,0,2,0,31,31,28,0,0,112.2158203125,0,1,1,2,2,0,2,2,10,0,2,1,1,0,31,18,0,0,anylogic_north.pdf
2,3,1,2,269,269,132,0,0,284.630859375,0,0,3,3,1,1,103,3,269,1,2,186,1,53,269,25,0,1,f8288b_accessible.pdf.pdf
0,0,2,2,33,33,9,0,0,18.939453125,0,1,6,2,2,1,6,1,11,1,1,26,1,0,33,12,0,0,rp-10-36.pdf
0,0,2,2,83,83,23,1,0,49.9599609375,0,1,22,2,2,1,22,2,11,1,1,43,0,0,83,12,0,0,rp-01-22.pdf
0,0,2,2,86,86,55,0,0,93.013671875,0,1,2,3,2,1,2,1,60,1,1,82,1,0,86,17,0,0,cp749_spanish.pdf
0,0,1,1,6,6,2,0,0,79.1650390625,0,0,1,1,1,1,1,0,2,1,1,1,0,0,6,11,1,0,bignmkc.pdf
0,0,2,2,41,41,8,0,0,49.724609375,0,1,4,3,2,1,4,1,26,2,1,65,1,1,41,11,0,0,n-11-33.pdf
0,0,1,1,80,80,22,0,0,41.330078125,0,0,22,1,1,1,22,1,10,1,1,43,0,0,80,11,0,0,td_9237.pdf
0,0,2,2,157,157,40,0,0,158.759765625,0,1,23,3,2,1,23,1,78,1,1,203,1,0,157,19,0,0,08fallbultebond.pdf
0,0,2,0,40,40,37,0,0,227.099609375,0,1,1,2,2,0,2,2,10,0,2,1,1,0,40,15,0,0,canon_latin.pdf
0,0,2,2,35,35,10,0,0,19.4501953125,0,1,8,2,2,1,8,1,9,1,1,18,1,0,35,12,0,0,rr-05-31.pdf
0,0,2,0,17,17,14,0,0,72.490234375,0,1,1,2,2,0,0,2,7,0,2,1,1,0,17,29,0,0,Embassy_Specific_Info-LMA.pdf
0,0,2,2,40,40,28,0,0,87.8154296875,0,1,1,2,2,1,2,1,41,1,1,5,1,0,40,12,0,0,biglotsi.pdf
0,0,2,2,100,100,38,0,0,90.884765625,0,1,38,2,2,1,38,1,24,1,1,78,1,0,100,32,0,0,1999_compliance_study_022802.pdf
0,0,1,1,27,27,7,0,0,49.4970703125,0,0,2,1,1,1,2,1,26,1,1,48,0,0,27,13,0,0,69fr44548.pdf
0,0,2,2,66,66,33,0,0,56.341796875,0,1,4,3,2,0,9,1,44,1,1,66,1,0,66,17,0,0,cp259_english.pdf
0,0,3,4,223,223,75,0,0,176.1748046875,0,0,2,4,3,2,46,3,279,2,2,156,2,87,222,11,0,0,f2555ez.pdf
0,0,2,2,129,129,37,0,0,71.7900390625,0,1,34,2,2,1,34,1,19,1,1,94,1,0,129,11,0,0,n-12-48.pdf
0,0,2,2,11,11,3,0,0,32.451171875,0,1,1,2,2,1,1,2,4,1,1,0,0,0,11,12,1,0,citicocs.pdf
0,1,4,4,490,490,221,0,0,371.9853515625,0,0,4,4,4,3,209,4,466,3,3,155,3,214,490,9,0,0,f8282.pdf
0,0,2,2,51,51,36,0,0,108.396484375,0,1,2,2,2,1,3,1,52,1,1,5,1,0,51,12,0,0,abovenet.pdf
0,0,2,2,89,89,36,0,0,94.80859375,0,1,24,3,2,1,24,1,55,1,1,87,1,1,89,11,0,0,n-10-83.pdf
0,0,2,2,28,28,7,0,0,14.0810546875,0,1,4,2,2,1,4,1,14,1,1,35,1,0,28,12,0,0,rr-09-29.pdf
0,0,2,2,11,11,3,0,0,33.076171875,0,1,1,2,2,1,1,2,4,1,1,0,0,0,11,7,1,0,ans.pdf
0,0,2,2,36,36,9,0,0,17.7373046875,0,1,7,2,2,1,7,1,13,1,1,37,1,0,36,11,0,0,n-05-03.pdf
0,0,2,2,19,19,5,0,0,93.3701171875,0,0,1,3,2,1,1,3,13,1,3,21,0,0,19,19,0,0,Casey_Friedrich.pdf
0,0,3,0,69,69,59,0,0,114.2861328125,0,0,6,3,3,0,21,3,42,0,3,11,1,0,69,23,0,0,f1099cap_accessible.pdf
1,2,2,2,207,207,57,0,0,117.26953125,0,1,2,3,2,1,29,1,300,1,1,75,1,109,207,21,0,1,f706ce_accessible.pdf
0,0,1,1,6,6,2,0,0,62.4287109375,0,0,1,1,1,1,1,0,2,1,1,1,0,0,6,12,1,0,cddisply.pdf
0,0,2,2,41,41,16,0,0,39.3486328125,0,1,5,3,2,1,5,1,38,1,1,41,1,1,41,12,0,0,sams-pia.pdf
0,0,2,2,30,30,18,0,0,94.8056640625,0,1,1,2,2,1,2,1,29,1,1,5,1,0,30,12,0,0,bryastcl.pdf
0,0,2,2,84,84,21,0,0,100.5888671875,0,1,1,2,2,1,3,1,42,1,1,58,1,3,84,10,0,0,i1099h.pdf
0,0,2,2,45,45,14,0,0,28.541015625,0,1,2,3,2,1,2,1,39,1,1,60,1,1,45,49,0,0,interim_guidance_memo_for_offer_in_compromise.pdf
0,0,1,1,6,6,2,0,0,92.96875,0,0,1,1,1,1,1,0,2,1,1,1,0,0,6,10,1,0,artcom.pdf
0,0,2,2,11,11,3,0,0,25.76171875,0,1,1,2,2,1,1,2,4,1,1,0,0,0,11,9,1,0,barra.pdf
0,0,2,2,35,35,11,0,0,24.2431640625,0,1,6,3,2,1,6,1,25,1,1,16,1,1,35,12,0,0,rr-06-20.pdf
0,0,6,0,185,185,170,0,0,159.5908203125,0,0,4,7,6,0,103,6,137,0,6,64,5,0,185,10,0,0,f3520a.pdf
0,0,2,2,150,150,8,1,0,66.158203125,0,1,3,2,2,1,3,2,133,1,1,19,1,0,150,11,0,0,a-04-38.pdf
0,0,2,0,29,29,26,0,0,48.4423828125,0,1,1,2,2,0,1,2,9,0,2,1,1,0,29,14,0,0,aspencreek.pdf
0,0,2,2,158,158,99,0,0,400.5458984375,0,1,17,3,2,1,18,1,68,1,1,98,3,0,158,34,0,0,transaction_codes_pocket_guide.pdf
0,0,2,2,33,33,11,0,0,92.05078125,0,1,3,2,2,1,3,2,14,1,1,27,1,0,33,13,0,0,ir-03-116.pdf
0,0,2,2,29,29,8,0,0,19.017578125,0,1,3,3,2,1,3,1,27,1,1,23,1,2,29,12,0,0,n-08-102.pdf
0,0,2,2,49,49,14,0,0,58.640625,0,1,2,3,2,1,2,1,49,1,1,64,1,4,49,13,0,0,ir-12-058.pdf
0,0,3,0,56,56,41,0,0,180.7861328125,0,0,2,4,3,0,2,3,27,0,3,15,2,0,56,12,0,0,p4894_ru.pdf
0,0,2,2,35,35,13,0,0,26.0732421875,0,1,7,3,2,1,7,1,27,1,1,49,1,0,35,11,0,0,n-10-10.pdf
0,0,2,2,41,41,29,0,0,96.1787109375,0,1,1,2,2,1,2,1,40,1,1,5,1,0,41,11,0,0,chickec.pdf
0,0,2,2,11,11,3,0,0,33.900390625,0,1,1,2,2,1,1,2,4,1,1,0,0,0,11,11,1,0,bowneco.pdf
0,0,2,2,79,79,13,1,0,48.7509765625,0,1,1,2,2,1,1,2,65,1,1,17,1,0,79,11,0,0,n-02-68.pdf
0,0,2,0,31,31,28,0,0,159.0380859375,0,1,1,2,2,0,2,2,10,0,2,1,1,0,31,15,0,0,auto_trader.pdf
0,0,1,1,452,452,141,0,0,176.2080078125,0,0,139,1,1,1,141,1,9,1,1,153,0,0,452,10,0,0,an98-1.pdf
0,0,2,2,295,295,40,0,0,259.1484375,0,1,12,4,2,1,20,1,84,1,1,81,1,18,295,14,0,0,i2290fr_10.pdf
0,0,3,4,61,61,21,0,0,52.388671875,0,0,1,4,3,2,1,2,57,2,2,36,2,9,60,12,0,0,f13844sp.pdf
0,0,2,2,36,36,14,0,0,33.1171875,0,1,4,3,2,1,4,1,32,1,1,32,1,1,36,13,0,0,sitlp-pia.pdf
0,0,1,1,37,37,11,0,0,37.244140625,0,0,4,1,1,1,4,1,27,1,1,55,0,0,37,25,0,0,Executive_Order_13356.pdf
0,0,3,0,133,133,126,0,0,136.4814453125,0,0,3,3,3,0,87,3,106,0,3,3,1,0,133,22,0,0,fw3ss11_accessible.pdf
0,0,1,1,33,33,8,0,0,17.40625,0,0,8,1,1,1,8,1,7,1,1,14,0,0,33,11,0,0,rp98-10.pdf
0,0,2,2,20,20,5,0,0,10.904296875,0,1,4,2,2,1,4,2,6,1,1,6,0,0,20,11,0,0,a-00-48.pdf
1,1,2,2,37,37,3,0,0,33.2236328125,0,0,1,2,2,2,1,2,33,2,2,29,2,7,37,10,0,1,f13751.pdf
0,0,2,2,213,213,33,0,0,185.658203125,0,1,7,2,2,1,11,1,79,1,1,98,1,12,213,10,0,0,i943pr.pdf
0,0,2,2,104,104,43,0,0,151.2080078125,0,1,4,2,2,1,5,2,79,1,1,171,1,0,104,10,0,0,circ05.pdf
0,0,2,2,79,79,23,0,0,41.8916015625,0,1,21,2,2,1,21,1,11,1,1,41,1,0,79,12,0,0,rp-11-52.pdf
0,0,1,1,39,39,9,0,0,19.2705078125,0,0,8,1,1,1,9,1,9,1,1,20,0,0,39,11,0,0,not98-8.pdf
0,0,2,2,11,11,3,0,0,32.849609375,0,1,1,2,2,1,1,2,4,1,1,0,0,0,11,11,1,0,actvmed.pdf
0,0,1,1,6,6,2,0,0,77.1796875,0,0,1,1,1,1,1,0,2,1,1,1,0,0,6,11,1,0,amebass.pdf
0,0,2,2,11,11,3,0,0,26.740234375,0,1,1,2,2,1,1,2,4,1,1,0,0,0,11,12,1,0,almocorp.pdf
0,0,1,1,6,6,2,0,0,77.5869140625,0,0,1,1,1,1,1,0,2,1,1,1,0,0,6,12,1,0,comimed2.pdf
0,0,2,2,37,37,11,0,0,28.1318359375,0,1,6,3,2,1,6,1,19,2,1,49,1,0,37,11,0,0,n-11-43.pdf
0,0,2,0,37,37,34,0,0,205.626953125,0,1,1,2,2,0,2,2,10,0,2,1,1,0,37,14,0,0,brit_media.pdf
0,0,2,0,28,28,24,0,0,25.1982421875,0,1,2,2,2,0,0,2,6,0,2,0,1,0,28,11,0,0,12-0026.pdf
0,0,2,0,34,34,31,0,0,183.6796875,0,1,1,2,2,0,3,2,11,0,2,1,2,0,34,23,0,0,11esnonresestatsnap.pdf
0,0,2,2,39,39,28,0,0,90.7646484375,0,1,1,2,2,1,2,1,41,1,1,5,1,0,39,8,0,0,clad.pdf
0,0,2,2,25,25,6,0,0,10.787109375,0,1,4,2,2,1,4,1,11,1,1,24,1,0,25,12,0,0,rr-05-38.pdf
0,0,2,2,168,168,18,1,0,100.353515625,0,1,12,2,2,1,12,2,145,1,1,36,1,0,168,12,0,0,rp-03-20.pdf
0,0,2,2,32,32,20,0,0,96.9638671875,0,1,1,2,2,1,2,1,33,1,1,5,1,0,32,12,0,0,amercnuv.pdf
0,0,2,2,11,11,3,0,0,28.1650390625,0,1,1,2,2,1,1,2,4,1,1,0,0,0,11,12,1,0,coblentz.pdf
0,0,2,2,36,36,11,0,0,49.365234375,0,1,5,2,2,1,5,2,13,1,1,29,1,0,36,12,0,0,rr-03-75.pdf
0,0,2,2,11,11,3,0,0,22.1181640625,0,1,1,2,2,1,1,2,4,1,1,0,0,0,11,12,1,0,ccviiiop.pdf
0,0,2,2,97,97,27,0,0,65.2158203125,0,1,25,2,2,1,25,1,17,1,1,75,1,0,97,11,0,0,n-07-15.pdf
0,0,2,2,32,32,20,0,0,82.2470703125,0,1,1,2,2,1,2,1,31,1,1,5,1,0,32,12,0,0,abtocllc.pdf
0,0,2,2,116,116,44,0,0,105.6708984375,0,1,23,3,2,1,23,1,97,1,1,83,1,9,116,21,0,0,ig_wo_02_combined.pdf
0,0,2,2,131,131,55,0,0,140.6669921875,0,1,41,3,2,1,41,1,72,1,1,126,1,0,131,11,0,0,n-06-25.pdf
0,0,2,2,20,20,6,0,0,13.9169921875,0,1,1,3,2,1,1,1,18,1,1,11,1,1,20,25,0,0,ccumc-capturefollowup.pdf
0,0,2,2,11,11,3,0,0,24.4326171875,0,1,1,2,2,1,1,2,4,1,1,0,0,0,11,12,1,0,brdbndus.pdf
0,0,2,2,42,42,15,0,0,55.9033203125,0,1,2,2,2,1,2,2,13,1,1,26,1,0,42,11,0,0,n-03-41.pdf
0,0,2,2,18,18,7,0,0,29.7236328125,0,1,1,3,2,1,1,1,15,1,1,14,1,0,18,22,0,0,20101105-S-Hoffius.pdf
0,0,2,2,28,28,9,0,0,19.431640625,0,1,4,3,2,1,4,1,23,1,1,35,1,0,28,12,0,0,n-08-106.pdf
0,0,2,2,124,124,47,0,0,209.1875,0,1,24,3,2,1,24,2,62,1,1,165,1,0,124,21,0,0,11ebtebondwinbull.pdf
0,0,3,0,77,77,70,0,0,156.4013671875,0,0,3,3,3,0,3,3,22,0,3,3,1,0,77,10,0,0,f940sr.pdf
0,0,3,0,77,77,70,0,0,160.4306640625,0,0,3,3,3,0,3,3,22,0,3,3,1,0,77,21,0,0,f940sr_accessible.pdf
0,0,1,1,25,25,5,0,0,18.2451171875,0,0,4,1,1,1,4,1,14,1,1,32,1,0,25,11,0,0,060902f.pdf
0,0,2,2,82,82,15,0,0,107.23046875,0,1,1,2,2,1,2,1,60,1,1,12,1,1,82,14,0,0,brightcove.pdf
0,0,2,2,100,100,18,0,0,104.646484375,0,1,1,2,2,1,2,1,76,1,1,24,1,2,100,14,0,0,compu-tech.pdf
0,0,4,0,109,109,70,0,0,75.564453125,0,0,6,6,4,0,28,4,111,0,4,34,3,2,109,12,0,0,f1099int.pdf
0,0,1,1,329,329,39,0,0,321.9130859375,0,0,38,1,1,1,38,1,127,1,1,333,0,0,329,12,0,0,irb96-11.pdf
0,0,4,0,270,270,258,0,0,319.7265625,0,0,7,4,4,0,147,4,176,0,4,113,2,0,270,19,0,0,f720_accessible.pdf
0,0,2,2,44,44,9,1,0,26.9716796875,0,1,7,2,2,1,7,2,19,1,1,43,0,3,44,11,0,0,n-01-81.pdf
0,0,2,2,28,28,16,0,0,75.15625,0,1,1,2,2,1,2,1,27,1,1,5,1,0,28,11,0,0,bitlyin.pdf
0,0,1,0,36,36,15,1,0,110.5927734375,0,0,4,1,1,1,0,1,26,1,1,25,1,0,36,17,0,0,CNApocketcard.pdf
0,0,2,2,63,63,22,0,0,48.830078125,0,1,13,2,2,1,13,1,13,1,1,43,1,0,63,23,0,0,counsellmsborgchart.pdf
0,0,2,2,40,40,13,0,0,124.267578125,0,1,2,2,2,1,2,2,15,1,1,32,0,0,40,12,0,0,65fr2194.pdf
0,0,2,2,11,11,3,0,0,26.3818359375,0,1,1,2,2,1,1,2,4,1,1,0,0,0,11,12,1,0,broehnrt.pdf
0,0,2,2,120,120,36,0,0,61.4990234375,0,1,32,2,2,1,32,1,17,1,1,75,1,0,120,12,0,0,rp-07-63.pdf
0,0,2,2,43,43,31,0,0,79.74609375,0,1,1,2,2,1,2,1,42,1,1,5,1,0,43,12,0,0,basilbox.pdf
0,0,2,2,30,30,18,0,0,79.044921875,0,1,1,2,2,1,2,1,31,1,1,5,1,0,30,10,0,0,boxotr.pdf
1,2,2,2,2608,2608,57,0,0,390.3955078125,0,1,9,4,2,1,31,11,2727,2,1,116,1,517,2608,19,0,1,fw2c_accessible.pdf
0,0,1,1,6,6,2,0,0,80.6259765625,0,0,1,1,1,1,1,0,2,1,1,1,0,0,6,12,1,0,beltenti.pdf
0,0,4,6,76,76,32,0,0,90.453125,0,0,21,9,4,3,22,7,57,3,7,52,3,1,76,33,0,0,funding_phoneforum_transcript.pdf
0,0,2,2,92,92,11,1,0,67.4326171875,0,1,5,2,2,1,5,2,67,1,1,29,1,0,92,14,0,0,rr-2005-25.pdf
0,0,2,0,28,28,25,0,0,22.3408203125,0,1,1,2,2,0,2,2,8,0,2,2,1,0,28,21,0,0,f13844_accessible.pdf
0,0,3,0,44,44,39,0,0,287.580078125,0,0,1,3,3,0,13,3,27,0,3,7,1,0,44,10,0,0,f14335.pdf
0,0,2,2,285,285,20,0,0,92.2314453125,0,0,3,2,2,2,6,2,284,2,2,74,1,4,285,10,0,0,td9454.pdf
0,0,4,0,114,114,105,0,0,364.369140625,0,0,3,4,4,1,64,4,87,1,4,6,3,0,114,9,0,0,f433f.pdf
0,0,2,2,245,245,223,0,0,66.0966796875,0,1,4,2,2,1,4,2,6,1,1,8,1,0,245,16,0,0,031mandelson.pdf
0,0,2,2,52,52,20,0,0,67.884765625,0,1,12,3,2,1,12,1,35,1,1,35,1,1,52,11,0,0,n-06-34.pdf
0,0,2,2,261,261,24,0,0,87.2607421875,0,1,3,2,2,1,6,2,352,1,1,34,1,12,261,13,0,0,67fr71477.pdf
0,0,1,1,6,6,2,0,0,77.3095703125,0,0,1,1,1,1,1,0,2,1,1,1,0,0,6,10,1,0,biwinc.pdf
0,0,4,0,53,53,46,0,0,66.7822265625,0,0,2,5,4,0,9,4,34,0,4,5,3,0,53,9,0,0,f8811.pdf
0,0,1,1,6,6,2,0,0,79.091796875,0,0,1,1,1,1,1,0,2,1,1,1,0,0,6,12,1,0,camixcss.pdf
0,0,2,0,31,31,27,0,0,106.978515625,0,1,2,2,2,0,3,2,13,0,2,2,1,0,31,25,0,0,combined_comm_corp_ok.pdf
0,0,2,2,26,26,14,0,0,79.962890625,0,1,1,2,2,1,2,1,25,1,1,5,1,0,26,16,0,0,clearlessllc.pdf
0,0,2,2,32,32,9,0,0,13.828125,0,1,1,2,2,1,1,2,16,1,1,26,0,0,32,12,0,0,64fr3574.pdf
0,0,2,2,47,47,16,0,0,33.2275390625,0,1,10,3,2,1,10,1,36,1,1,61,1,1,47,11,0,0,n-09-05.pdf
0,0,1,1,6,6,2,0,0,73.3232421875,0,0,1,1,1,1,1,0,2,1,1,1,0,0,6,12,1,0,Analysgp.pdf
1,1,3,3,85,85,30,0,0,41.919921875,0,0,2,3,3,2,27,2,69,2,2,32,2,21,85,9,0,1,f211a.pdf
0,0,2,2,46,46,19,0,0,98.43359375,0,1,4,3,2,1,4,1,37,1,1,70,1,0,46,16,0,0,min-waiv-pia.pdf
0,0,1,1,6,6,2,0,0,73.0341796875,0,0,1,1,1,1,1,0,2,1,1,1,0,0,6,12,1,0,asiguide.pdf
0,0,2,2,46,46,12,0,0,28.4462890625,0,1,10,2,2,1,10,2,14,1,1,31,1,0,46,18,0,0,109selzer_bcis.pdf
0,0,2,2,65,65,6,1,0,49.66796875,0,1,1,2,2,1,1,2,65,1,1,17,1,0,65,11,0,0,n-03-14.pdf
0,0,2,2,45,45,33,0,0,116.16015625,0,1,1,2,2,1,2,1,44,1,1,5,1,0,45,12,0,0,audiomic.pdf
0,0,2,2,29,29,10,0,0,20.0068359375,0,1,6,3,2,1,6,1,22,1,1,26,1,0,29,12,0,0,rp-08-24.pdf
0,0,2,2,30,30,7,1,0,14.255859375,0,1,6,2,2,1,6,2,9,1,1,20,0,0,30,12,0,0,rr-01-24.pdf
0,0,1,1,6,6,2,0,0,77.98046875,0,0,1,1,1,1,1,0,2,1,1,1,0,0,6,12,1,0,commstrg.pdf
0,0,5,0,186,186,178,0,0,132.322265625,0,0,3,6,5,0,118,5,146,0,5,66,4,0,186,10,0,0,f990sj.pdf
0,1,4,4,217,217,93,0,0,270.751953125,0,0,2,4,4,3,75,3,191,3,3,115,3,76,217,9,0,0,f8883.pdf
0,0,2,2,374,374,30,0,0,201.4853515625,0,1,10,2,2,1,12,1,64,1,1,83,1,12,374,9,0,0,i1118.pdf
0,0,2,2,39,39,12,0,0,58.501953125,0,1,5,2,2,1,5,2,15,1,1,37,1,0,39,12,0,0,rr-03-52.pdf
0,0,2,2,44,44,21,0,0,36.8232421875,0,1,5,3,2,1,5,1,34,1,1,33,1,1,44,16,0,0,case-mis-pia.pdf
0,0,2,2,39,39,10,0,0,18.65234375,0,1,8,2,2,1,8,1,13,1,1,38,1,0,39,12,0,0,rp-07-67.pdf
0,0,2,0,44,44,40,0,0,272.1513671875,0,1,2,2,2,0,3,2,13,0,2,2,1,0,44,13,0,0,bang_bros.pdf
0,0,2,2,57,57,16,0,0,153.94140625,0,1,7,2,2,1,7,1,41,1,1,67,1,0,57,11,0,0,ar-1993.pdf
0,0,2,2,11,11,3,0,0,28.603515625,0,1,1,2,2,1,1,2,4,1,1,0,0,0,11,12,1,0,buflofrn.pdf
0,0,3,0,73,73,66,0,0,124.8212890625,0,0,3,3,3,0,6,3,30,0,3,6,1,0,73,9,0,0,f8582.pdf
0,0,1,1,9,9,4,0,0,91.6044921875,0,0,2,1,1,1,2,0,3,1,1,2,0,0,9,12,1,0,appyoinc.pdf
0,0,2,2,59,59,28,0,0,61.23046875,0,1,7,3,2,1,7,1,46,1,1,64,1,1,59,13,0,0,aimsr-pia.pdf
0,0,2,0,30,30,27,0,0,162.6806640625,0,1,1,2,2,0,2,2,10,0,2,1,1,0,30,11,0,0,blipsit.pdf
0,0,2,2,33,33,9,0,0,18.9677734375,0,1,6,2,2,1,6,1,11,1,1,26,1,0,33,14,0,0,rp-2010-36.pdf
0,0,2,2,20,20,8,0,0,65.3115234375,0,1,1,2,2,1,2,1,19,1,1,5,1,0,20,10,0,0,chamco.pdf
0,0,2,2,26,26,14,0,0,91.4814453125,0,1,1,2,2,1,2,1,25,1,1,5,1,0,26,12,0,0,adbriteb.pdf
0,0,2,2,44,44,12,0,0,25.67578125,0,1,8,2,2,1,8,1,17,1,1,51,1,0,44,11,0,0,n-05-51.pdf
0,0,2,2,138,138,24,0,0,195.77734375,0,1,1,2,2,1,2,1,101,1,1,57,1,2,138,11,0,0,avocado.pdf
0,0,2,2,11,11,3,0,0,29.2138671875,0,1,1,2,2,1,1,2,4,1,1,0,0,0,11,8,1,0,cccn.pdf
0,0,5,0,79,79,72,0,0,105.259765625,0,0,2,6,5,0,21,5,51,0,5,15,4,0,79,11,0,0,f1040sb.pdf
0,0,2,0,39,39,35,0,0,169.2265625,0,1,2,2,2,0,3,2,13,0,2,2,1,0,39,9,0,0,brita.pdf
0,0,2,0,77,77,59,0,0,174.5205078125,0,1,16,2,2,0,0,2,22,0,2,16,1,0,77,32,0,0,1318-DV2012Instructions-ENGL.pdf
0,0,2,2,27,27,8,0,0,57.1904296875,0,1,2,2,2,1,2,2,13,1,1,26,1,0,27,11,0,0,a-03-22.pdf
0,0,2,2,11,11,3,0,0,26.080078125,0,1,1,2,2,1,1,2,4,1,1,0,0,0,11,11,1,0,chatinc.pdf
0,0,2,2,67,67,14,0,0,131.2021484375,0,0,1,2,2,2,6,2,64,2,2,60,1,3,67,13,0,0,75fr81952.pdf
0,0,3,0,109,109,101,0,0,193.2880859375,0,0,4,3,3,0,41,3,70,0,3,20,2,0,109,11,0,0,f1040pr.pdf
0,0,2,2,210,210,14,1,0,92.8212890625,0,1,9,2,2,1,9,2,185,1,1,25,1,0,210,11,0,0,n-02-31.pdf
0,0,2,2,99,99,40,0,0,183.83984375,0,1,25,2,2,1,25,1,30,1,1,91,1,0,99,9,0,0,ASCAP.pdf
0,0,2,2,159,159,114,0,0,168.8115234375,0,1,3,3,2,1,3,1,110,1,1,106,1,0,159,16,0,0,cp08_russian.pdf
0,0,2,2,37,37,12,0,0,228.986328125,0,1,2,2,2,1,2,1,22,1,1,59,1,0,37,24,0,0,ir-2011-14_t_chinese.pdf
0,0,2,2,12,12,4,0,0,21.8134765625,0,1,1,2,2,1,1,2,5,1,1,0,1,0,12,11,1,0,arbulbd.pdf
0,0,1,0,49,49,27,0,0,38.48046875,0,0,6,3,1,0,0,1,67,0,1,15,1,0,49,13,0,0,f5498e_11.pdf
0,0,2,2,89,89,29,0,0,108.7578125,0,1,12,2,2,1,12,1,52,1,1,93,1,3,89,13,0,0,72fr70529.pdf
0,0,2,2,50,50,20,0,0,39.6689453125,0,1,15,3,2,1,15,1,31,1,1,35,1,0,50,11,0,0,n-06-26.pdf
0,0,2,2,51,51,16,0,0,87.7548828125,0,1,9,2,2,1,9,2,15,1,1,41,1,0,51,12,0,0,rr-03-43.pdf
0,0,3,0,51,51,45,0,0,64.369140625,0,0,2,3,3,0,5,3,25,0,3,3,1,0,51,20,0,0,f8937_accessible.pdf
0,0,1,2,61,61,9,0,0,25.8896484375,0,0,4,3,1,1,4,2,37,1,2,45,1,0,61,11,0,0,n-04-75.pdf
0,0,2,2,11,11,3,0,0,29.8173828125,0,1,1,2,2,1,1,2,4,1,1,0,0,0,11,12,1,0,amerxbnk.pdf
0,0,2,2,11,11,3,0,0,28.55078125,0,1,1,2,2,1,1,2,4,1,1,0,0,0,11,12,1,0,carvlsft.pdf
0,0,2,2,44,44,14,0,0,129.455078125,0,1,3,2,2,1,3,2,16,1,1,35,0,0,44,13,0,0,65fr33266.pdf
0,0,3,0,36,36,29,2,0,39.5341796875,0,0,2,3,3,0,6,3,20,0,3,4,2,0,36,20,0,0,f8546_accessible.pdf
0,0,1,2,328,328,80,0,0,283.830078125,0,0,67,3,1,1,67,2,317,1,2,142,1,0,328,29,0,0,draft_lrm_403b_prototypes.pdf
0,0,1,1,24,24,4,0,0,32.6064453125,0,0,4,1,1,1,4,1,13,1,1,29,0,0,24,13,0,0,64fr41286.pdf
0,0,1,1,24,24,5,0,0,38.783203125,0,0,2,1,1,1,2,1,21,1,1,38,0,0,24,12,0,0,69fr5371.pdf
0,0,2,0,31,31,28,0,0,146.0712890625,0,1,1,2,2,0,2,2,10,0,2,1,1,0,31,14,0,0,adt_search.pdf
0,0,2,2,28,28,7,0,0,14.0673828125,0,1,4,2,2,1,4,1,14,1,1,35,1,0,28,12,0,0,rr-09-22.pdf
0,0,3,3,288,288,20,0,0,69.2783203125,0,0,5,3,3,2,10,2,281,2,2,62,2,1,288,15,0,0,spectrm-pia.pdf
0,0,2,2,171,171,26,1,0,68.359375,0,1,10,2,2,1,10,1,142,1,1,41,1,0,171,12,0,0,band_LCA.pdf
0,0,2,2,118,118,21,0,0,163.66015625,0,1,1,2,2,1,2,1,83,1,1,44,1,2,118,19,0,0,benetracker_inc.pdf
0,0,2,2,31,31,19,0,0,75.330078125,0,1,1,2,2,1,2,1,30,1,1,5,1,0,31,17,0,0,collnoteshare.pdf
0,0,2,2,27,27,15,0,0,83.8935546875,0,1,1,2,2,1,2,1,26,1,1,5,1,0,27,13,0,0,conoascca.pdf
0,0,2,2,61,61,24,0,0,75.751953125,0,1,5,2,2,1,5,1,40,1,1,81,1,0,61,13,0,0,70fr43364.pdf
0,0,2,2,63,63,23,0,0,49.2763671875,0,0,10,2,2,4,11,2,19,4,2,35,2,0,63,11,0,0,094301f.pdf
0,0,2,2,12,12,4,0,0,16.677734375,0,1,1,2,2,1,1,2,5,1,1,0,1,0,12,12,1,0,charrscl.pdf
0,0,1,1,6,6,2,0,0,72.5166015625,0,0,1,1,1,1,1,0,2,1,1,1,0,0,6,12,1,0,bfcenter.pdf
0,0,1,1,6,6,1,0,0,1.1298828125,0,0,1,1,1,1,1,1,3,1,1,3,0,0,6,29,1,0,purepdf_helloworldmaximum.pdf
0,0,2,2,122,122,34,0,0,65.0048828125,0,1,31,2,2,1,31,1,21,1,1,101,1,0,122,11,0,0,n-07-26.pdf
2,3,1,2,432,432,106,0,0,346.951171875,0,0,2,3,1,1,77,2,652,1,2,115,1,264,432,20,0,1,f6088_accessible.pdf
0,0,6,0,63,63,53,0,0,100.3671875,0,0,2,7,6,2,3,6,39,2,6,3,5,0,63,9,0,0,f8815.pdf
0,0,2,2,11,11,3,0,0,23.1630859375,0,1,1,2,2,1,1,2,4,1,1,0,0,0,11,12,1,0,appealdm.pdf
0,0,1,1,6,6,2,0,0,73.638671875,0,0,1,1,1,1,1,0,2,1,1,1,0,0,6,12,1,0,cargurus.pdf
0,0,3,0,102,102,95,0,0,85.8017578125,0,0,3,3,3,0,57,3,76,0,3,21,1,0,102,20,0,0,f23ep_accessible.pdf
0,0,2,2,43,43,13,0,0,35.5615234375,0,1,9,3,2,1,9,1,19,2,1,39,1,1,43,11,0,0,n-11-80.pdf
0,0,2,2,84,84,62,0,0,158.2890625,0,1,8,3,2,1,8,1,32,1,1,28,1,0,84,24,0,0,creb_2007_disclosure.pdf
0,0,2,2,72,72,15,0,0,173.03125,0,0,2,2,2,2,7,2,72,2,2,61,1,5,72,12,0,0,76fr5106.pdf
0,0,2,2,57,57,26,0,0,99.4267578125,0,1,2,3,2,1,2,1,39,1,1,86,2,0,57,17,0,0,cp120_english.pdf
0,0,2,2,27,27,6,0,0,11.08203125,0,1,4,2,2,1,4,1,13,1,1,34,1,0,27,12,0,0,rr-07-66.pdf
0,0,1,1,6,6,2,0,0,76.0107421875,0,0,1,1,1,1,1,0,2,1,1,1,0,0,6,15,1,0,agisofjapkk.pdf
0,0,2,2,38,38,26,0,0,116.80078125,0,1,1,2,2,1,2,1,39,1,1,5,1,0,38,13,0,0,bassdrive.pdf
0,0,1,1,6,6,2,0,0,73.8046875,0,0,1,1,1,1,1,0,2,1,1,1,0,0,6,12,1,0,brainspr.pdf
0,0,2,2,51,51,13,0,0,27.5927734375,0,1,10,2,2,1,10,1,17,1,1,60,1,0,51,11,0,0,n-07-21.pdf
0,0,1,1,46,46,12,0,0,62.5166015625,0,0,4,1,1,1,4,1,39,1,1,72,0,1,46,13,0,0,71fr15368.pdf
0,0,3,3,72,72,21,0,0,123.662109375,0,0,4,3,3,2,5,2,31,2,2,52,2,0,72,15,0,0,notice_1036.pdf
0,0,2,2,104,104,24,0,0,369.8037109375,0,1,11,2,2,1,11,1,80,1,1,141,1,0,104,11,0,0,ar-1950.pdf
0,0,2,2,600,600,40,1,0,177.6083984375,0,1,34,2,2,1,34,2,390,1,1,58,1,0,600,12,0,0,rp-02-37.pdf
0,0,2,2,328,328,50,0,0,186.943359375,0,1,31,3,2,1,31,1,551,1,1,105,1,91,328,39,0,0,nta_testimony_waysandmeans_01202011.pdf
0,0,2,2,39,39,13,0,0,123.734375,0,1,2,2,2,1,2,2,13,1,1,30,0,0,39,13,0,0,65fr64622.pdf
0,0,2,2,24,24,5,0,0,11.1884765625,0,1,3,2,2,1,3,1,13,1,1,33,1,0,24,11,0,0,n-05-59.pdf
1,2,2,2,170,170,29,0,0,84.39453125,0,1,2,3,2,1,2,1,254,1,1,59,1,98,170,21,0,1,f8275_accessibile.pdf
0,0,2,2,66,66,27,0,0,49.3583984375,0,1,2,2,2,1,2,1,46,1,1,74,1,0,66,9,0,0,i8915.pdf
0,0,5,0,89,89,79,0,0,103.5810546875,0,0,5,6,5,0,27,5,57,0,5,15,4,0,89,8,0,0,f982.pdf
0,0,2,2,62,62,16,0,0,90.9853515625,0,1,11,2,2,1,11,1,25,1,1,82,1,0,62,12,0,0,rp-07-62.pdf
0,0,2,2,11,11,3,0,0,14.466796875,0,1,1,2,2,1,1,2,4,1,1,0,0,0,11,12,1,0,alldomns.pdf
0,0,2,2,49,49,24,0,0,107.0166015625,0,1,2,3,2,1,2,1,31,1,1,68,1,0,49,17,0,0,cp120_russian.pdf
0,0,2,2,43,43,31,0,0,121.28125,0,1,1,2,2,1,2,1,44,1,1,5,1,0,43,11,0,0,allvoin.pdf
0,0,2,2,34,34,8,1,0,16.33984375,0,1,6,2,2,1,6,2,12,1,1,28,0,0,34,11,0,0,n-01-17.pdf
0,0,2,2,40,40,12,0,0,58.994140625,0,1,7,2,2,1,7,2,12,1,1,25,1,0,40,12,0,0,rr-03-24.pdf
0,0,5,0,136,136,129,0,0,113.3779296875,0,0,2,6,5,0,75,5,104,0,5,41,4,0,136,12,0,0,f1040nre.pdf
0,0,2,2,231,231,34,0,0,181.0458984375,0,1,8,2,2,1,12,1,55,1,1,102,1,1,231,11,0,0,i1041si.pdf
0,0,1,1,54,54,14,0,0,189.02734375,0,0,1,1,1,1,1,1,33,1,1,46,3,0,54,15,0,0,072005-lore.pdf
0,0,2,2,21,21,8,0,0,75.5,0,1,2,2,2,1,3,1,26,1,1,5,1,0,21,13,0,0,bridpoint.pdf
0,0,2,2,94,94,27,0,0,50.5869140625,0,1,23,2,2,1,23,1,17,1,1,74,1,0,94,12,0,0,rp-05-72.pdf
0,0,2,2,58,58,15,0,0,29.2294921875,0,1,13,2,2,1,13,1,15,1,1,53,1,0,58,12,0,0,rp-07-30.pdf
0,0,2,2,27,27,6,0,0,11.103515625,0,1,4,2,2,1,4,1,13,1,1,34,1,0,27,12,0,0,rr-08-09.pdf
0,0,2,2,456,456,108,0,0,248.5322265625,0,1,102,2,2,1,102,2,22,1,1,140,0,0,456,22,0,0,irb1998-06.020998..pdf
0,0,2,0,31,31,28,0,0,87.951171875,0,1,1,2,2,0,0,2,10,0,2,1,1,0,31,16,0,0,09inratesnap.pdf
0,0,1,1,6,6,2,0,0,74.8896484375,0,0,1,1,1,1,1,0,2,1,1,1,0,0,6,12,1,0,cityhmlk.pdf
52,53,1,1,81,81,53,0,0,25.6064453125,0,0,1,1,1,1,52,1,125,1,1,71,0,19,81,22,0,1,purepdf_calculator.pdf
0,0,2,2,12,12,4,0,0,22.3349609375,0,1,1,2,2,1,1,2,5,1,1,0,1,0,12,12,1,0,aliedsol.pdf
0,0,2,2,20,20,7,0,0,15.50390625,0,1,2,3,2,1,2,1,17,1,1,23,1,0,20,22,0,0,20110110-N-Lambson.pdf
0,0,3,4,213,213,51,0,0,108.8388671875,0,0,2,4,3,2,26,3,260,2,2,94,2,92,212,10,0,0,f941sd.pdf
0,0,2,2,403,403,39,0,0,250.5048828125,0,1,11,3,2,1,15,1,72,1,1,93,1,11,403,11,0,0,i1040sc.pdf
0,0,2,2,122,122,8,1,0,53.294921875,0,1,3,2,2,1,3,2,96,1,1,19,1,1,122,12,0,0,rr-04-30.pdf
0,0,2,2,290,290,39,0,0,224.6318359375,0,1,11,2,2,1,17,1,97,1,1,102,1,20,290,10,0,0,i944sp.pdf
0,0,2,2,48,48,12,0,0,29.953125,0,1,9,2,2,1,9,1,17,1,1,59,1,0,48,11,0,0,n-07-69.pdf
0,0,5,0,62,62,55,0,0,87.0810546875,0,0,2,6,5,0,9,5,36,0,5,5,4,0,62,11,0,0,f5713sb.pdf
0,0,2,2,39,39,13,0,0,124.0263671875,0,1,2,2,2,1,2,2,13,1,1,30,0,0,39,13,0,0,65fr55302.pdf
0,0,2,0,15,15,12,0,0,17.55078125,0,1,1,2,2,0,0,2,5,0,2,0,1,0,15,11,0,0,12-0039.pdf
0,0,5,5,795,795,424,0,0,226.44140625,0,0,5,5,5,4,401,4,737,4,4,531,4,166,795,9,0,0,f8633.pdf
0,0,1,1,34,34,8,0,0,20.0673828125,0,0,8,1,1,1,8,1,5,1,1,14,0,0,34,11,0,0,rp96-15.pdf
0,0,1,1,6,6,2,0,0,58.1533203125,0,0,1,1,1,1,1,0,2,1,1,1,0,0,6,12,1,0,airlnaut.pdf
0,0,2,2,125,125,12,1,0,63.4921875,0,1,7,2,2,1,7,2,104,1,1,23,1,0,125,12,0,0,rp-02-74.pdf
0,0,3,4,146,146,61,0,0,102.2001953125,0,0,2,4,3,2,32,3,170,2,2,138,2,42,145,11,0,0,f1040sr.pdf
0,0,5,0,61,61,53,0,0,85.3935546875,0,0,1,6,5,0,9,5,40,0,5,5,4,0,61,10,0,0,f2210f.pdf
0,0,2,2,27,27,15,0,0,80.6884765625,0,1,1,2,2,1,2,1,28,1,1,5,1,0,27,11,0,0,advmati.pdf
0,0,1,1,6,6,2,0,0,80.1650390625,0,0,1,1,1,1,1,0,2,1,1,1,0,0,6,14,1,0,artprizegp.pdf
0,0,2,2,67,67,18,0,0,37.271484375,0,1,16,2,2,1,16,1,15,1,1,56,1,0,67,12,0,0,rr-04-86.pdf
0,0,2,2,48,48,13,0,0,24.609375,0,1,10,2,2,1,10,1,21,1,1,39,1,0,48,12,0,0,rr-09-27.pdf
0,0,2,2,30,30,9,0,0,48.9111328125,0,1,3,2,2,1,3,2,13,1,1,27,1,0,30,12,0,0,rr-04-52.pdf
0,0,2,2,11,11,3,0,0,27.396484375,0,1,1,2,2,1,1,2,4,1,1,0,0,0,11,10,1,0,aprisa.pdf
0,0,3,3,97,97,22,0,0,42.68359375,0,0,1,3,3,2,19,2,90,2,2,20,2,50,97,10,0,0,f13711.pdf
0,0,2,2,70,70,36,0,0,125.7568359375,0,1,1,2,2,1,1,18,44,1,1,88,1,0,70,19,0,0,cp45_vietnamese.pdf
0,0,2,2,147,147,13,1,0,82.4560546875,0,1,9,2,2,1,9,2,125,1,1,17,1,0,147,10,0,0,n-03-5.pdf
0,0,2,2,79,79,33,0,0,141.3037109375,0,1,1,3,2,1,1,1,57,1,1,129,3,0,79,16,0,0,cp45_english.pdf
0,0,1,1,6,6,2,0,0,89.953125,0,0,1,1,1,1,1,0,2,1,1,1,0,0,6,11,1,0,babsncl.pdf
0,0,4,4,371,371,48,2,0,127.2529296875,0,0,18,4,4,4,36,3,338,4,3,105,3,2,371,44,0,0,uk_competent_authority_agreement_10_5_06.pdf
0,0,1,1,6,6,2,0,0,70.509765625,0,0,1,1,1,1,1,0,2,1,1,1,0,0,6,12,1,0,apedvntr.pdf
0,0,1,1,3,3,0,1,0,0.5791015625,0,0,1,1,1,0,0,0,3,0,0,2,0,0,3,14,1,0,print_test.pdf
0,0,3,0,55,55,36,0,0,47.28125,0,0,3,3,3,0,5,3,30,0,3,16,2,0,55,12,0,0,p3067ede.pdf
0,0,2,0,121,121,117,0,0,199.7109375,0,1,2,2,2,0,101,2,108,0,2,2,1,0,121,9,0,0,f8275.pdf
0,0,2,2,138,138,30,0,0,256.8837890625,0,1,1,2,2,1,2,1,94,1,1,83,1,1,138,19,0,0,climate_reality.pdf
0,0,2,2,60,60,17,0,0,39.4697265625,0,1,11,3,2,1,11,1,39,1,1,41,1,1,60,12,0,0,rp-12-29.pdf
0,0,2,2,21,21,5,0,0,10.666015625,0,1,3,2,2,1,3,2,8,1,1,10,1,0,21,7,0,0,136.pdf
0,0,2,0,37,37,34,0,0,178.59765625,0,1,1,2,2,0,2,2,10,0,2,1,1,0,37,14,0,0,ads_causes.pdf
0,0,2,2,48,48,21,0,0,97.4521484375,0,1,3,2,2,1,3,1,22,1,1,61,1,0,48,22,0,0,ir-2011-14_russian.pdf
0,0,2,2,51,51,16,0,0,38.626953125,0,1,9,3,2,1,9,1,34,1,1,29,1,1,51,12,0,0,rr-07-47.pdf
0,0,2,2,65,65,8,1,0,51.0908203125,0,1,2,2,2,1,2,2,64,1,1,26,1,0,65,10,0,0,a-02-8.pdf
0,0,2,2,29,29,17,0,0,84.3369140625,0,1,1,2,2,1,2,1,28,1,1,5,1,0,29,12,0,0,autodtai.pdf
0,0,3,3,115,115,44,0,0,90.341796875,0,0,19,3,3,2,21,2,35,2,2,78,2,0,115,11,0,0,103002f.pdf
0,0,2,2,49,49,13,0,0,18.943359375,0,1,11,2,2,1,12,2,8,1,1,19,0,0,49,12,0,0,rp-99-36.pdf
0,0,2,0,114,114,107,0,0,91.5751953125,0,0,3,3,2,0,69,2,88,0,2,47,1,0,114,9,0,0,f23ep.pdf
0,0,4,0,97,97,90,0,0,246.6845703125,0,0,2,4,4,0,58,4,70,0,4,19,3,0,97,9,0,0,f8875.pdf
0,0,2,2,32,32,11,0,0,27.17578125,0,1,3,3,2,1,3,1,30,1,1,31,1,1,32,12,0,0,mlms-pia.pdf
0,0,2,0,48,48,44,0,0,228.0810546875,0,1,2,2,2,0,2,2,8,0,2,2,2,0,48,9,0,0,p4991.pdf
0,0,2,0,27,27,24,0,0,80.16796875,0,1,1,2,2,0,0,2,7,0,2,1,1,0,27,35,0,0,General_Conventional Processing.pdf
0,0,1,1,6,6,2,0,0,73.7841796875,0,0,1,1,1,1,1,0,2,1,1,1,0,0,6,13,1,0,colgloinc.pdf
0,0,3,3,72,72,27,0,0,96.3955078125,0,0,8,3,3,3,8,2,45,3,2,84,2,0,72,13,0,0,70fr21704.pdf
2,3,1,2,145,145,42,0,0,73.6171875,0,0,3,4,1,1,12,3,165,1,2,76,1,41,145,20,0,1,f8833_accessible.pdf
0,0,3,0,69,69,63,0,0,77.9423828125,0,0,2,3,3,0,20,3,41,0,3,8,1,0,69,20,0,0,f4466_accessible.pdf
0,0,2,2,62,62,32,0,0,57.2978515625,0,1,4,3,2,0,10,1,42,1,1,55,1,0,62,17,0,0,cp959_spanish.pdf
0,0,2,2,11,11,3,0,0,25.5419921875,0,1,1,2,2,1,1,2,4,1,1,0,0,0,11,12,1,0,aciescom.pdf
0,0,1,1,6,6,2,0,0,79.6982421875,0,0,1,1,1,1,1,0,2,1,1,1,0,0,6,12,1,0,convexgr.pdf
0,0,2,2,39,39,12,0,0,91.181640625,0,1,5,2,2,1,5,2,15,1,1,37,1,0,39,17,0,0,notice2001_56.pdf
0,0,2,2,26,26,7,0,0,20.4228515625,0,1,4,3,2,1,4,1,13,2,1,24,1,0,26,11,0,0,n-11-55.pdf
0,0,1,1,30,30,4,0,0,11.6044921875,0,0,1,1,1,1,1,4,18,1,1,11,1,0,30,24,0,0,Alexander_Georgiadis.pdf
0,0,4,6,261,261,37,0,0,128.130859375,0,0,2,7,4,3,6,6,360,3,5,123,3,146,260,10,0,0,f1041t.pdf
0,0,1,1,9,9,4,0,0,27.8564453125,0,0,1,1,1,1,1,1,11,1,1,0,1,0,9,12,1,0,comptown.pdf
0,0,2,2,165,165,18,1,0,90.97265625,0,1,4,2,2,1,4,2,130,1,1,36,1,0,165,11,0,0,n-03-10.pdf
0,0,2,2,26,26,14,0,0,93.5009765625,0,1,1,2,2,1,2,1,25,1,1,5,1,0,26,13,0,0,chanscene.pdf
0,0,2,2,11,11,3,0,0,21.9091796875,0,1,1,2,2,1,1,2,4,1,1,0,0,0,11,12,1,0,chcomhld.pdf
0,0,2,2,121,121,36,0,0,69.86328125,0,1,34,2,2,1,34,1,13,1,1,64,1,0,121,12,0,0,rp-12-18.pdf
0,0,3,0,57,57,51,0,0,94.4853515625,0,0,2,3,3,0,2,3,25,0,3,2,1,0,57,20,0,0,f6251_accessible.pdf
0,0,2,2,27,27,9,0,0,19.5224609375,0,1,4,3,2,1,4,1,19,1,1,24,1,0,27,11,0,0,n-05-15.pdf
0,0,1,2,115,115,46,0,0,130.0078125,0,0,38,3,1,1,38,2,134,1,2,91,1,0,115,24,0,0,2000ComplianceReport.pdf
0,0,2,2,11,11,3,0,0,24.337890625,0,1,1,2,2,1,1,2,4,1,1,0,0,0,11,10,1,0,awninc.pdf
0,0,4,0,46,46,40,0,0,70.1767578125,0,0,1,5,4,0,2,4,28,0,4,2,3,0,46,12,0,0,f1120ssd.pdf
0,0,2,2,82,82,15,1,0,58.67578125,0,1,1,2,2,1,1,2,63,1,1,33,1,0,82,11,0,0,n-02-11.pdf
0,0,3,0,35,35,30,0,0,46.1806640625,0,0,1,3,3,0,1,3,20,0,3,1,1,0,35,21,0,0,f8596a_accessible.pdf
0,0,2,2,11,11,3,0,0,26.74609375,0,1,1,2,2,1,1,2,4,1,1,0,0,0,11,12,1,0,chartypl.pdf
0,0,2,2,31,31,19,0,0,81.1416015625,0,1,1,2,2,1,2,1,30,1,1,5,1,0,31,14,0,0,centerhope.pdf
0,0,2,2,11,11,3,0,0,26.6826171875,0,1,1,2,2,1,1,2,4,1,1,0,0,0,11,10,1,0,anyday.pdf
0,0,2,2,67,67,35,0,0,59.552734375,0,1,4,3,2,0,11,1,42,1,1,66,1,0,67,18,0,0,cp259c_english.pdf
0,0,2,2,24,24,7,0,0,37.73046875,0,1,3,2,2,1,3,2,9,1,1,11,1,0,24,12,0,0,rp-04-27.pdf
0,0,2,0,487,487,161,0,0,173.28125,0,0,6,2,2,1,120,2,158,1,2,145,2,0,487,9,0,0,f8854.pdf
0,0,4,6,57,57,21,0,0,49.501953125,0,0,2,9,4,3,2,7,65,3,7,42,3,6,57,9,0,0,p1teb.pdf
0,0,2,2,30,30,9,0,0,18.8994140625,0,1,4,3,2,1,4,1,25,1,1,24,1,1,30,11,0,0,n-08-32.pdf
0,0,4,0,76,76,70,0,0,88.5478515625,0,0,1,5,4,0,29,4,58,0,4,11,3,0,76,9,0,0,f8615.pdf
0,0,1,1,6,6,2,0,0,86.017578125,0,0,1,1,1,1,1,0,2,1,1,1,0,0,6,12,1,0,bellhowl.pdf
0,0,2,2,11,11,3,0,0,31.9326171875,0,1,1,2,2,1,1,2,4,1,1,0,0,0,11,12,1,0,amextrvs.pdf
0,0,2,2,66,66,17,0,0,50.5947265625,0,1,12,3,2,1,12,1,23,2,1,32,1,0,66,12,0,0,rp-11-27.pdf
0,0,2,2,39,39,8,0,0,19.46484375,0,1,6,2,2,1,6,1,19,1,1,66,1,0,39,11,0,0,n-12-06.pdf
0,0,1,1,6,6,2,0,0,78.462890625,0,0,1,1,1,1,1,0,2,1,1,1,0,0,6,12,1,0,cainscdi.pdf
0,0,2,2,96,96,24,0,0,366.7333984375,0,1,11,2,2,1,11,1,70,1,1,121,1,0,96,11,0,0,ar-1948.pdf
0,0,2,2,33,33,10,0,0,68.837890625,0,1,3,2,2,1,3,2,15,1,1,35,1,0,33,12,0,0,rr-03-85.pdf
0,0,2,2,74,74,34,0,0,162.2001953125,0,1,4,2,2,1,4,1,48,1,1,114,2,0,74,11,0,0,p1660sp.pdf
0,0,3,0,48,48,42,0,0,55.3623046875,0,0,2,3,3,0,11,3,31,0,3,5,1,0,48,21,0,0,f8874b_accessible.pdf
0,0,1,1,6,6,2,0,0,76.1318359375,0,0,1,1,1,1,1,0,2,1,1,1,0,0,6,12,1,0,charprof.pdf
0,0,2,2,157,157,21,1,0,46.28515625,0,1,8,2,2,1,8,1,139,1,1,40,1,4,157,13,0,0,07tyrrell.pdf
0,0,2,2,26,26,7,0,0,23.501953125,0,1,4,3,2,1,4,1,13,2,1,24,1,0,26,11,0,0,n-11-50.pdf
0,0,2,2,63,63,8,1,0,53.6103515625,0,1,1,2,2,1,1,2,57,1,1,33,1,0,63,12,0,0,a-02-110.pdf
0,0,1,1,6,6,2,0,0,76.048828125,0,0,1,1,1,1,1,0,2,1,1,1,0,0,6,12,1,0,carlflor.pdf
0,0,4,0,47,47,40,0,0,60.8818359375,0,0,2,5,4,0,3,4,28,0,4,3,3,0,47,9,0,0,f8923.pdf
0,0,2,2,30,30,18,0,0,94.21875,0,1,1,2,2,1,2,1,29,1,1,5,1,0,30,12,0,0,calisfin.pdf
0,0,1,1,47,47,12,0,0,24.1240234375,0,0,12,1,1,1,12,1,7,1,1,18,0,0,47,12,0,0,rp-99-15.pdf
0,0,2,2,33,33,8,0,0,20.1298828125,0,1,6,2,2,1,6,1,13,1,1,36,1,0,33,12,0,0,rr-05-39.pdf
0,0,2,2,60,60,24,0,0,66.4990234375,0,1,8,3,2,1,8,1,51,1,1,70,1,1,60,12,0,0,efds-pia.pdf
0,0,3,0,129,129,123,0,0,90.2744140625,0,0,2,3,3,0,81,3,102,0,3,37,2,0,129,10,0,0,f1040a.pdf
0,0,2,2,29,29,8,0,0,16.1337890625,0,1,6,2,2,1,6,1,9,1,1,16,1,0,29,12,0,0,rr-11-09.pdf
0,0,2,0,34,34,31,0,0,143.4853515625,0,1,1,2,2,0,2,2,9,0,2,1,1,0,34,19,0,0,charleston_tele.pdf
0,0,2,2,23,23,11,0,0,66.1533203125,0,1,1,2,2,1,2,1,22,1,1,5,1,0,23,14,0,0,bigliveinc.pdf
0,0,2,2,11,11,3,0,0,22.4375,0,1,1,2,2,1,1,2,4,1,1,0,0,0,11,12,1,0,amcabent.pdf
0,0,3,0,81,81,71,0,0,124.919921875,0,0,6,3,3,0,30,3,51,0,3,14,1,0,81,21,0,0,f1099g_accessible.pdf
0,0,1,1,19,19,3,0,0,13.330078125,0,0,3,1,1,1,3,1,8,1,1,11,0,0,19,11,0,0,a-99-18.pdf
0,0,2,2,39,39,12,0,0,92.8740234375,0,1,7,3,2,1,7,1,19,2,1,50,1,0,39,12,0,0,rp-11-17.pdf
0,0,1,1,6,6,2,0,0,73.177734375,0,0,1,1,1,1,1,0,2,1,1,1,0,0,6,13,1,0,addcomllc.pdf
0,0,2,2,43,43,13,0,0,25.2724609375,0,1,3,2,2,1,3,2,17,1,1,32,0,0,43,13,0,0,63fr59233.pdf
0,0,2,2,80,80,40,0,0,69.587890625,0,1,4,3,2,0,14,1,60,1,1,66,1,0,80,17,0,0,cp503_english.pdf
0,0,2,2,55,55,18,0,0,111.7265625,0,1,3,2,2,1,3,2,31,1,1,55,0,0,55,9,0,0,p3379.pdf
0,0,2,2,11,11,3,0,0,28.369140625,0,1,1,2,2,1,1,2,4,1,1,0,0,0,11,12,1,0,arrasgrp.pdf
0,0,2,2,11,11,3,0,0,25.046875,0,1,1,2,2,1,1,2,4,1,1,0,0,0,11,12,1,0,bookzone.pdf
0,0,2,2,33,33,21,0,0,84.3857421875,0,1,1,2,2,1,2,1,32,1,1,5,1,0,33,12,0,0,cdfinacl.pdf
0,0,2,2,179,179,15,1,0,64.0791015625,0,1,3,2,2,1,3,2,135,1,1,19,1,1,179,12,0,0,rp-02-35.pdf
0,0,2,2,806,806,38,0,0,143.087890625,0,1,17,2,2,1,17,1,765,1,1,91,1,1,806,11,0,0,ifs-pia.pdf
0,0,4,4,51,51,18,1,0,63.4599609375,0,0,1,4,4,3,2,3,49,3,3,42,3,0,51,13,0,0,74fr19108.pdf
0,0,2,0,148,148,135,0,0,104.0380859375,0,1,11,2,2,0,92,2,105,0,2,29,1,0,148,10,0,0,f1099r.pdf
0,0,2,2,27,27,10,0,0,19.6962890625,0,1,4,3,2,1,4,1,21,1,1,35,1,0,27,12,0,0,rr-08-24.pdf
0,0,2,2,42,42,11,0,0,22.3173828125,0,1,9,2,2,1,9,1,13,1,1,39,1,0,42,12,0,0,rr-05-40.pdf
0,0,2,2,38,38,14,0,0,38.533203125,0,1,4,3,2,1,4,1,34,1,1,43,1,1,38,12,0,0,dlse-pia.pdf
0,0,2,2,22,22,5,0,0,10.61328125,0,1,3,2,2,1,3,1,11,1,1,23,1,0,22,12,0,0,rp-04-68.pdf
0,0,2,2,130,130,93,0,0,83.193359375,0,1,3,3,2,1,3,1,87,1,1,69,1,0,130,17,0,0,cp521_spanish.pdf
0,0,5,5,201,201,84,0,0,318.814453125,0,0,2,6,5,4,15,4,161,4,4,204,8,0,201,12,0,0,p4346aru.pdf
0,0,2,2,28,28,8,0,0,17.140625,0,1,3,3,2,1,3,1,25,1,1,23,1,1,28,12,0,0,rr-09-18.pdf
3,3,1,1,1049,1049,133,1,0,1101.60546875,0,0,41,1,1,1,87,1,1308,1,1,154,1,261,1049,26,0,1,RichContentorFlash (7).pdf
0,0,2,2,220,220,32,0,0,146.275390625,0,1,7,2,2,1,11,1,66,1,1,93,1,8,220,9,0,0,i4136.pdf
0,0,2,2,33,33,8,1,0,16.982421875,0,1,7,2,2,1,7,2,9,1,1,21,0,0,33,11,0,0,n-01-61.pdf
0,0,2,2,30,30,9,0,0,59.2978515625,0,1,3,2,2,1,3,2,13,1,1,27,1,0,30,12,0,0,rp-03-29.pdf
0,0,2,2,40,40,4,0,0,22.017578125,0,0,2,2,2,2,2,2,37,2,2,41,1,4,40,13,0,0,69fr69822.pdf
0,0,2,2,43,43,13,0,0,23.4755859375,0,1,10,2,2,1,10,1,9,1,1,20,1,0,43,12,0,0,rr-07-19.pdf
0,0,2,2,40,40,14,0,0,30.1982421875,0,1,9,3,2,1,9,1,29,1,1,49,1,0,40,12,0,0,rp-08-37.pdf
0,0,2,0,105,105,99,0,0,200.90234375,0,1,4,2,2,0,0,2,51,0,2,0,1,0,105,20,0,0,cp504_vietnamese.pdf
0,0,2,2,22,22,10,0,0,81.4423828125,0,1,1,2,2,1,2,1,21,1,1,5,1,0,22,15,0,0,coppointjou.pdf
0,0,2,2,31,31,8,0,0,14.201171875,0,1,6,2,2,1,6,1,11,1,1,26,1,0,31,12,0,0,rp-05-62.pdf
0,0,4,6,44,44,17,0,0,39.76171875,0,0,5,9,4,3,10,7,45,3,7,23,3,0,44,12,0,0,rr75-038.pdf
0,0,2,2,88,88,30,0,0,62.7783203125,0,1,26,2,2,1,26,1,22,1,1,77,1,0,88,12,0,0,rp-06-17.pdf
0,0,3,3,259,259,36,0,0,197.689453125,0,0,8,3,3,2,12,2,75,2,2,113,2,7,259,9,0,0,i8854.pdf
0,0,2,2,71,71,27,0,0,84.3349609375,0,1,17,3,2,1,17,1,49,1,1,61,1,2,71,11,0,0,n-08-40.pdf
0,0,1,1,6,6,2,0,0,76.92578125,0,0,1,1,1,1,1,0,2,1,1,1,0,0,6,12,1,0,blannati.pdf
0,0,2,2,25,25,7,0,0,39.759765625,0,1,3,2,2,1,3,2,10,1,1,13,1,0,25,12,0,0,rr-03-70.pdf
0,0,2,2,148,148,33,0,0,150.2255859375,0,1,24,2,2,1,24,2,28,1,1,93,0,0,148,12,0,0,p3--1997.pdf
0,0,2,0,41,41,38,0,0,222.9677734375,0,1,1,2,2,0,2,2,10,0,2,1,1,0,41,21,0,0,conformal_systems.pdf
0,0,2,2,100,100,11,1,0,56.337890625,0,1,5,2,2,1,5,2,79,1,1,29,1,0,100,13,0,0,rr-03-110.pdf
0,0,2,2,23,23,11,0,0,76.03125,0,1,1,2,2,1,2,1,22,1,1,5,1,0,23,12,0,0,bariamer.pdf
0,0,4,0,62,62,56,0,0,78.01171875,0,0,2,4,4,0,8,4,33,0,4,5,2,0,62,12,0,0,f4506tes.pdf
0,0,2,2,11,11,3,0,0,26.677734375,0,1,1,2,2,1,1,2,4,1,1,0,0,0,11,12,1,0,bigbrost.pdf
0,0,2,0,14,14,11,0,0,96.7802734375,0,1,1,2,2,0,1,2,8,0,2,1,1,0,14,25,1,0,Aaron_Michael_Boatman.pdf
0,0,2,2,38,38,11,1,0,14.4453125,0,1,3,2,2,1,3,2,13,1,1,24,0,0,38,13,0,0,greeceweb.pdf
0,0,1,1,104,104,50,0,0,264.9423828125,0,0,42,1,1,1,42,1,12,1,2,69,4,0,104,27,0,0,FY2003_NIV_Detail_Table.pdf
0,0,3,3,68,68,12,0,0,304.7041015625,0,0,6,4,3,3,7,3,32,3,3,44,0,0,68,12,0,0,new-ways.pdf
0,0,2,2,31,31,7,0,0,16.0478515625,0,1,5,2,2,1,5,2,14,1,1,26,1,0,31,18,0,0,077sigall_riaa.pdf
0,0,1,1,64,64,17,0,0,34.197265625,0,0,16,1,1,1,17,1,8,1,1,26,0,0,64,11,0,0,not98-1.pdf
0,0,1,1,6,6,2,0,0,79.052734375,0,0,1,1,1,1,1,0,2,1,1,1,0,0,6,12,1,0,bobevans.pdf
0,0,2,2,149,149,17,1,0,91.837890625,0,1,5,2,2,1,5,2,115,1,1,21,1,1,149,11,0,0,n-02-51.pdf
0,0,2,2,919,919,11,1,0,146.103515625,0,1,5,2,2,1,5,2,499,1,1,29,1,0,919,12,0,0,rp-02-25.pdf
0,0,1,1,6,6,2,0,0,75.359375,0,0,1,1,1,1,1,0,2,1,1,1,0,0,6,12,1,0,allampub.pdf
0,0,2,2,25,25,11,0,0,16.908203125,0,1,1,2,2,1,1,1,11,1,1,21,1,0,25,13,0,0,06cofigbs.pdf
0,0,1,1,43,43,11,0,0,17.482421875,0,0,10,1,1,1,11,1,7,1,1,18,0,0,43,12,0,0,rp-99-17.pdf
0,0,1,1,6,6,2,0,0,89.7294921875,0,0,1,1,1,1,1,0,2,1,1,1,0,0,6,12,1,0,carnmelu.pdf
0,0,2,2,125,125,30,0,0,250.37109375,0,1,1,2,2,1,2,1,86,1,1,83,1,2,125,19,0,0,bjs_restaurants.pdf
0,0,3,0,54,54,48,0,0,87.9384765625,0,0,2,3,3,0,2,3,25,0,3,2,1,0,54,21,0,0,fw4s12_accessible.pdf
0,0,2,2,11,11,3,0,0,25.65234375,0,1,1,2,2,1,1,2,4,1,1,0,0,0,11,12,1,0,amerqots.pdf
0,0,2,2,110,110,33,0,0,91.5517578125,0,1,28,2,2,1,28,1,19,1,1,82,1,0,110,11,0,0,n-11-52.pdf
2,3,1,2,289,289,80,0,0,265.9716796875,0,0,2,3,1,1,50,3,386,1,2,89,1,150,289,20,0,1,f8902_accessible.pdf
0,0,2,2,11,11,3,0,0,23.5185546875,0,1,1,2,2,1,1,2,4,1,1,0,0,0,11,11,1,0,compete.pdf
2,3,1,2,216,216,92,0,0,99.9853515625,0,0,2,4,1,1,53,3,219,2,2,132,1,39,216,20,0,1,f2758_accessible.pdf
0,0,1,1,29,29,7,0,0,11.279296875,0,0,7,1,1,1,7,1,6,1,1,11,0,0,29,11,0,0,not98-6.pdf
0,0,3,4,63,63,25,0,0,74.1279296875,0,0,16,6,3,2,17,4,46,2,4,47,2,1,63,35,0,0,tech_guid_phoneforum_transcript.pdf
0,0,2,2,11,11,3,0,0,23.5517578125,0,1,1,2,2,1,1,2,4,1,1,0,0,0,11,12,1,0,adtcginc.pdf
0,0,2,2,236,236,167,0,0,238.4775390625,0,1,5,3,2,1,5,1,158,1,1,152,1,0,236,16,0,0,cp11_spanish.pdf
0,0,2,2,79,79,24,0,0,45.150390625,0,1,19,2,2,1,19,1,15,1,1,52,1,0,79,11,0,0,n-07-89.pdf
1,2,4,4,421,421,31,0,0,119.2880859375,0,0,2,5,4,3,2,13,440,3,3,70,3,64,421,21,0,1,f4876a_accessible.pdf
0,0,1,1,9,9,4,0,0,102.2373046875,0,0,2,1,1,1,2,0,3,1,1,2,0,0,9,12,1,0,bbandbyi.pdf
0,0,2,2,205,205,17,1,0,83.337890625,0,1,5,2,2,1,5,2,141,1,1,21,1,1,205,10,0,0,a-04-4.pdf
0,0,2,2,50,50,17,0,0,45.3984375,0,1,10,3,2,1,10,1,37,1,1,40,1,7,50,11,0,0,n-04-70.pdf
0,0,2,2,35,35,8,0,0,27.5458984375,0,1,4,2,2,1,4,1,21,1,1,63,1,0,35,11,0,0,n-12-36.pdf
0,0,1,1,30,30,8,0,0,11.3603515625,0,0,6,1,1,1,7,1,5,1,1,12,0,0,30,11,0,0,a-98-22.pdf
0,0,2,0,20,20,17,0,0,35.048828125,0,1,1,2,2,0,1,2,7,0,2,1,1,0,20,16,0,0,Brent_Morris.pdf
0,0,2,2,33,33,21,0,0,90.466796875,0,1,1,2,2,1,2,1,34,1,1,5,1,0,33,13,0,0,carecross.pdf
0,0,2,2,40,40,18,0,0,45.7236328125,0,1,6,3,2,1,6,1,35,1,1,34,1,1,40,15,0,0,joc-ndc-pia.pdf
0,0,4,0,49,49,42,0,0,77.0439453125,0,0,2,5,4,0,3,4,28,0,4,3,3,0,49,9,0,0,f6497.pdf
0,0,2,2,40,40,10,0,0,26.5400390625,0,1,5,3,2,1,5,1,31,1,1,35,1,1,40,17,0,0,29-james-love.pdf
0,0,2,2,11,11,3,0,0,36.2333984375,0,1,1,2,2,1,1,2,4,1,1,0,0,0,11,12,1,0,apaxpart.pdf
0,0,2,2,27,27,15,0,0,96.6875,0,1,1,2,2,1,2,1,26,1,1,5,1,0,27,10,0,0,baytsp.pdf
0,0,5,0,63,63,54,0,0,98.88671875,0,0,2,6,5,0,4,5,35,0,5,4,4,0,63,9,0,0,f5074.pdf
0,0,2,2,42,42,16,0,0,36.373046875,0,1,11,3,2,1,11,1,27,1,1,31,1,0,42,11,0,0,n-08-86.pdf
0,0,1,1,6,6,2,0,0,90.0322265625,0,0,1,1,1,1,1,0,2,1,1,1,0,0,6,12,1,0,blurgcol.pdf
0,0,1,2,117,117,48,0,0,152.08203125,0,0,40,3,1,1,40,2,130,1,2,93,1,0,117,24,0,0,2006ComplianceReport.pdf
0,0,2,2,11,11,3,0,0,27.8388671875,0,1,1,2,2,1,1,2,4,1,1,0,0,0,11,11,1,0,arizpub.pdf
0,0,2,2,41,41,14,0,0,27.4423828125,0,1,1,3,2,1,1,1,21,1,1,51,1,0,41,23,0,0,lmsb_agrt_form_3-26.pdf
0,0,1,1,35,35,9,0,0,15.576171875,0,0,7,1,1,1,8,1,7,1,1,15,0,0,35,12,0,0,rr-98-39.pdf
0,0,2,2,43,43,21,0,0,91.33984375,0,1,3,3,2,1,3,1,29,1,1,62,1,0,43,21,0,0,20101127-D-Fulton.pdf
0,0,2,2,11,11,3,0,0,27.15625,0,1,1,2,2,1,1,2,4,1,1,0,0,0,11,9,1,0,bacon.pdf
0,0,2,2,21,21,5,0,0,11.177734375,0,1,3,2,2,1,3,2,8,1,1,10,1,0,21,15,0,0,092greenman.pdf
0,0,1,1,6,6,2,0,0,76.1123046875,0,0,1,1,1,1,1,0,2,1,1,1,0,0,6,15,1,0,amzoncomllc.pdf
0,0,2,2,37,37,14,0,0,198.3984375,0,1,6,2,2,1,6,2,10,1,1,0,1,0,37,12,0,0,armstng1.pdf
0,0,1,1,86,86,7,0,0,25.6396484375,0,0,2,1,1,2,2,1,69,2,1,25,1,0,86,11,0,0,1201mem.pdf
0,0,2,2,49,49,26,0,0,116.888671875,0,1,1,3,2,1,1,1,30,1,1,57,1,0,49,20,0,0,cp166_vietnamese.pdf
0,0,2,2,11,11,3,0,0,27.328125,0,1,1,2,2,1,1,2,4,1,1,0,0,0,11,12,1,0,almostr2.pdf
0,0,2,2,35,35,7,0,0,24.91796875,0,1,5,2,2,1,5,2,17,1,1,42,1,0,35,11,0,0,043103f.pdf
0,0,2,2,73,73,27,0,0,52.681640625,0,1,11,2,2,1,14,1,16,1,1,37,1,0,73,11,0,0,064301f.pdf
0,0,4,4,503,503,28,0,0,202.8193359375,0,0,4,4,4,3,8,3,429,3,3,68,3,0,503,13,0,0,a2008_105.pdf
0,0,2,2,58,58,16,0,0,41.9794921875,0,1,13,2,2,1,13,1,13,1,1,43,1,0,58,12,0,0,rr-09-32.pdf
0,0,2,2,38,38,9,0,0,30.666015625,0,1,7,2,2,1,7,2,14,1,1,35,1,0,38,11,0,0,044103f.pdf
0,0,2,2,108,108,26,0,0,108.845703125,0,1,2,2,2,1,6,1,47,1,1,80,1,0,108,15,0,0,i1099ptr_11.pdf
0,0,9,9,82,82,24,0,0,84.9267578125,0,0,1,9,9,9,4,13,68,9,8,29,8,0,82,15,0,0,Reed_Letter.pdf
0,0,2,2,11,11,3,0,0,30.3017578125,0,1,1,2,2,1,1,2,4,1,1,0,0,0,11,12,1,0,aidanlut.pdf
0,0,2,2,26,26,14,0,0,74.822265625,0,1,1,2,2,1,2,1,25,1,1,5,1,0,26,12,0,0,conciric.pdf
0,0,3,0,53,53,47,0,0,76.4716796875,0,0,2,3,3,0,5,3,26,0,3,3,1,0,53,9,0,0,f8725.pdf
0,0,2,2,62,62,21,0,0,137.7919921875,0,1,3,4,2,1,3,2,36,1,1,63,0,0,62,9,0,0,p3381.pdf
0,0,2,2,169,169,10,1,0,70.09375,0,1,5,2,2,1,5,2,144,1,1,21,1,0,169,11,0,0,n-03-15.pdf
0,0,2,2,31,31,11,0,0,21.0078125,0,1,7,3,2,1,7,1,23,1,1,27,1,0,31,11,0,0,n-12-07.pdf
0,0,4,6,345,345,86,0,0,244.478515625,0,0,64,9,4,3,128,7,419,3,7,187,3,38,345,17,0,0,reg_157714_06.pdf
0,0,2,2,80,80,49,0,0,73.43359375,0,1,2,3,2,1,2,1,54,1,1,78,1,0,80,16,0,0,cp39_english.pdf
0,0,2,2,33,33,10,0,0,54.2373046875,0,1,5,2,2,1,5,2,11,1,1,21,1,0,33,12,0,0,rr-04-57.pdf
0,0,2,2,40,40,13,0,0,58.5029296875,0,1,1,2,2,1,1,2,13,1,1,27,0,0,40,11,0,0,pub1976.pdf
0,0,1,1,6,6,2,0,0,69.4453125,0,0,1,1,1,1,1,0,2,1,1,1,0,0,6,12,1,0,casscopc.pdf
0,0,1,1,6,6,2,0,0,68.896484375,0,0,1,1,1,1,1,0,2,1,1,1,0,0,6,10,1,0,aresta.pdf
0,0,2,2,206,206,34,0,0,174.88671875,0,1,7,2,2,1,11,1,75,1,1,105,1,10,206,9,0,0,i8839.pdf
0,0,2,2,44,44,18,0,0,57.2685546875,0,1,10,3,2,1,10,1,27,1,1,40,1,0,44,11,0,0,a-05-19.pdf
0,0,2,2,554,554,521,0,0,177.2001953125,0,1,12,2,2,1,12,2,8,1,1,24,1,0,554,7,0,0,203.pdf
0,0,2,2,48,48,19,0,0,27.884765625,0,1,5,2,2,1,7,1,15,1,1,27,1,0,48,11,0,0,084602f.pdf
0,0,1,1,6,6,2,0,0,85.240234375,0,0,1,1,1,1,1,0,2,1,1,1,0,0,6,12,1,0,bigthink.pdf
0,0,2,2,35,35,8,0,0,13.3818359375,0,1,6,2,2,1,6,1,15,1,1,46,1,0,35,12,0,0,rp-08-19.pdf
0,0,2,2,132,132,30,0,0,156.2158203125,0,1,3,2,2,1,7,1,61,1,1,140,1,0,132,11,0,0,i9465fs.pdf
0,0,2,2,27,27,6,0,0,10.958984375,0,1,4,2,2,1,4,1,13,1,1,34,1,0,27,12,0,0,rr-07-15.pdf
0,0,3,0,61,61,55,0,0,74.89453125,0,0,2,3,3,0,14,3,35,0,3,6,1,0,61,20,0,0,f4852_accessible.pdf
0,0,2,2,34,34,22,0,0,96.2041015625,0,1,1,2,2,1,2,1,35,1,1,5,1,0,34,18,0,0,access2editors.pdf
0,0,1,1,33,33,5,0,0,17.349609375,0,0,2,1,1,1,2,5,18,1,1,12,1,0,33,19,0,0,Brendan_Edwards.pdf
0,0,2,2,72,72,24,0,0,69.8720703125,0,1,20,3,2,1,20,1,25,2,1,60,1,2,72,11,0,0,n-10-44.pdf
0,0,2,2,57,57,16,0,0,29.91015625,0,1,14,2,2,1,14,1,11,1,1,34,1,0,57,11,0,0,n-07-86.pdf
0,0,2,2,35,35,17,0,0,164.1611328125,0,1,4,2,2,0,9,1,21,1,1,33,1,0,35,18,0,0,cp259e_english.pdf
0,0,2,2,182,182,12,1,0,79.6953125,0,1,4,2,2,1,4,2,133,1,1,44,1,0,182,12,0,0,rp-04-35.pdf
0,0,2,2,39,39,7,1,0,15.4345703125,0,1,5,2,2,1,5,2,17,1,1,40,0,0,39,11,0,0,a-00-80.pdf
0,0,1,1,6,6,2,0,0,79.3359375,0,0,1,1,1,1,1,0,2,1,1,1,0,0,6,12,1,0,autodata.pdf
0,0,2,2,27,27,8,0,0,64.3525390625,0,1,1,2,2,1,1,2,15,1,1,33,1,0,27,10,0,0,n-04-3.pdf
3,3,1,1,4277,4277,906,1,0,6544.9228515625,0,0,58,18,1,1,197,1,4162,1,1,1466,148,771,4277,26,0,1,RichContentorFlash (8).pdf
0,0,2,2,34,34,6,0,0,21.169921875,0,1,4,2,2,1,4,2,25,1,1,46,1,0,34,17,0,0,074hoy_dvdcca.pdf
0,0,5,0,205,205,163,0,0,123.6884765625,0,0,7,8,5,0,110,5,204,0,5,62,4,2,205,10,0,0,f1098c.pdf
0,0,4,0,105,105,99,0,0,55.375,0,0,2,4,4,1,74,4,34,1,4,54,4,0,105,10,0,0,f13768.pdf
0,0,5,0,64,64,57,0,0,78.0400390625,0,0,2,6,5,0,15,5,42,0,5,7,4,0,64,10,0,0,f5305e.pdf
0,0,2,2,32,32,9,0,0,15.5830078125,0,1,7,2,2,1,7,1,9,1,1,17,1,0,32,11,0,0,n-08-10.pdf
0,0,2,2,29,29,17,0,0,82.541015625,0,1,1,2,2,1,2,1,30,1,1,5,1,0,29,10,0,0,chaspo.pdf
0,0,4,0,117,117,111,0,0,96.2578125,0,0,1,4,4,0,58,4,85,0,4,20,2,0,117,9,0,0,fw7sp.pdf
2,3,3,3,85,85,26,0,0,50.8212890625,0,0,2,3,3,2,14,2,62,2,2,69,2,10,85,9,0,1,f5305.pdf
0,0,2,2,34,34,9,0,0,20.095703125,0,1,7,2,2,1,7,2,9,1,1,15,0,0,34,11,0,0,n-00-39.pdf
0,0,2,2,34,34,9,0,0,15.59375,0,1,7,2,2,1,7,1,11,1,1,27,1,0,34,12,0,0,rp-06-11.pdf
0,0,1,1,87,87,24,0,0,98.5869140625,0,0,23,1,1,1,24,1,9,1,1,35,0,0,87,11,0,0,n-98-52.pdf
0,0,2,2,24,24,6,1,0,14.7431640625,0,1,2,3,2,1,2,1,21,1,1,42,1,0,24,13,0,0,13montoro.pdf
0,0,6,0,72,72,59,0,0,93.181640625,0,0,5,7,6,0,6,6,33,0,6,6,5,0,72,12,0,0,f1120idk.pdf
0,0,1,1,6,6,2,0,0,74.44140625,0,0,1,1,1,1,1,0,2,1,1,1,0,0,6,12,1,0,autograp.pdf
0,0,2,2,38,38,5,0,0,15.5615234375,0,1,1,3,2,1,1,1,34,1,1,46,1,11,38,39,0,0,consent_to_disclose_tax_information.pdf
0,0,1,0,51,51,29,0,0,43.8740234375,0,0,6,3,1,0,0,1,69,0,1,15,1,0,51,13,0,0,f1099a_11.pdf
0,0,3,0,106,106,98,0,0,137.42578125,0,0,4,3,3,0,46,3,68,0,3,18,1,0,106,22,0,0,f944xpr_accessible.pdf
0,0,2,2,48,48,36,0,0,90.048828125,0,1,1,2,2,1,2,1,47,1,1,5,1,0,48,16,0,0,avoncosmetic.pdf
0,0,2,2,56,56,13,1,0,27.2412109375,0,1,5,2,2,1,5,2,14,1,1,33,0,0,56,11,0,0,n-01-56.pdf
0,0,2,0,30,30,27,0,0,94.9287109375,0,1,1,2,2,0,2,2,10,0,2,1,1,0,30,12,0,0,aquafold.pdf
0,0,2,2,62,62,14,0,0,165.3466796875,0,1,6,2,2,1,6,1,48,1,1,82,1,0,62,11,0,0,ar-1868.pdf
0,0,2,2,26,26,14,0,0,88.75390625,0,1,1,2,2,1,2,1,25,1,1,5,1,0,26,12,0,0,bravkids.pdf
0,0,2,2,11,11,3,0,0,28.26953125,0,1,1,2,2,1,1,2,4,1,1,0,0,0,11,12,1,0,blarmlib.pdf
0,0,2,2,67,67,33,0,0,121.8212890625,0,1,6,3,2,1,6,1,51,1,1,91,1,1,67,12,0,0,bpms-pia.pdf
0,0,1,1,6,6,2,0,0,71.978515625,0,0,1,1,1,1,1,0,2,1,1,1,0,0,6,13,1,0,colmbintu.pdf
0,0,1,1,6,6,2,0,0,80.1005859375,0,0,1,1,1,1,1,0,2,1,1,1,0,0,6,10,1,0,akanoc.pdf
0,0,3,0,51,51,45,0,0,68.8046875,0,0,2,4,3,0,2,3,29,0,3,2,2,0,51,9,0,0,f8907.pdf
0,0,2,2,50,50,13,1,0,27.73828125,0,1,12,2,2,1,12,2,9,1,1,26,0,0,50,12,0,0,rp-01-10.pdf
0,0,2,2,121,121,29,0,0,224.9892578125,0,1,1,2,2,1,2,1,78,1,1,75,1,1,121,14,0,0,cmi_market.pdf
0,0,3,0,58,58,52,0,0,68.66796875,0,0,2,3,3,0,14,3,34,0,3,6,1,0,58,21,0,0,f5305e_accessible.pdf
0,0,2,2,24,24,7,0,0,18.3369140625,0,1,2,3,2,1,2,1,20,1,1,42,1,0,24,33,0,0,irsac_membership_balance_plan.pdf
4,4,2,2,92,92,41,0,0,72.4638671875,0,1,1,2,2,1,34,2,80,1,1,52,1,18,92,14,0,1,request_ep.pdf
2,2,1,1,15,15,4,0,0,2.7900390625,0,0,1,1,1,1,3,1,14,1,1,6,0,5,15,26,0,1,purepdf_tooltipexample.pdf
0,0,2,2,76,76,36,0,0,178.82421875,0,1,2,3,2,1,2,1,51,1,1,127,1,0,76,16,0,0,cp31_russian.pdf
0,0,3,0,114,114,106,0,0,90.712890625,0,0,4,3,3,0,70,3,84,0,3,26,1,0,114,8,0,0,f911.pdf
0,0,1,1,6,6,2,0,0,74.2470703125,0,0,1,1,1,1,1,0,2,1,1,1,0,0,6,12,1,0,chekwork.pdf
0,0,1,1,6,6,2,0,0,76.1416015625,0,0,1,1,1,1,1,0,2,1,1,1,0,0,6,12,1,0,chigjobs.pdf
0,0,1,1,39,39,10,0,0,25.595703125,0,0,10,1,1,1,10,1,7,1,1,16,0,0,39,11,0,0,n-98-61.pdf
0,0,2,2,21,21,9,0,0,76.21484375,0,1,1,2,2,1,2,1,20,1,1,5,1,0,21,14,0,0,claycounty.pdf
0,0,3,0,49,49,44,0,0,60.1279296875,0,0,1,3,3,0,6,3,27,0,3,2,1,0,49,20,0,0,f9465_accessible.pdf
0,0,1,1,6,6,2,0,0,81.015625,0,0,1,1,1,1,1,0,2,1,1,1,0,0,6,12,1,0,bellsinc.pdf
0,0,1,1,6,6,2,0,0,75.8349609375,0,0,1,1,1,1,1,0,2,1,1,1,0,0,6,12,1,0,ambarend.pdf
0,0,2,0,28,28,25,0,0,137.33984375,0,1,1,2,2,0,2,2,10,0,2,1,1,0,28,14,0,0,clearvista.pdf
0,0,4,4,149,149,61,0,0,182.04296875,0,0,2,5,4,3,6,3,117,3,3,199,3,0,149,12,0,0,p4346ekr.pdf
0,0,2,2,228,228,39,0,0,188.794921875,0,1,11,2,2,1,16,1,56,1,1,105,1,1,228,9,0,0,i8606.pdf
0,0,3,0,62,62,54,0,0,92.1064453125,0,0,4,3,3,0,4,3,25,0,3,4,1,0,62,21,0,0,f8916a_accessible.pdf
0,0,2,2,52,52,14,0,0,40.01171875,0,1,8,2,2,1,8,2,16,1,1,29,1,0,52,7,0,0,190.pdf
0,0,2,2,97,97,34,0,0,136.580078125,0,1,17,2,2,1,18,1,39,1,1,79,1,0,97,13,0,0,72fr19039.pdf
0,1,2,2,96,96,43,0,0,174.01171875,0,1,2,2,2,1,29,1,85,1,1,49,1,27,96,9,0,0,f8916.pdf
0,0,2,2,27,27,10,0,0,20.46875,0,1,6,3,2,1,6,1,20,1,1,26,1,0,27,11,0,0,n-06-12.pdf
0,0,2,2,58,58,17,0,0,42.0810546875,0,1,15,2,2,1,15,1,9,1,1,25,1,0,58,11,0,0,n-07-77.pdf
0,0,2,2,73,73,63,0,0,304.3681640625,0,1,3,2,2,1,3,1,31,1,1,9,1,0,73,33,0,0,membership_balance_plan_irpac.pdf
0,0,1,1,6,6,2,0,0,79.1806640625,0,0,1,1,1,1,1,0,2,1,1,1,0,0,6,12,1,0,afriziki.pdf
0,0,1,1,38,38,10,0,0,16.419921875,0,0,10,1,1,1,10,1,6,1,1,14,0,0,38,12,0,0,not97-73.pdf
0,0,2,2,85,85,55,0,0,92.18359375,0,1,2,3,2,1,2,1,57,1,1,72,1,0,85,16,0,0,cp49_spanish.pdf
0,0,5,5,682,682,34,3,0,227.287109375,0,0,8,5,5,5,18,4,514,5,4,50,3,0,682,12,0,0,foodtrac.pdf
0,0,1,1,138,138,37,0,0,87.994140625,0,0,37,1,1,1,37,1,22,1,1,86,0,0,138,12,0,0,bktxinbs.pdf
0,0,5,0,108,108,99,0,0,108.9892578125,0,0,2,6,5,0,45,5,81,0,5,31,4,0,108,12,0,0,f1040sei.pdf
0,0,5,0,117,117,102,0,0,113.3046875,0,0,4,6,5,0,44,5,76,0,5,18,4,0,117,9,0,0,f943x.pdf
0,0,2,2,31,31,19,0,0,91.6103515625,0,1,1,2,2,1,2,1,30,1,1,5,1,0,31,12,0,0,chickllc.pdf
0,0,2,2,106,106,34,0,0,323.7939453125,0,0,14,2,2,2,17,2,77,2,2,166,2,0,106,11,0,0,i1040tt.pdf
0,0,1,1,27,27,7,0,0,226.2568359375,0,0,3,1,1,1,3,1,20,2,1,31,1,0,27,24,0,0,3336_001-cricket-com.pdf
0,0,2,2,48,48,15,0,0,89.1513671875,0,1,9,2,2,1,9,2,13,1,1,33,1,0,48,11,0,0,rr-04-6.pdf
0,0,2,2,168,168,23,0,0,139.904296875,0,1,4,2,2,1,6,1,43,1,1,69,1,3,168,11,0,0,i1120sf.pdf
0,0,2,2,11,11,3,0,0,31.7685546875,0,1,1,2,2,1,1,2,4,1,1,0,0,0,11,10,1,0,altacc.pdf
0,0,2,2,36,36,9,0,0,13.8544921875,0,1,7,2,2,1,7,1,13,1,1,37,1,0,36,12,0,0,rp-07-31.pdf
0,0,2,2,11,11,3,0,0,182.6669921875,0,1,1,2,2,1,1,2,4,1,1,0,0,0,11,12,1,0,ascntxtc.pdf
0,0,2,2,147,147,51,0,0,165.4853515625,0,1,26,3,2,1,26,2,44,1,1,78,3,0,147,12,0,0,p3--2005.pdf
0,0,4,6,66,66,26,0,0,73.1123046875,0,0,15,9,4,3,16,7,53,3,7,56,3,1,66,30,0,0,roth_phoneforum_transcript.pdf
0,0,2,2,26,26,6,1,0,10.509765625,0,1,4,2,2,1,4,2,10,1,1,19,0,0,26,11,0,0,n-01-18.pdf
0,0,3,0,17,17,13,0,0,16.298828125,0,0,1,3,3,1,1,3,11,1,3,1,2,0,17,10,0,0,ffc105.pdf
0,0,3,0,110,110,104,0,0,100.7646484375,0,0,2,3,3,0,59,3,81,0,3,21,1,0,110,39,0,0,f1120-f_schedule_h--2011-00-00--acc.pdf
0,0,2,0,52,52,46,0,0,173.4228515625,0,1,4,3,2,0,4,2,12,0,2,4,1,0,52,9,0,0,p4134.pdf
2,3,2,4,403,403,182,0,0,153.9423828125,0,0,2,7,2,2,143,6,477,2,5,91,2,129,403,22,0,1,f5471so_accessible.pdf
0,0,2,2,117,117,74,0,0,74.5146484375,0,1,2,3,2,1,9,1,79,1,1,85,1,0,117,17,0,0,cp30a_english.pdf
0,0,2,2,74,74,38,0,0,91.4482421875,0,1,12,3,2,1,12,1,54,1,1,58,1,1,74,16,0,0,mod-iein-pia.pdf
0,0,2,2,358,358,24,1,0,174.34375,0,1,17,2,2,1,17,10,234,1,1,49,1,0,358,12,0,0,rp-02-19.pdf
0,0,2,2,11,11,3,0,0,23.7587890625,0,1,1,2,2,1,1,2,4,1,1,0,0,0,11,7,1,0,asi.pdf
0,0,2,2,32,32,5,0,0,10.4345703125,0,1,1,2,2,0,1,2,29,1,1,10,1,0,32,7,0,0,297.pdf
0,0,2,2,29,29,17,0,0,78.3740234375,0,1,1,2,2,1,2,1,28,1,1,5,1,0,29,17,0,0,archstonecomm.pdf
0,0,2,2,70,70,24,1,0,157.3828125,0,1,14,2,2,1,14,1,33,1,1,83,1,0,70,13,0,0,AIPLA-brf.pdf
0,0,2,2,25,25,13,0,0,86.140625,0,1,1,2,2,1,2,1,24,1,1,5,1,0,25,11,0,0,blkoakc.pdf
0,0,2,2,37,37,10,0,0,20.0146484375,0,1,8,2,2,1,8,1,11,1,1,28,1,0,37,12,0,0,rr-07-51.pdf
0,0,2,2,34,34,22,0,0,85.5126953125,0,1,1,2,2,1,2,1,35,1,1,5,1,0,34,11,0,0,bwalrus.pdf
0,0,2,2,36,36,9,0,0,20.5703125,0,1,5,3,2,1,5,1,23,1,1,15,1,0,36,12,0,0,rr-08-13.pdf
0,0,2,0,32,32,29,0,0,168.0615234375,0,1,1,2,2,0,2,2,10,0,2,1,1,0,32,25,0,0,catholic_univ_america.pdf
0,0,2,2,47,47,24,0,0,95.564453125,0,1,5,3,2,0,5,1,26,1,1,53,1,0,47,50,0,0,Human Rights Related Ineligibilites - June2010.pdf
0,0,2,2,37,37,11,0,0,25.0517578125,0,1,3,2,2,1,3,2,14,1,1,26,0,0,37,13,0,0,63fr65555.pdf
0,0,2,2,158,158,30,0,0,272.458984375,0,1,1,2,2,1,2,1,116,1,1,83,1,3,158,17,0,0,blazing_tours.pdf
0,0,2,2,291,291,36,0,0,190.818359375,0,1,11,2,2,1,14,1,55,1,1,101,1,2,291,9,0,0,i3520.pdf
0,0,2,2,27,27,8,0,0,43.8759765625,0,1,3,2,2,1,3,2,11,1,1,19,1,0,27,11,0,0,n-03-26.pdf
0,0,2,2,36,36,9,0,0,62.7119140625,0,1,1,3,2,1,1,1,25,1,1,42,1,0,36,23,0,0,2012_irsac_meetings.pdf
2,3,3,3,77,77,23,0,0,42.8505859375,0,0,2,3,3,2,18,2,64,2,2,33,2,16,77,9,0,1,f921a.pdf
0,0,3,0,73,73,66,0,0,125.06640625,0,0,3,3,3,0,3,3,26,0,3,3,2,0,73,11,0,0,f943apr.pdf
0,0,2,2,37,37,10,0,0,20.677734375,0,1,2,2,2,1,2,2,16,1,1,29,0,0,37,12,0,0,64fr9178.pdf
0,0,2,2,11,11,3,0,0,19.654296875,0,1,1,2,2,1,1,2,4,1,1,0,0,0,11,11,1,0,cappusa.pdf
0,0,2,2,25,25,7,0,0,16.0302734375,0,1,3,2,2,1,3,2,10,1,1,13,1,0,25,12,0,0,rr-03-35.pdf
0,0,2,2,56,56,23,0,0,60.890625,0,1,14,3,2,1,14,1,28,1,1,34,1,0,56,12,0,0,rp-04-71.pdf
0,0,2,2,69,69,28,0,0,53.8837890625,0,1,4,2,2,1,4,1,42,1,1,68,1,0,69,14,0,0,i1099ac_10.pdf
0,0,3,0,49,49,43,0,0,73.92578125,0,0,2,3,3,0,2,3,25,0,3,2,1,0,49,10,0,0,f1041v.pdf
0,0,2,2,23,23,5,0,0,10.94140625,0,1,4,2,2,1,4,2,9,1,1,18,0,0,23,19,0,0,qiattachgermany.pdf
0,0,2,2,12,12,4,0,0,16.787109375,0,1,1,2,2,1,1,2,5,1,1,0,1,0,12,12,1,0,chrfibin.pdf
0,0,2,2,23,23,7,0,0,13.380859375,0,1,3,3,2,1,3,1,19,1,1,23,1,0,23,11,0,0,n-10-19.pdf
1,2,2,2,346,346,39,0,0,300.0615234375,0,1,4,2,2,1,13,19,402,1,1,83,1,49,346,19,0,1,f730_accessible.pdf
0,0,2,2,126,126,20,0,0,170.658203125,0,0,8,2,2,2,13,2,148,2,2,59,1,25,126,13,0,0,76fr60398.pdf
0,0,2,2,33,33,10,0,0,47.33203125,0,1,6,2,2,1,6,2,9,1,1,14,1,0,33,11,0,0,rr-04-1.pdf
0,0,2,2,55,55,27,0,0,77.927734375,0,1,10,3,2,1,10,1,30,1,1,50,1,0,55,11,0,0,n-10-17.pdf
0,0,2,2,23,23,11,0,0,87.45703125,0,1,1,2,2,1,2,1,22,1,1,5,1,0,23,12,0,0,brookspt.pdf
0,0,2,2,99,99,63,0,0,138.1611328125,0,1,2,3,2,1,2,1,68,1,1,96,1,0,99,16,0,0,cp49_russian.pdf
0,0,2,2,45,45,13,0,0,26.802734375,0,1,10,2,2,1,10,1,11,1,1,30,1,0,45,11,0,0,n-05-20.pdf
0,0,2,2,11,11,3,0,0,24.654296875,0,1,1,2,2,1,1,2,4,1,1,0,0,0,11,12,1,0,colctind.pdf
0,0,1,1,6,6,2,0,0,77.6591796875,0,0,1,1,1,1,1,0,2,1,1,1,0,0,6,12,1,0,aberratn.pdf
0,0,2,2,15,15,4,0,0,25.1337890625,0,0,1,3,2,1,1,3,15,1,3,17,0,1,15,29,0,0,Embassy_Specific_Info-DMS.pdf
0,0,2,2,43,43,15,0,0,97.7958984375,0,1,2,3,2,1,2,1,45,1,1,35,1,5,43,15,0,0,overview_kr.pdf
0,0,3,4,62,62,26,0,0,73.3798828125,0,0,17,6,3,2,17,4,41,2,4,57,2,0,62,32,0,0,determ_phoneforum_transcript.pdf
0,0,3,0,250,250,239,0,0,257.2255859375,0,0,7,3,3,0,154,3,178,0,3,56,1,0,250,20,0,0,f8865_accessible.pdf
0,0,2,2,97,97,9,1,0,66.8818359375,0,1,4,2,2,1,4,2,87,1,1,22,1,0,97,12,0,0,rp-03-21.pdf
0,0,3,0,54,54,48,0,0,71.3779296875,0,0,2,3,3,0,5,3,27,0,3,3,1,0,54,20,0,0,f8876_accessible.pdf
0,0,1,1,30,30,19,0,0,335.6494140625,0,0,4,1,1,1,4,1,12,1,1,0,0,0,30,11,0,0,1233026.pdf
0,0,1,1,47,47,11,0,0,19.5126953125,0,0,11,1,1,1,11,1,15,1,1,39,0,0,47,12,0,0,12feinst.pdf
0,0,2,2,204,204,27,0,0,171.12890625,0,1,7,2,2,1,9,1,60,1,1,80,1,10,204,9,0,0,i5300.pdf
0,0,2,0,46,46,42,0,0,71.73828125,0,1,2,2,2,0,2,2,15,0,2,2,1,0,46,10,0,0,92appk.pdf
0,0,2,2,26,26,7,0,0,23.6943359375,0,1,4,3,2,1,4,1,13,2,1,24,1,0,26,11,0,0,n-11-30.pdf
0,0,1,1,6,6,2,0,0,78.189453125,0,0,1,1,1,1,1,0,2,1,1,1,0,0,6,12,1,0,brgwtrcl.pdf
2,3,3,3,308,308,109,0,0,255.9453125,0,0,2,3,3,2,92,2,280,2,2,92,2,149,308,9,0,1,f8283.pdf
0,0,2,2,37,37,13,0,0,27.8056640625,0,1,8,3,2,1,8,1,26,1,1,48,1,0,37,11,0,0,n-06-43.pdf
0,0,2,2,24,24,12,0,0,78.9228515625,0,1,1,2,2,1,2,1,23,1,1,5,1,0,24,17,0,0,augusthomepub.pdf
0,0,1,1,6,6,2,0,0,72.5556640625,0,0,1,1,1,1,1,0,2,1,1,1,0,0,6,12,1,0,capricom.pdf
0,0,2,2,50,50,12,0,0,64.1943359375,0,0,5,2,2,2,5,2,52,2,2,53,1,4,50,13,0,0,74fr34286.pdf
0,0,1,1,6,6,2,0,0,84.552734375,0,0,1,1,1,1,1,0,2,1,1,1,0,0,6,12,1,0,conldtco.pdf
0,0,2,2,11,11,3,0,0,24.4912109375,0,1,1,2,2,1,1,2,4,1,1,0,0,0,11,12,1,0,conuanar.pdf
0,0,2,2,398,398,56,0,0,365.1865234375,0,1,35,3,2,1,35,1,72,1,1,95,1,25,398,12,0,0,irb04-37.pdf
0,0,2,2,39,39,13,0,0,123.947265625,0,1,2,2,2,1,2,2,13,1,1,30,0,0,39,13,0,0,65fr19025.pdf
0,0,2,2,11,11,3,0,0,27.9111328125,0,1,1,2,2,1,1,2,4,1,1,0,0,0,11,12,1,0,apsenrgy.pdf
0,0,2,2,48,48,13,0,0,27.548828125,0,1,9,3,2,1,9,1,30,1,1,19,1,0,48,12,0,0,rr-08-38.pdf
0,0,3,0,39,39,26,0,0,172.8271484375,0,0,1,3,3,1,3,3,16,1,3,14,2,0,39,19,0,0,beneficienttech.pdf
0,0,2,0,17,17,14,0,0,72.166015625,0,1,1,2,2,0,0,2,7,0,2,1,1,0,17,29,0,0,Embassy_Specific_Info-ATH.pdf
0,0,1,1,42,42,9,0,0,82.9326171875,0,0,4,1,1,1,4,1,9,1,1,36,0,0,42,20,0,0,25-william-patry.pdf
0,0,2,2,37,37,10,0,0,19.5185546875,0,1,8,2,2,1,8,1,11,1,1,28,1,0,37,11,0,0,n-12-21.pdf
0,0,2,2,255,255,26,0,0,245.736328125,0,1,1,2,2,1,2,1,223,1,1,68,1,2,255,17,0,0,cms_brokerage.pdf
0,0,2,0,33,33,30,0,0,191.24609375,0,1,1,2,2,0,2,2,10,0,2,1,1,0,33,13,0,0,abcya_com.pdf
0,0,1,1,6,6,2,0,0,72.4775390625,0,0,1,1,1,1,1,0,2,1,1,1,0,0,6,11,1,0,bitpass.pdf
0,0,2,2,104,104,33,0,0,181.822265625,0,1,23,2,2,1,23,2,21,1,1,73,1,0,104,34,0,0,ntatestimonysenateapprop042706.pdf
0,0,2,2,36,36,11,0,0,74.0869140625,0,1,5,2,2,1,5,2,13,1,1,29,1,0,36,10,0,0,n-04-6.pdf
0,0,2,2,65,65,15,0,0,46.0107421875,0,1,2,2,2,1,2,2,42,1,1,37,1,7,65,13,0,0,67fr55885.pdf
0,0,2,2,108,108,32,0,0,61.3544921875,0,1,28,2,2,1,28,1,17,1,1,71,1,0,108,11,0,0,n-10-28.pdf
0,0,2,2,2501,2501,13,1,0,317.85546875,0,1,6,2,2,1,6,2,1187,1,1,38,1,1,2501,11,0,0,n-04-34.pdf
0,0,2,2,63,63,13,0,0,170.275390625,0,0,1,2,2,2,6,2,60,2,2,52,1,3,63,13,0,0,76fr38306.pdf
0,0,2,2,46,46,8,0,0,22.529296875,0,1,4,3,2,1,4,1,29,1,1,24,1,0,46,12,0,0,rp-06-26.pdf
0,0,1,0,52,52,48,0,0,268.4560546875,0,1,2,2,1,0,2,1,10,0,1,2,1,0,52,9,0,0,p4235.pdf
0,0,2,2,127,127,7,1,0,57.7451171875,0,1,3,2,2,1,3,2,123,1,1,11,1,0,127,13,0,0,rr-03-118.pdf
0,0,1,1,6,6,2,0,0,72.0,0,0,1,1,1,1,1,0,2,1,1,1,0,0,6,12,1,0,chnl1rel.pdf
0,0,1,1,411,411,57,1,0,471.4580078125,0,0,38,1,1,1,38,1,177,1,1,92,0,71,411,52,0,0,Example PDF - Encrypted with Everything Disabled.pdf
0,0,2,2,38,38,10,0,0,32.865234375,0,1,6,2,2,1,6,1,15,1,1,47,1,0,38,12,0,0,rr-04-79.pdf
0,0,2,2,11,11,3,0,0,32.6328125,0,1,1,2,2,1,1,2,4,1,1,0,0,0,11,12,1,0,cencartc.pdf
0,0,2,0,35,35,31,0,0,108.3203125,0,1,2,2,2,0,0,2,8,0,2,2,1,0,35,35,0,0,TipsforDisabledTravelersDec2010.pdf
0,0,2,2,26,26,14,0,0,89.732421875,0,1,1,2,2,1,2,1,25,1,1,5,1,0,26,12,0,0,afewgoop.pdf
0,0,5,0,56,56,48,0,0,83.82421875,0,0,1,6,5,0,2,5,31,0,5,2,4,0,56,11,0,0,f5471sm.pdf
0,0,1,1,6,6,2,0,0,90.06640625,0,0,1,1,1,1,1,0,2,1,1,1,0,0,6,8,1,0,brau.pdf
0,0,3,0,104,104,98,0,0,91.9599609375,0,0,2,3,3,0,53,3,75,0,3,19,1,0,104,20,0,0,f2848_accessible.pdf
0,0,2,2,32,32,20,0,0,80.1962890625,0,1,1,2,2,1,2,1,31,1,1,5,1,0,32,11,0,0,circlef.pdf
0,0,1,1,6,6,2,0,0,86.115234375,0,0,1,1,1,1,1,0,2,1,1,1,0,0,6,10,1,0,concol.pdf
0,0,2,2,51,51,12,0,0,23.4873046875,0,1,10,2,2,1,10,2,18,1,1,52,1,0,51,11,0,0,050203f.pdf
0,0,1,1,11,11,1,0,0,11.13671875,0,0,1,1,1,1,1,1,6,1,1,5,0,0,11,11,1,0,n-99-35.pdf
0,0,2,2,35,35,10,0,0,20.3955078125,0,1,6,2,2,1,6,1,19,1,1,32,1,0,35,12,0,0,rp-09-27.pdf
0,0,2,2,42,42,18,0,0,59.1376953125,0,1,2,2,2,1,2,1,32,1,1,56,1,0,42,12,0,0,70fr3738.pdf
0,0,2,2,29,29,17,0,0,80.2392578125,0,1,1,2,2,1,2,1,28,1,1,5,1,0,29,12,0,0,autodati.pdf
0,0,3,0,53,53,47,0,0,76.60546875,0,0,2,3,3,0,5,3,26,0,3,3,1,0,53,20,0,0,f8725_accessible.pdf
0,0,2,2,34,34,22,0,0,90.197265625,0,1,1,2,2,1,2,1,33,1,1,5,1,0,34,15,0,0,condiscover.pdf
0,0,1,1,6,6,2,0,0,73.3876953125,0,0,1,1,1,1,1,0,2,1,1,1,0,0,6,12,1,0,blistinc.pdf
0,0,3,0,92,92,87,0,0,66.58984375,0,0,1,3,3,0,49,3,70,0,3,17,1,0,92,22,0,0,f1120fv_accessible.pdf
0,0,2,2,27,27,10,0,0,21.6123046875,0,1,4,3,2,1,4,1,21,1,1,35,1,0,27,12,0,0,rr-09-08.pdf
1,2,2,2,60,60,17,0,0,48.134765625,0,1,2,3,2,1,2,1,65,1,1,49,1,6,60,20,0,1,f8894_accessible.pdf
0,0,1,1,6,6,2,0,0,90.7763671875,0,0,1,1,1,1,1,0,2,1,1,1,0,0,6,12,1,0,cenraiph.pdf
0,0,2,2,43,43,14,0,0,128.400390625,0,1,3,2,2,1,3,2,15,1,1,33,0,0,43,13,0,0,65fr63626.pdf
0,0,2,2,11,11,3,0,0,25.1083984375,0,1,1,2,2,1,1,2,4,1,1,0,0,0,11,12,1,0,ccdis536.pdf
0,0,1,1,39,39,6,0,0,145.6279296875,0,0,3,1,1,1,3,0,11,1,1,17,0,0,39,25,0,0,2000-7-Weil-extension.pdf
0,0,2,2,44,44,12,0,0,26.552734375,0,1,9,2,2,1,9,1,13,1,1,39,1,0,44,12,0,0,rp-05-40.pdf
0,0,2,2,27,27,15,0,0,70.669921875,0,1,1,2,2,1,2,1,26,1,1,5,1,0,27,11,0,0,bluenet.pdf
0,0,2,2,36,36,9,0,0,17.873046875,0,1,8,2,2,1,8,2,10,1,1,18,0,0,36,12,0,0,rr2000-4.pdf
0,0,1,1,6,6,2,0,0,81.4853515625,0,0,1,1,1,1,1,0,2,1,1,1,0,0,6,10,1,0,aribin.pdf
0,0,2,2,27,27,15,0,0,100.3701171875,0,1,1,2,2,1,2,1,26,1,1,5,1,0,27,12,0,0,atlassys.pdf
0,0,1,1,152,152,40,0,0,244.6328125,0,0,40,1,1,1,40,1,25,1,1,96,0,0,152,11,0,0,99pftar.pdf
0,0,2,2,50,50,20,0,0,60.1328125,0,1,8,3,2,1,8,1,37,1,1,62,1,1,50,15,0,0,webcbrs-pia.pdf
0,0,2,2,44,44,27,0,0,99.5859375,0,1,3,2,2,1,4,1,49,1,1,5,1,0,44,12,0,0,cbsinter.pdf
0,0,2,2,25,25,7,0,0,14.5615234375,0,1,4,2,2,1,4,1,9,1,1,14,1,0,25,11,0,0,n-07-25.pdf
0,0,2,2,179,179,24,0,0,145.4609375,0,1,5,2,2,1,7,1,61,1,1,70,1,12,179,9,0,0,i8942.pdf
0,0,2,2,243,243,134,0,0,159.5048828125,0,1,24,2,2,1,24,2,113,1,1,45,0,0,243,12,0,0,p3--1995.pdf
0,0,2,2,59,59,18,0,0,48.5546875,0,1,9,2,2,1,9,2,14,1,1,37,1,0,59,11,0,0,042903f.pdf
0,0,2,2,54,54,25,0,0,86.78125,0,1,4,3,2,1,4,1,33,1,1,66,1,1,54,11,0,0,n-09-02.pdf
0,0,3,0,55,55,49,0,0,74.6630859375,0,0,2,3,3,0,5,3,27,0,3,3,1,0,55,20,0,0,f8612_accessible.pdf
0,0,2,2,12,12,4,0,0,16.8994140625,0,1,1,2,2,1,1,2,5,1,1,0,1,0,12,12,1,0,chartrsv.pdf
0,0,2,2,20,20,6,0,0,13.2470703125,0,1,1,3,2,1,1,1,18,1,1,22,1,0,20,12,0,0,n-08-104.pdf
0,0,2,0,118,118,113,0,0,196.7041015625,0,1,3,2,2,0,0,2,60,0,2,0,1,0,118,16,0,0,cp12_russian.pdf
0,0,2,2,51,51,16,0,0,75.48828125,0,1,8,2,2,1,8,2,17,1,1,48,1,0,51,12,0,0,rp-03-69.pdf
0,0,2,2,11,11,3,0,0,22.560546875,0,1,1,2,2,1,1,2,4,1,1,0,0,0,11,12,1,0,artmanos.pdf
0,0,2,2,182,182,27,0,0,156.51953125,0,1,5,2,2,1,9,1,48,1,1,78,1,3,182,9,0,0,i8233.pdf
0,0,2,0,15,15,12,0,0,11.287109375,0,1,1,2,2,0,1,3,7,0,2,1,1,0,15,15,0,0,Bruce_Leban.pdf
0,0,2,2,92,92,7,1,0,47.708984375,0,1,2,2,2,1,2,2,86,1,1,18,1,1,92,11,0,0,n-02-22.pdf
0,0,2,2,11,11,3,0,0,36.423828125,0,1,1,2,2,1,1,2,4,1,1,0,0,0,11,10,1,0,castup.pdf
0,0,2,2,32,32,8,0,0,13.6298828125,0,1,7,2,2,1,7,2,9,1,1,15,0,0,32,12,0,0,rr-00-35.pdf
0,0,2,2,112,112,18,0,0,107.984375,0,1,1,2,2,1,2,1,85,1,1,24,1,1,112,11,0,0,buuteeq.pdf
0,0,2,2,11,11,3,0,0,25.775390625,0,1,1,2,2,1,1,2,4,1,1,0,0,0,11,12,1,0,afymetrx.pdf
0,0,2,0,34,34,31,0,0,118.568359375,0,1,1,2,2,0,2,2,9,0,2,1,1,0,34,18,0,0,adams_networks.pdf
0,0,2,2,335,335,61,0,0,318.7509765625,0,1,11,2,2,1,18,1,153,1,1,339,1,11,335,12,0,0,i1040prh.pdf
0,0,2,0,74,74,66,0,0,183.349609375,0,1,6,2,2,0,8,2,28,0,2,6,1,0,74,10,0,0,circ56.pdf
0,0,2,0,117,117,112,0,0,137.8349609375,0,1,3,2,2,0,0,2,66,0,2,0,1,0,117,20,0,0,cp521_vietnamese.pdf
2,3,2,4,128,128,44,0,0,56.6015625,0,0,2,7,2,2,16,5,102,2,5,58,2,14,128,20,0,1,f1000_accessible.pdf
0,0,2,2,80,80,9,1,0,51.5322265625,0,1,3,2,2,1,3,2,66,1,1,27,1,1,80,11,0,0,n-02-33.pdf
0,0,3,0,50,50,44,0,0,83.005859375,0,0,2,3,3,0,2,3,21,0,3,2,1,0,50,23,0,0,f1120sph_accessible.pdf
0,0,2,2,39,39,13,0,0,124.0263671875,0,1,2,2,2,1,2,2,13,1,1,30,0,0,39,12,0,0,65fr6573.pdf
0,0,1,1,24,24,5,0,0,20.548828125,0,0,4,1,1,1,4,1,6,1,1,10,1,0,24,24,0,0,"Author_Services,_Inc.pdf"
0,0,2,2,59,59,23,0,0,41.318359375,0,1,2,3,2,1,2,1,37,1,1,68,1,1,59,32,0,0,internetfielddirective072808.pdf
0,0,2,2,39,39,14,0,0,28.9892578125,0,1,8,3,2,1,8,1,29,1,1,28,1,1,39,13,0,0,n-2011-82.pdf
0,0,2,2,39,39,13,0,0,123.8916015625,0,1,2,2,2,1,2,2,13,1,1,30,0,0,39,13,0,0,65fr65335.pdf
0,0,2,2,53,53,14,0,0,24.087890625,0,1,12,2,2,1,12,1,13,1,1,42,1,0,53,11,0,0,n-07-13.pdf
0,0,3,0,71,71,64,0,0,139.9208984375,0,0,3,4,3,0,19,3,46,0,3,19,2,0,71,9,0,0,f8909.pdf
0,0,2,0,29,29,26,0,0,153.474609375,0,1,1,2,2,0,2,2,9,0,2,1,1,0,29,15,0,0,adult_haven.pdf
0,0,2,2,54,54,25,0,0,86.6884765625,0,1,4,3,2,1,4,1,33,1,1,66,1,1,54,11,0,0,n-08-75.pdf
0,0,3,0,32,32,28,0,0,55.41015625,0,0,1,3,3,1,1,3,12,1,3,1,2,0,32,16,0,0,computertyme.pdf
0,0,2,2,29,29,7,0,0,32.9599609375,0,1,1,3,2,1,1,1,36,1,1,22,1,4,29,21,0,0,20110128-W-Barham.pdf
0,0,2,2,21,21,5,0,0,10.3818359375,0,1,3,2,2,1,3,2,8,1,1,10,1,0,21,7,0,0,182.pdf
0,0,2,2,38,38,11,0,0,21.0498046875,0,1,7,2,2,1,7,1,19,1,1,33,1,0,38,12,0,0,rp-12-16.pdf
0,0,2,2,25,25,9,0,0,21.4501953125,0,1,4,3,2,1,4,1,16,1,1,14,1,0,25,12,0,0,rr-04-75.pdf
0,0,1,1,205,205,24,0,0,199.41796875,0,0,24,1,1,1,24,1,79,1,1,207,0,0,205,12,0,0,irb96-20.pdf
0,0,2,2,34,34,7,1,0,19.95703125,0,1,6,2,2,1,6,2,13,1,1,34,0,0,34,12,0,0,rp-02-10.pdf
0,0,2,2,215,215,24,0,0,125.1435546875,0,1,4,2,2,1,6,1,38,1,1,61,1,1,215,8,0,0,iw2g.pdf
0,0,2,2,37,37,25,0,0,96.35546875,0,1,1,2,2,1,2,1,38,1,1,5,1,0,37,12,0,0,articleb.pdf
0,0,2,2,59,59,17,0,0,171.44921875,0,0,9,3,2,1,9,3,54,1,3,74,0,0,59,14,0,0,041211-MLA.pdf
0,0,2,2,24,24,12,0,0,82.6015625,0,1,1,2,2,1,2,1,23,1,1,5,1,0,24,12,0,0,baldwcou.pdf
0,0,2,2,34,34,15,0,0,51.9052734375,0,1,1,2,2,1,1,1,29,1,1,47,1,0,34,13,0,0,73fr10290.pdf
0,0,2,2,23,23,6,0,0,17.8056640625,0,1,2,2,2,1,2,1,13,1,1,25,1,0,23,12,0,0,a-07-100.pdf
0,0,3,4,104,104,32,0,0,81.9833984375,0,0,2,4,3,2,5,3,123,2,2,100,2,33,103,9,0,0,f8924.pdf
0,1,4,4,293,293,15,0,0,103.8916015625,0,0,2,5,4,3,3,4,294,3,3,51,3,241,293,11,0,0,f990sn1.pdf
0,0,2,2,55,55,26,0,0,85.0380859375,0,1,4,3,2,1,4,1,34,1,1,63,1,1,55,11,0,0,n-08-37.pdf
0,0,2,2,22,22,5,0,0,10.51171875,0,1,3,2,2,1,3,1,11,1,1,23,1,0,22,12,0,0,rp-10-47.pdf
0,0,2,0,35,35,32,0,0,52.03125,0,1,1,2,2,0,1,2,12,0,2,1,1,0,35,12,0,0,92chap11.pdf
0,0,1,1,6,6,2,0,0,78.90625,0,0,1,1,1,1,1,0,2,1,1,1,0,0,6,12,1,0,azukisys.pdf
0,0,2,2,23,23,6,0,0,11.560546875,0,1,4,2,2,1,4,1,9,1,1,14,1,0,23,12,0,0,rp-12-24.pdf
0,0,3,0,110,110,103,0,0,110.1328125,0,0,3,3,3,0,54,3,77,0,3,20,1,0,110,21,0,0,f5306a_accessible.pdf
0,0,2,2,35,35,11,0,0,29.6015625,0,1,4,2,2,1,4,1,16,1,1,37,1,0,35,26,0,0,domesticproductionidd2.pdf
0,0,2,2,28,28,16,0,0,93.40625,0,1,1,2,2,1,2,1,29,1,1,5,1,0,28,11,0,0,clouinc.pdf
0,0,2,2,54,54,16,0,0,28.3134765625,0,1,13,2,2,1,13,1,9,1,1,23,1,0,54,11,0,0,n-07-05.pdf
0,0,2,2,51,51,19,0,0,37.1669921875,0,1,15,3,2,1,15,1,33,1,1,55,1,0,51,12,0,0,rr-06-26.pdf
0,0,2,2,615,615,43,1,0,327.15234375,0,1,27,2,2,1,27,2,517,1,1,75,1,0,615,12,0,0,rp-02-52.pdf
0,0,2,2,138,138,26,0,0,236.7333984375,0,1,1,2,2,1,2,1,104,1,1,68,1,3,138,17,0,0,aspire_ii_nav.pdf
0,0,2,2,33,33,10,0,0,49.0869140625,0,1,5,2,2,1,5,2,11,1,1,21,1,0,33,12,0,0,rp-03-26.pdf
0,0,2,2,251,251,26,0,0,171.3525390625,0,1,3,2,2,1,4,1,351,1,1,34,1,68,251,20,0,0,city_interactive.pdf
0,0,1,1,6,6,2,0,0,82.134765625,0,0,1,1,1,1,1,0,2,1,1,1,0,0,6,13,1,0,conloygro.pdf
0,0,2,0,34,34,31,0,0,187.8974609375,0,1,1,2,2,0,2,2,10,0,2,1,1,0,34,17,0,0,calif_product.pdf
0,0,2,2,11,11,3,0,0,26.9404296875,0,1,1,2,2,1,1,2,4,1,1,0,0,0,11,12,1,0,bluevalc.pdf
0,0,2,2,67,67,35,0,0,58.826171875,0,1,4,3,2,0,11,1,42,1,1,66,1,0,67,18,0,0,cp259b_english.pdf
0,0,2,2,12,12,4,0,0,16.396484375,0,1,1,2,2,1,1,2,5,1,1,0,1,0,12,12,1,0,ccoprpty.pdf
0,0,2,2,107,107,34,0,0,181.4306640625,0,1,24,2,2,1,24,1,21,1,1,80,1,0,107,20,0,0,Americans-reform.pdf
0,0,4,0,280,280,267,0,0,176.6416015625,0,0,8,5,4,0,207,4,231,0,4,75,3,0,280,10,0,0,f90221.pdf
0,0,3,0,59,59,53,0,0,80.6640625,0,0,2,3,3,0,9,3,32,0,3,5,1,0,59,20,0,0,f4506_accessible.pdf
0,0,2,0,35,35,32,0,0,169.4970703125,0,1,1,2,2,0,2,2,10,0,2,1,1,0,35,13,0,0,bit_titan.pdf
0,0,2,2,30,30,7,0,0,13.943359375,0,1,5,2,2,1,5,1,13,1,1,35,1,0,30,12,0,0,rp-08-48.pdf
0,0,2,2,50,50,15,0,0,47.521484375,0,1,7,2,2,1,7,2,15,1,1,32,0,0,50,13,0,0,63fr70080.pdf
0,0,2,2,196,196,21,1,0,97.3125,0,1,6,2,2,1,6,2,147,1,1,46,1,0,196,12,0,0,rp-03-40.pdf
0,0,4,0,108,108,100,0,0,118.322265625,0,0,2,4,4,0,53,4,84,0,4,19,1,0,108,11,0,0,f2848sp.pdf
0,0,2,2,184,184,49,0,0,316.0009765625,0,1,39,2,2,1,39,1,110,1,1,96,1,27,184,11,0,0,95scorp.pdf
0,0,1,1,27,27,7,0,0,50.583984375,0,0,2,1,1,1,2,1,26,1,1,48,0,0,27,13,0,0,72fr33251.pdf
0,0,2,2,240,240,82,0,0,139.0986328125,0,1,61,2,2,1,61,1,31,1,1,158,1,0,240,20,0,0,ea2a_1109_for_jb.pdf
0,0,3,0,55,55,49,0,0,80.3046875,0,0,2,3,3,0,2,3,25,0,3,2,1,0,55,9,0,0,f8396.pdf
0,0,2,2,23,23,9,0,0,19.3330078125,0,1,3,3,2,1,3,1,17,1,1,23,1,0,23,13,0,0,rr-04-102.pdf
0,0,2,2,11,11,3,0,0,25.2783203125,0,1,1,2,2,1,1,2,4,1,1,0,0,0,11,12,1,0,catlogcm.pdf
0,0,2,2,48,48,16,0,0,32.751953125,0,1,12,3,2,1,12,1,30,1,1,32,1,0,48,12,0,0,rr-12-18.pdf
0,0,2,2,31,31,19,0,0,76.009765625,0,1,1,2,2,1,2,1,30,1,1,5,1,0,31,12,0,0,collacom.pdf
2,3,1,2,91,91,29,0,0,49.400390625,0,0,1,3,1,1,1,2,85,1,2,66,1,9,91,20,0,1,f8274_accessible.pdf
0,0,3,0,61,61,55,0,0,75.0732421875,0,0,2,3,3,0,11,3,34,0,3,5,1,0,61,20,0,0,f8822_accessible.pdf
0,0,2,2,35,35,13,0,0,31.0966796875,0,1,7,3,2,1,7,1,24,1,1,37,1,0,35,12,0,0,rp-04-41.pdf
0,0,2,2,46,46,18,0,0,34.751953125,0,1,13,3,2,1,13,1,29,1,1,33,1,0,46,11,0,0,n-09-89.pdf
0,0,1,1,12,12,3,0,0,41.2138671875,0,0,1,1,1,1,1,1,8,1,1,19,0,0,12,25,1,0,purepdf_helloworldttf.pdf
0,0,2,2,12,12,4,0,0,16.8369140625,0,1,1,2,2,1,1,2,5,1,1,0,1,0,12,12,1,0,chrfibil.pdf
1,0,2,2,24,24,12,0,0,67.76171875,0,1,1,2,2,1,2,1,23,1,1,5,1,0,24,11,0,0,causefm.pdf
0,0,2,2,47,47,18,0,0,34.5869140625,0,1,4,3,2,1,4,1,27,1,1,37,1,0,47,13,0,0,rtts_deck.pdf
0,0,2,2,76,76,22,0,0,52.4755859375,0,1,19,2,2,1,19,1,13,1,1,49,1,0,76,11,0,0,n-10-92.pdf
0,0,2,2,730,730,57,0,0,342.3349609375,0,1,28,2,2,1,32,1,229,1,1,122,1,169,730,10,0,0,i1120c.pdf
0,0,2,2,27,27,8,0,0,45.8037109375,0,1,3,2,2,1,3,2,11,1,1,19,1,0,27,12,0,0,rp-03-23.pdf
0,0,2,2,25,25,9,0,0,18.56640625,0,1,4,3,2,1,4,1,17,1,1,14,1,0,25,11,0,0,n-05-07.pdf
0,0,1,1,6,6,2,0,0,74.57421875,0,0,1,1,1,1,1,0,2,1,1,1,0,0,6,12,1,0,cnglrwls.pdf
0,0,2,2,40,40,10,0,0,24.4326171875,0,1,6,2,2,1,6,1,19,1,1,59,1,0,40,11,0,0,n-08-12.pdf
0,0,1,1,16,16,9,0,0,134.3623046875,0,0,2,1,1,1,2,1,6,1,1,0,0,0,16,11,0,0,1233031.pdf
0,0,2,2,44,44,8,1,0,47.83984375,0,1,4,2,2,1,4,2,10,1,1,20,0,0,44,17,0,0,qiattachspain.pdf
0,0,1,1,6,6,2,0,0,78.033203125,0,0,1,1,1,1,1,0,2,1,1,1,0,0,6,12,1,0,buznatco.pdf
0,0,2,2,158,158,9,1,0,61.0107421875,0,1,4,2,2,1,4,2,106,1,1,20,1,0,158,12,0,0,rr-02-19.pdf
0,0,1,1,9,9,4,0,0,145.9453125,0,0,2,1,1,1,2,0,3,1,1,2,0,0,9,12,1,0,amermovi.pdf
0,0,2,2,68,68,21,1,0,35.7744140625,0,1,13,2,2,1,13,2,9,1,1,27,0,0,68,13,0,0,rp2001_15.pdf
0,0,2,2,68,68,18,1,0,38.298828125,0,1,17,2,2,1,17,2,12,1,1,40,0,0,68,12,0,0,rp-01-23.pdf
0,0,1,1,6,6,2,0,0,87.197265625,0,0,1,1,1,1,1,0,2,1,1,1,0,0,6,12,1,0,bemisins.pdf
0,0,2,2,135,135,26,0,0,243.802734375,0,1,1,2,2,1,2,1,86,1,1,68,1,1,135,15,0,0,bloom_reach.pdf
0,0,2,0,18,18,14,0,0,83.138671875,0,1,2,2,2,0,2,2,11,0,2,2,1,0,18,50,0,0,"Albert_Berger,_Pro_Rodeo_Pix_Cunningham_Studio.pdf"
0,0,3,3,52,52,13,0,0,66.388671875,0,0,4,3,3,3,4,3,48,3,3,57,2,2,52,13,0,0,73fr79425.pdf
0,0,2,2,109,109,23,0,0,204.3720703125,0,1,1,2,2,1,2,1,81,1,1,55,1,3,109,21,0,0,christopher_smith.pdf
0,0,2,2,72,72,15,0,0,179.1962890625,0,0,2,2,2,2,7,2,68,2,2,61,1,4,72,13,0,0,76fr22733.pdf
0,0,2,2,70,70,19,0,0,245.419921875,0,1,5,2,2,1,5,1,50,1,1,86,1,0,70,11,0,0,ar-1866.pdf
0,0,2,2,34,34,7,0,0,27.6201171875,0,1,4,2,2,1,4,1,19,1,1,65,1,0,34,11,0,0,n-12-47.pdf
0,1,4,0,299,299,261,0,0,306.8671875,0,0,3,4,4,2,225,4,305,2,4,167,4,0,299,10,0,0,fss4pr.pdf
0,0,2,2,11,11,3,0,0,23.029296875,0,1,1,2,2,1,1,2,4,1,1,0,0,0,11,12,1,0,chacomhs.pdf
0,0,2,2,354,354,31,0,0,355.7783203125,0,1,16,2,2,1,16,1,50,1,1,77,1,10,354,12,0,0,irb09-30.pdf
0,0,2,2,215,215,20,0,0,195.744140625,0,1,1,2,2,1,2,1,191,1,1,42,1,2,215,16,0,0,attorney_web.pdf
0,0,2,2,43,43,18,1,0,59.5595703125,0,1,2,2,2,1,2,1,33,1,1,56,1,0,43,13,0,0,72fr24623.pdf
0,0,2,2,86,86,21,0,0,101.16796875,0,1,1,2,2,1,3,1,42,1,1,58,1,3,86,13,0,0,i1099h_11.pdf
0,0,2,2,29,29,18,0,0,80.025390625,0,1,1,2,2,1,2,1,29,1,1,5,1,0,29,15,0,0,commcollege.pdf
0,0,2,2,88,88,22,0,0,90.828125,0,1,1,2,2,1,4,1,71,2,1,26,1,2,88,8,0,0,bnpm.pdf
0,0,2,2,285,285,56,0,0,390.1943359375,0,1,42,3,2,1,42,1,69,1,1,102,1,22,285,12,0,0,irb04-26.pdf
0,0,1,1,6,6,2,0,0,73.3671875,0,0,1,1,1,1,1,0,2,1,1,1,0,0,6,10,1,0,altnet.pdf
0,0,2,2,12,12,4,0,0,16.98046875,0,1,1,2,2,1,1,2,5,1,1,0,1,0,12,12,1,0,chartrop.pdf
0,0,2,2,24,24,5,0,0,11.5625,0,1,3,2,2,1,3,1,13,1,1,33,1,0,24,11,0,0,n-04-55.pdf
0,0,2,2,33,33,21,0,0,123.3095703125,0,1,1,2,2,1,2,1,32,1,1,5,1,0,33,12,0,0,carngbrj.pdf
8,9,2,2,187,187,99,0,0,222.3330078125,0,1,1,2,2,1,91,1,182,1,1,108,1,48,187,9,0,1,f8609.pdf
0,0,1,1,18,18,10,0,0,291.6884765625,0,0,5,1,1,1,5,0,6,1,1,5,0,0,18,12,0,0,acahners.pdf
0,0,2,2,11,11,3,0,0,20.4228515625,0,1,1,2,2,1,1,2,4,1,1,0,0,0,11,10,1,0,amrnth.pdf
0,0,1,1,6,6,2,0,0,73.53125,0,0,1,1,1,1,1,0,2,1,1,1,0,0,6,12,1,0,clubgolf.pdf
0,0,2,2,24,24,9,0,0,16.845703125,0,1,4,3,2,1,4,1,18,1,1,24,1,0,24,11,0,0,n-09-73.pdf
0,0,2,2,144,144,54,0,0,207.9619140625,0,1,20,2,2,1,20,1,48,1,1,67,1,0,144,8,0,0,p534.pdf
0,0,1,1,14,14,2,0,0,3.349609375,0,0,2,1,1,1,2,1,3,1,1,4,0,0,14,39,1,0,purepdf_helloworldchapterautonumber.pdf
0,0,2,2,55,55,14,1,0,30.3115234375,0,1,12,2,2,1,12,2,13,1,1,36,0,0,55,12,0,0,rp-01-61.pdf
0,0,1,1,6,6,2,0,0,72.681640625,0,0,1,1,1,1,1,0,2,1,1,1,0,0,6,12,1,0,colo4dal.pdf
0,0,2,2,73,73,21,0,0,40.4228515625,0,1,18,2,2,1,18,1,13,1,1,48,1,0,73,12,0,0,rp-07-34.pdf
0,0,2,2,85,85,17,0,0,49.3359375,0,1,2,2,2,1,6,2,60,1,1,36,1,17,85,13,0,0,68fr16958.pdf
0,0,2,2,120,120,20,0,0,136.720703125,0,1,3,2,2,1,4,1,35,1,1,59,1,2,120,9,0,0,i8926.pdf
0,0,3,0,117,117,111,0,0,78.1806640625,0,0,2,3,3,0,71,3,85,0,3,25,1,0,117,10,0,0,fw7coa.pdf
0,0,2,2,65,65,6,1,0,41.5029296875,0,1,2,2,2,1,2,2,62,1,1,10,1,0,65,11,0,0,n-03-11.pdf
0,0,2,2,11,11,3,0,0,31.353515625,0,1,1,2,2,1,1,2,4,1,1,0,0,0,11,12,1,0,cinbwrls.pdf
0,0,2,2,54,54,25,0,0,86.833984375,0,1,4,3,2,1,4,1,33,1,1,66,1,1,54,12,0,0,n-08-112.pdf
0,0,1,1,6,6,2,0,0,82.208984375,0,0,1,1,1,1,1,0,2,1,1,1,0,0,6,12,1,0,bluesmok.pdf
0,0,1,1,29,29,7,0,0,22.6298828125,0,0,6,1,1,1,6,1,11,1,1,27,1,0,29,11,0,0,064602f.pdf
0,0,1,1,6,6,2,0,0,80.3115234375,0,0,1,1,1,1,1,0,2,1,1,1,0,0,6,12,1,0,colrpgmt.pdf
0,0,2,2,30,30,7,0,0,14.5078125,0,1,5,2,2,1,5,1,13,1,1,35,1,0,30,12,0,0,rr-05-28.pdf
0,0,2,0,123,123,74,0,0,68.7421875,0,0,2,2,2,1,45,2,78,1,2,74,2,0,123,9,0,0,f8082.pdf
0,0,2,2,48,48,17,0,0,55.3603515625,0,1,2,2,2,1,2,1,44,1,1,56,1,3,48,13,0,0,72fr40745.pdf
0,0,1,1,29,29,7,0,0,22.49609375,0,0,6,1,1,1,6,1,11,1,1,27,1,0,29,11,0,0,062801f.pdf
0,0,2,2,93,93,19,0,0,88.845703125,0,1,1,2,2,1,2,1,74,1,1,26,1,0,93,9,0,0,allen.pdf
0,0,2,2,11,11,3,0,0,27.0166015625,0,1,1,2,2,1,1,2,4,1,1,0,0,0,11,12,1,0,advntast.pdf
0,0,2,2,138,138,10,1,0,63.4169921875,0,1,4,2,2,1,4,2,120,1,1,28,1,0,138,13,0,0,rr-03-112.pdf
0,0,2,2,54,54,12,0,0,161.2373046875,0,1,5,2,2,1,5,1,42,1,1,71,1,0,54,11,0,0,ar-1882.pdf
0,0,2,2,127,127,24,0,0,183.97265625,0,1,1,2,2,1,2,1,90,1,1,57,1,2,127,18,0,0,7144849_canada.pdf
0,0,2,2,19,19,6,0,0,41.8193359375,0,0,1,3,2,1,1,3,13,1,3,21,0,0,19,26,0,0,christian-heusinger-14.pdf
0,0,2,0,28,28,25,0,0,162.1982421875,0,1,1,2,2,0,2,2,9,0,2,1,1,0,28,13,0,0,carpathia.pdf
0,0,2,2,64,64,21,0,0,43.8232421875,0,1,7,2,2,1,7,2,24,1,1,35,1,0,64,10,0,0,iw8ben.pdf
0,0,2,2,11,11,3,0,0,28.8203125,0,1,1,2,2,1,1,2,4,1,1,0,0,0,11,12,1,0,brghtusa.pdf
0,0,2,2,34,34,9,0,0,15.46484375,0,1,7,2,2,1,7,1,11,1,1,27,1,0,34,11,0,0,n-07-19.pdf
2,3,2,4,528,528,109,0,0,180.3828125,0,0,2,7,2,2,74,6,567,2,5,112,2,216,528,20,0,1,f8895_accessible.pdf
0,0,2,2,52,52,19,0,0,48.3544921875,0,1,10,3,2,1,10,1,36,1,1,68,1,0,52,20,0,0,miller-20mar2012.pdf
0,0,2,2,25,25,13,0,0,82.8837890625,0,1,1,2,2,1,2,1,24,1,1,5,1,0,25,12,0,0,beeloged.pdf
0,0,2,2,56,56,23,0,0,44.544921875,0,1,2,3,2,1,2,1,37,1,1,50,1,0,56,9,0,0,i8935.pdf
0,0,2,0,50,50,46,0,0,395.021484375,0,1,2,2,2,0,4,2,26,0,2,2,3,0,50,10,0,0,circ32.pdf
0,0,2,0,36,36,33,0,0,184.1162109375,0,1,1,2,2,0,2,2,10,0,2,1,1,0,36,14,0,0,bnk_invest.pdf
0,0,2,2,428,428,30,1,0,173.263671875,0,1,20,2,2,1,20,2,302,1,1,76,1,0,428,11,0,0,n-02-75.pdf
0,0,2,2,35,35,10,0,0,25.9912109375,0,1,6,3,2,1,6,1,17,2,1,26,1,1,35,11,0,0,n-10-91.pdf
0,0,2,2,48,48,17,0,0,132.7138671875,0,1,2,2,2,1,2,2,17,1,1,42,1,0,48,19,0,0,litc_nrp_2-3-03.pdf
0,0,1,1,6,6,2,0,0,69.7197265625,0,0,1,1,1,1,1,0,2,1,1,1,0,0,6,10,1,0,biblio.pdf
0,0,3,0,50,50,45,0,0,52.62890625,0,0,1,3,3,0,13,3,35,0,3,5,2,0,50,9,0,0,f8288.pdf
0,0,3,0,59,59,49,0,0,69.375,0,0,6,5,3,0,6,3,37,0,3,6,2,0,59,23,0,0,f1099c11_accessible.pdf
0,0,3,4,114,114,46,0,0,87.29296875,0,0,2,4,3,2,17,3,115,2,2,142,2,18,113,11,0,0,f8879ex.pdf
0,0,2,2,26,26,14,0,0,80.4599609375,0,1,1,2,2,1,2,1,25,1,1,5,1,0,26,11,0,0,brachll.pdf
0,0,2,2,82,82,20,0,0,147.455078125,0,0,3,2,2,2,9,2,75,2,2,79,1,4,82,13,0,0,75fr52267.pdf
0,0,1,0,37,37,34,0,0,117.1630859375,0,1,1,2,1,0,2,1,10,0,1,1,1,0,37,18,0,0,citygrid_media.pdf
0,0,1,1,6,6,2,0,0,78.359375,0,0,1,1,1,1,1,0,2,1,1,1,0,0,6,11,1,0,askjeev.pdf
0,0,1,1,6,6,2,0,0,70.220703125,0,0,1,1,1,1,1,0,2,1,1,1,0,0,6,13,1,0,chifilcom.pdf
0,0,2,2,91,91,20,0,0,163.1650390625,0,1,2,2,2,0,3,1,69,1,1,19,1,0,91,18,0,0,dutch_lfma_map.pdf
0,0,3,0,64,64,58,0,0,92.08203125,0,0,2,3,3,0,5,3,31,0,3,4,1,0,64,9,0,0,f8863.pdf
0,0,2,2,43,43,31,0,0,101.66796875,0,1,1,2,2,1,2,1,42,1,1,5,1,0,43,14,0,0,audiophile.pdf
0,0,3,0,74,74,68,0,0,73.5029296875,0,0,1,4,3,2,33,3,59,2,3,13,3,0,74,9,0,0,f8027.pdf
0,0,3,0,125,125,105,0,0,93.7001953125,0,0,6,6,3,0,51,3,122,0,3,31,3,0,125,10,0,0,f1098t.pdf
0,0,2,2,30,30,7,0,0,13.84765625,0,1,3,3,2,1,3,1,22,1,1,13,1,0,30,12,0,0,rp-10-20.pdf
0,0,2,2,37,37,11,0,0,62.34375,0,1,4,2,2,1,4,2,16,1,1,38,1,0,37,13,0,0,rr-03-124.pdf
0,0,2,0,29,29,26,0,0,125.0341796875,0,1,1,2,2,0,2,2,10,0,2,1,1,0,29,16,0,0,arquiste.com.pdf
0,0,2,2,52,52,17,0,0,34.240234375,0,1,4,2,2,1,4,2,19,1,1,24,1,0,52,9,0,0,i8866.pdf
0,0,1,1,79,79,19,0,0,63.7939453125,0,0,16,1,1,1,19,1,15,1,1,44,0,0,79,11,0,0,n-98-12.pdf
0,0,2,2,50,50,15,1,0,22.0029296875,0,1,5,2,2,1,5,2,15,1,1,35,0,0,50,12,0,0,rr-01-59.pdf
0,0,1,1,80,80,38,0,0,253.7080078125,0,0,30,1,1,1,30,1,12,1,2,57,4,0,80,22,0,0,FY06NIVDetailTable.pdf
0,0,3,0,307,307,297,0,0,276.0078125,0,0,6,3,3,0,216,3,240,0,3,76,1,0,307,23,0,0,f1120fsc_accessible.pdf
0,0,2,2,110,110,26,0,0,162.8134765625,0,1,2,3,2,1,6,1,50,1,1,91,1,0,110,11,0,0,i1040sm.pdf
0,0,2,2,150,150,29,0,0,98.09765625,0,1,13,3,2,1,13,1,105,1,1,107,1,5,150,19,0,0,statsamplingidd.pdf
0,0,3,0,53,53,48,0,0,133.435546875,0,0,1,3,3,0,5,3,28,0,3,5,1,0,53,20,0,0,f8910_accessible.pdf
0,0,2,2,11,11,3,0,0,23.7685546875,0,1,1,2,2,1,1,2,4,1,1,0,0,0,11,12,1,0,carlowcg.pdf
0,0,2,2,465,465,30,1,0,156.041015625,0,1,18,2,2,1,18,2,357,1,1,34,1,0,465,12,0,0,rp-02-29.pdf
0,0,2,0,26,26,23,0,0,94.5087890625,0,1,1,2,2,0,2,2,9,0,2,1,1,0,26,17,0,0,american_math.pdf
0,0,2,2,27,27,8,0,0,39.9560546875,0,1,4,2,2,1,4,2,9,1,1,12,1,0,27,12,0,0,rr-03-38.pdf
0,0,1,1,6,6,2,0,0,71.95703125,0,0,1,1,1,1,1,0,2,1,1,1,0,0,6,12,1,0,affilart.pdf
0,0,2,2,157,157,26,0,0,177.5869140625,0,1,7,2,2,1,9,1,43,1,1,72,1,2,157,11,0,0,i2848sp.pdf
0,0,1,1,46,46,9,0,0,28.0,0,0,9,1,1,1,9,1,19,1,1,51,0,0,46,14,0,0,report1-38.pdf
0,0,2,2,141,141,43,0,0,203.5927734375,0,1,42,2,2,1,42,2,8,1,1,48,0,0,141,12,0,0,rp-00-20.pdf
0,0,1,1,29,29,7,0,0,17.3544921875,0,0,7,1,1,1,7,1,6,1,1,11,0,0,29,11,0,0,n-99-36.pdf
0,0,2,2,11,11,3,0,0,31.4951171875,0,1,1,2,2,1,1,2,4,1,1,0,0,0,11,11,1,0,bancopr.pdf
0,0,2,2,20,20,4,0,0,10.8095703125,0,1,2,2,2,1,2,2,11,1,1,16,1,0,20,7,0,0,171.pdf
0,0,1,1,103,103,30,0,0,65.6845703125,0,0,30,1,1,1,30,1,8,1,1,38,0,0,103,12,0,0,rp-98-63.pdf
0,0,1,1,21,21,2,0,0,21.939453125,0,0,2,1,1,1,2,1,16,1,1,31,0,0,21,13,0,0,64fr27012.pdf
0,0,2,2,194,194,89,0,0,199.1015625,0,1,72,3,2,1,72,1,97,1,1,112,1,7,194,18,0,0,notice_2005-64.pdf
0,0,2,2,332,332,35,0,0,223.1591796875,0,1,12,2,2,1,14,1,47,1,1,93,1,2,332,12,0,0,i1120fsc.pdf
0,0,2,0,69,69,63,0,0,221.6298828125,0,1,4,2,2,0,6,2,29,0,2,4,3,0,69,10,0,0,circ44.pdf
0,0,1,1,6,6,2,0,0,95.55078125,0,0,1,1,1,1,1,0,2,1,1,1,0,0,6,8,1,0,buff.pdf
0,0,1,1,37,37,9,0,0,19.447265625,0,0,9,1,1,1,9,1,8,1,1,17,0,0,37,12,0,0,rp9841w6.pdf
38,39,2,4,288,288,98,0,0,240.296875,0,0,5,6,2,4,59,5,310,4,5,138,2,74,288,21,0,1,fss5sp_accessible.pdf
0,0,4,0,82,82,74,0,0,86.56640625,0,0,2,4,4,0,29,4,59,0,4,11,1,0,82,10,0,0,fw3cpr.pdf
0,0,2,2,18,18,6,0,0,17.1884765625,0,1,1,3,2,1,1,1,15,1,1,22,1,0,18,21,0,0,20101226-M-Slobin.pdf
0,0,2,2,31,31,8,0,0,14.5859375,0,1,6,2,2,1,6,1,11,1,1,26,1,0,31,12,0,0,n-06-101.pdf
0,0,2,2,24,24,7,0,0,52.6416015625,0,1,1,2,2,1,1,2,13,1,1,25,1,0,24,11,0,0,n-04-14.pdf
0,0,3,0,122,122,115,0,0,104.130859375,0,0,3,3,3,0,69,3,91,0,3,25,1,0,122,20,0,0,f5306_accessible.pdf
0,0,2,2,27,27,15,0,0,94.173828125,0,1,1,2,2,1,2,1,26,1,1,5,1,0,27,14,0,0,aosoftinte.pdf
0,0,2,2,172,172,52,0,0,86.2822265625,0,1,50,2,2,1,50,1,15,1,1,90,1,0,172,12,0,0,rp-07-45.pdf
0,0,3,4,49,49,24,0,0,52.76171875,0,0,6,6,3,2,6,4,32,2,4,46,2,0,49,22,0,0,eo_code_provisions.pdf
1,2,2,2,428,428,68,0,0,144.2275390625,0,1,2,3,2,1,41,10,451,1,1,91,1,73,428,22,0,1,f2848sp_accessible.pdf
0,0,2,2,26,26,14,0,0,81.2802734375,0,1,1,2,2,1,2,1,27,1,1,5,1,0,26,12,0,0,asylreco.pdf
0,0,4,4,1651,1651,127,0,0,406.720703125,0,0,51,4,4,3,104,3,1575,3,3,170,3,40,1651,12,0,0,reforest.pdf
0,0,2,2,11,11,3,0,0,25.2734375,0,1,1,2,2,1,1,2,4,1,1,0,0,0,11,12,1,0,actoledo.pdf
0,0,2,2,20,20,5,0,0,11.32421875,0,1,3,2,2,1,3,1,9,1,1,13,1,0,20,12,0,0,rr-04-80.pdf
0,0,3,0,56,56,50,0,0,75.1318359375,0,0,2,3,3,0,8,3,29,0,3,4,1,0,56,22,0,0,f5713sc_accessible.pdf
0,0,2,2,24,24,12,0,0,88.447265625,0,1,1,2,2,1,2,1,23,1,1,5,1,0,24,12,0,0,cloudhol.pdf
0,0,2,2,127,127,8,1,0,62.498046875,0,1,3,2,2,1,3,2,91,1,1,19,1,0,127,11,0,0,n-04-41.pdf
0,0,2,2,35,35,23,0,0,86.2724609375,0,1,1,2,2,1,2,1,36,1,1,5,1,0,35,11,0,0,chestel.pdf
0,0,2,2,24,24,8,0,0,17.3388671875,0,1,3,3,2,1,3,1,19,1,1,34,1,0,24,12,0,0,rr-06-45.pdf
0,0,2,0,94,94,91,0,0,317.81640625,0,0,1,2,2,0,60,2,73,0,2,0,2,0,94,10,0,0,f13715.pdf
0,0,2,2,57,57,18,0,0,85.044921875,0,1,10,2,2,1,10,2,17,1,1,50,1,0,57,12,0,0,rp-03-48.pdf
0,0,3,3,32,32,13,0,0,21.76953125,0,0,2,3,3,3,2,2,17,3,2,16,2,0,32,13,0,0,aod200901.pdf
0,0,4,6,54,54,21,2,0,42.72265625,0,0,2,9,4,3,4,7,50,3,7,45,3,2,54,16,0,0,ehrdirective.pdf
0,0,2,2,33,33,6,0,0,16.9326171875,0,1,4,2,2,1,4,1,19,1,1,64,1,0,33,12,0,0,rr-05-03.pdf
0,0,2,2,252,252,111,0,0,1247.2861328125,0,1,21,2,2,3,22,1,150,3,3,93,3,1,252,40,0,0,3D_Wooden_structures_training_manual.pdf
0,0,3,0,49,49,43,0,0,69.47265625,0,0,2,3,3,0,2,3,24,0,3,2,1,0,49,20,0,0,f8900_accessible.pdf
0,0,2,2,24,24,12,0,0,80.81640625,0,1,1,2,2,1,2,1,23,1,1,5,1,0,24,11,0,0,badgevi.pdf
0,0,2,2,25,25,8,0,0,14.0625,0,1,4,3,2,1,4,1,20,1,1,24,1,0,25,11,0,0,n-09-01.pdf
0,0,2,2,197,197,53,0,0,72.3173828125,0,0,4,2,2,1,55,1,121,0,2,88,1,86,196,10,0,0,f12153.pdf
0,0,3,0,181,181,174,0,0,295.6982421875,0,0,3,3,3,0,131,3,152,0,3,45,1,0,181,20,0,0,f5309_accessible.pdf
0,0,2,0,243,243,164,0,0,129.69921875,0,1,77,2,2,0,0,2,4,0,2,0,1,0,243,12,0,0,114_list.pdf
0,0,2,2,54,54,25,0,0,86.732421875,0,1,4,3,2,1,4,1,33,1,1,66,1,1,54,11,0,0,n-09-39.pdf
0,0,2,2,38,38,11,0,0,21.955078125,0,1,3,2,2,1,3,1,24,1,1,61,1,0,38,18,0,0,tab_fact_sheet.pdf
0,0,1,1,150,150,22,0,0,99.2861328125,0,0,1,5,1,1,1,1,165,1,1,77,1,8,150,17,0,0,timing_fall08.pdf
0,0,1,1,6,6,2,0,0,69.2958984375,0,0,1,1,1,1,1,0,2,1,1,1,0,0,6,12,1,0,camfessi.pdf
0,0,2,2,48,48,19,0,0,35.4853515625,0,1,4,2,2,1,4,1,28,1,1,49,1,0,48,9,0,0,i8921.pdf
0,0,2,2,21,21,6,0,0,14.9658203125,0,1,2,3,2,1,2,1,18,1,1,32,1,0,21,11,0,0,n-05-26.pdf
0,0,2,2,11,11,3,0,0,22.0419921875,0,1,1,2,2,1,1,2,4,1,1,0,0,0,11,12,1,0,coldupag.pdf
0,0,1,1,6,6,2,0,0,72.392578125,0,0,1,1,1,1,1,0,2,1,1,1,0,0,6,12,1,0,airwanet.pdf
0,0,2,2,11,11,3,0,0,22.1171875,0,1,1,2,2,1,1,2,4,1,1,0,0,0,11,12,1,0,charcomc.pdf
0,0,2,2,12,12,4,0,0,16.7568359375,0,1,1,2,2,1,1,2,5,1,1,0,1,0,12,12,1,0,chrfibtx.pdf
0,0,2,0,33,33,28,0,0,41.845703125,0,1,3,2,2,0,0,2,8,0,2,3,1,0,33,60,0,0,SIV-Iraqi-USG-Guidelines-and-DS-157-Instructions-English.pdf
0,0,2,2,36,36,11,0,0,17.3388671875,0,1,2,2,2,1,2,2,16,1,1,27,1,0,36,12,0,0,63fr7288.pdf
0,0,1,1,25,25,5,0,0,11.36328125,0,0,5,1,1,1,5,1,8,1,1,13,0,0,25,12,0,0,rp-99-21.pdf
0,0,2,2,11,11,3,0,0,17.43359375,0,1,1,2,2,1,1,2,4,1,1,0,0,0,11,10,1,0,agapis.pdf
0,0,2,2,135,135,27,0,0,239.5732421875,0,1,1,2,2,1,3,1,100,1,1,68,1,1,135,11,0,0,buck_ed.pdf
0,0,2,2,34,34,9,0,0,16.7509765625,0,1,7,2,2,1,7,1,11,1,1,27,1,0,34,12,0,0,rp-09-21.pdf
0,0,2,0,39,39,31,0,0,51.7568359375,0,1,6,2,2,0,0,2,12,0,2,6,1,0,39,22,0,0,Copyright_Alliance.pdf
0,0,1,0,49,49,44,0,0,43.171875,0,1,3,2,1,0,15,1,27,0,1,3,1,0,49,13,0,0,draft_w-2.pdf
0,0,2,0,15,15,12,0,0,17.4365234375,0,1,1,2,2,0,0,2,5,0,2,0,1,0,15,11,0,0,12-0036.pdf
0,0,4,6,237,237,79,0,0,249.1787109375,0,0,62,9,4,3,124,7,228,3,7,180,3,1,237,21,0,0,td_9496_final_reg.pdf
0,0,2,2,42,42,13,0,0,70.1279296875,0,1,6,2,2,1,6,2,15,1,1,38,1,0,42,12,0,0,rp-03-37.pdf
0,0,2,2,189,189,23,0,0,84.720703125,0,1,12,3,2,1,12,1,218,1,1,75,1,30,189,24,0,0,whistleblowerfy09rtc.pdf
0,0,2,2,28,28,7,0,0,21.4697265625,0,1,4,3,2,1,4,1,15,2,1,34,1,0,28,12,0,0,rr-11-25.pdf
0,0,1,1,32,32,7,0,0,45.01171875,0,0,3,1,1,1,3,1,25,1,1,46,0,0,32,13,0,0,68fr48415.pdf
0,0,2,2,49,49,37,0,0,101.0126953125,0,1,1,2,2,1,2,1,50,1,1,5,1,0,49,11,0,0,bayeast.pdf
0,0,2,2,42,42,14,0,0,41.6181640625,0,1,2,2,2,1,2,2,23,1,1,35,1,0,42,12,0,0,66fr9881.pdf
0,0,2,0,83,83,77,0,0,120.6640625,0,1,4,2,2,0,0,2,41,0,2,0,1,0,83,17,0,0,cp523_chinese.pdf
0,0,2,2,52,52,14,1,0,28.927734375,0,1,6,2,2,1,6,2,13,1,1,34,0,0,52,44,0,0,final_mou_corssreferencing_press_release.pdf
0,0,2,2,60,60,28,0,0,197.154296875,0,1,2,3,2,1,2,1,36,1,1,85,2,0,60,8,0,0,n844.pdf
0,0,1,1,6,6,2,0,0,71.9580078125,0,0,1,1,1,1,1,0,2,1,1,1,0,0,6,12,1,0,amarbtsn.pdf
0,0,2,2,144,144,24,1,0,107.1796875,0,1,9,2,2,1,9,2,99,1,1,49,1,0,144,11,0,0,a-02-37.pdf
0,0,2,2,43,43,11,0,0,30.4013671875,0,1,7,2,2,1,7,1,19,1,1,60,1,0,43,11,0,0,n-06-97.pdf
0,0,2,2,188,188,8,1,0,35.435546875,0,1,4,2,2,1,4,2,175,1,1,14,1,0,188,12,0,0,rr-02-74.pdf
0,0,2,2,108,108,33,0,0,59.07421875,0,1,31,2,2,1,31,1,9,1,1,41,1,0,108,12,0,0,rp-09-33.pdf
0,0,3,0,102,102,95,0,0,115.1953125,0,0,3,3,3,0,45,3,66,0,3,17,1,0,102,20,0,0,f8621_accessible.pdf
0,0,3,0,48,48,42,0,0,52.330078125,0,0,2,3,3,0,8,3,22,0,3,2,1,0,48,11,0,0,f12339c.pdf
0,0,4,0,61,61,53,0,0,90.65625,0,0,3,5,4,0,7,4,34,0,4,5,3,0,61,9,0,0,f3468.pdf
0,0,2,2,26,26,10,0,0,23.1728515625,0,1,5,3,2,1,5,1,19,1,1,25,1,0,26,11,0,0,n-04-58.pdf
0,0,2,2,11,11,3,0,0,27.1865234375,0,1,1,2,2,1,1,2,4,1,1,0,0,0,11,12,1,0,copernus.pdf
0,0,1,1,6,6,2,0,0,75.611328125,0,0,1,1,1,1,1,0,2,1,1,1,0,0,6,17,1,0,agisofaspaltd.pdf
0,0,1,1,30,30,4,0,0,11.6083984375,0,0,1,1,1,1,1,4,18,1,1,11,1,0,30,15,0,0,Andrew_Pham.pdf
0,0,2,2,35,35,16,1,0,33.580078125,0,1,1,3,2,1,1,1,22,1,1,23,1,0,35,10,0,0,n1219b.pdf
0,0,2,2,163,163,18,1,0,107.1455078125,0,1,1,2,2,1,1,2,207,1,1,33,1,9,163,22,0,0,tree_protection_hs.pdf
0,0,2,2,73,73,34,0,0,57.2880859375,0,1,2,3,2,0,9,1,56,1,1,64,1,0,73,17,0,0,cp722_spanish.pdf
0,0,2,2,61,61,6,1,0,49.7470703125,0,1,1,2,2,1,1,2,68,1,1,17,1,0,61,11,0,0,n-03-61.pdf
0,0,2,2,60,60,16,1,0,48.623046875,0,1,2,2,2,1,4,1,65,3,1,36,1,12,60,13,0,0,68fr36469.pdf
0,0,1,1,6,6,2,0,0,73.9345703125,0,0,1,1,1,1,1,0,2,1,1,1,0,0,6,12,1,0,brevrdcc.pdf
0,0,2,2,242,242,78,0,0,244.921875,0,0,29,3,2,2,50,2,114,2,2,88,2,24,242,12,0,0,02frrltr.pdf
0,0,1,1,89,89,25,0,0,69.75,0,0,24,1,1,1,24,1,14,1,1,52,1,0,89,11,0,0,051801f.pdf
0,0,3,0,72,72,64,0,0,93.6572265625,0,0,4,3,3,0,16,3,40,0,3,10,1,0,72,20,0,0,f6627_accessible.pdf
0,0,2,2,16,16,6,0,0,18.134765625,0,1,1,3,2,1,1,1,14,1,1,12,1,0,16,22,0,0,20101226-D-Pomeroy.pdf
0,0,2,2,394,394,30,1,0,130.6728515625,0,1,18,2,2,1,18,1,368,1,1,40,1,0,394,13,0,0,08perkins.pdf
0,0,2,2,67,67,34,0,0,56.3134765625,0,1,4,3,2,0,11,1,44,1,1,66,1,0,67,18,0,0,cp259f_english.pdf
0,0,2,2,25,25,13,0,0,73.330078125,0,1,1,2,2,1,2,1,26,1,1,5,1,0,25,13,0,0,bropualco.pdf
0,0,1,1,6,6,2,0,0,72.8525390625,0,0,1,1,1,1,1,0,2,1,1,1,0,0,6,12,1,0,bizyinc..pdf
0,0,2,2,40,40,11,0,0,20.85546875,0,1,9,2,2,1,9,1,11,1,1,29,1,0,40,12,0,0,rr-07-54.pdf
0,0,2,0,48,48,43,0,0,78.267578125,0,1,3,2,2,0,3,2,15,0,2,3,1,0,48,10,0,0,92appg.pdf
0,0,2,2,52,52,17,0,0,118.1435546875,0,1,1,2,2,1,1,2,34,1,1,61,0,0,52,9,0,0,p3382.pdf
0,0,2,0,451,451,239,0,0,163.609375,0,0,4,2,2,1,201,2,244,1,2,181,2,0,451,9,0,0,f8857.pdf
0,0,1,1,6,6,2,0,0,81.2822265625,0,0,1,1,1,1,1,0,2,1,1,1,0,0,6,12,1,0,atrunews.pdf
0,0,1,1,99,99,25,0,0,178.74609375,0,0,24,1,1,1,24,1,23,1,1,74,0,0,99,12,0,0,96eounrl.pdf
0,0,2,2,38,38,26,0,0,91.1142578125,0,1,1,2,2,1,2,1,39,1,1,5,1,0,38,14,0,0,childinter.pdf
0,0,3,0,57,57,50,0,0,87.6220703125,0,0,3,3,3,0,3,3,27,0,3,3,1,0,57,20,0,0,f5558_accessible.pdf
0,0,2,2,49,49,37,0,0,102.4228515625,0,1,1,2,2,1,2,1,50,1,1,5,1,0,49,15,0,0,contentrule.pdf
0,0,2,2,421,421,29,1,0,191.88671875,0,1,10,2,2,1,10,1,428,1,1,44,1,26,421,13,0,0,05lohmann.pdf
0,0,1,1,35,35,3,0,0,4.625,0,0,1,1,1,1,3,1,19,1,1,0,0,0,35,39,0,0,purepdf_shadinggradienttransparency.pdf
0,0,2,2,22,22,5,0,0,10.8798828125,0,1,3,2,2,1,3,1,11,1,1,23,1,0,22,11,0,0,a-10-76.pdf
0,0,1,1,6,6,2,0,0,80.103515625,0,0,1,1,1,1,1,0,2,1,1,1,0,0,6,12,1,0,atlcbbd3.pdf
0,0,2,2,51,51,26,0,0,51.1650390625,0,1,7,3,2,1,7,1,39,1,1,45,1,1,51,13,0,0,eqrsc-pia.pdf
0,0,2,0,29,29,26,0,0,129.01953125,0,1,1,2,2,0,2,2,9,0,2,1,1,0,29,21,0,0,cognitive_enhance.pdf
0,0,2,2,11,11,3,0,0,31.9560546875,0,1,1,2,2,1,1,2,4,1,1,0,0,0,11,11,1,0,bevcomm.pdf
0,0,1,0,97,97,89,0,0,65.5791015625,0,1,6,2,1,0,57,1,70,0,1,23,1,0,97,10,0,0,f1099k.pdf
0,0,2,0,19,19,15,0,0,25.9169921875,0,1,2,2,2,0,2,2,9,0,2,2,1,0,19,15,0,0,Chad_Jewell.pdf
0,0,2,2,46,46,14,0,0,30.912109375,0,1,10,3,2,1,10,1,40,1,1,50,1,2,46,11,0,0,n-10-29.pdf
0,0,1,1,6,6,2,0,0,81.115234375,0,0,1,1,1,1,1,0,2,1,1,1,0,0,6,14,1,0,amerasscol.pdf
0,0,2,2,173,173,73,0,0,150.470703125,0,1,37,2,2,1,39,1,20,1,1,67,1,0,173,11,0,0,080101f.pdf
0,0,2,2,42,42,12,0,0,23.431640625,0,1,8,3,2,1,8,1,27,1,1,18,1,0,42,12,0,0,rp-10-12.pdf
0,0,2,2,100,100,29,1,0,60.6513671875,0,1,28,2,2,1,28,2,10,1,1,44,0,0,100,12,0,0,rp-01-54.pdf
0,0,2,2,90,90,56,0,0,152.966796875,0,1,2,3,2,1,2,1,63,1,1,96,1,0,90,17,0,0,cp21b_russian.pdf
0,0,2,2,40,40,28,0,0,92.7119140625,0,1,1,2,2,1,2,1,39,1,1,5,1,0,40,11,0,0,atopera.pdf
0,0,2,2,143,143,21,0,0,172.5654296875,0,1,1,2,2,1,2,1,141,1,1,44,1,11,143,19,0,0,baker_hostetler.pdf
0,0,2,2,40,40,14,0,0,44.408203125,0,1,4,3,2,1,4,1,33,1,1,58,1,1,40,14,0,0,webets-pia.pdf
0,0,2,2,12,12,4,0,0,20.716796875,0,1,1,2,2,1,1,2,5,1,1,0,1,0,12,12,1,0,cometank.pdf
0,0,2,2,370,370,46,0,0,381.876953125,0,1,24,2,2,1,24,1,70,1,1,93,1,26,370,12,0,0,irb12-27.pdf
0,0,1,1,6,6,2,0,0,73.375,0,0,1,1,1,1,1,0,2,1,1,1,0,0,6,12,1,0,aerstall.pdf
0,0,3,0,46,46,34,0,0,191.6982421875,0,0,1,3,3,0,3,3,18,0,3,14,2,0,46,11,0,0,bcprods.pdf
0,0,2,0,172,172,155,0,0,342.021484375,0,0,36,2,2,0,0,2,49,0,2,86,2,0,172,9,0,0,p1239.pdf
0,0,1,1,6,6,2,0,0,75.1923828125,0,0,1,1,1,1,1,0,2,1,1,1,0,0,6,12,1,0,alconmkt.pdf
0,0,2,2,25,25,13,0,0,79.1142578125,0,1,1,2,2,1,2,1,24,1,1,5,1,0,25,11,0,0,boglehe.pdf
0,0,2,2,11,11,3,0,0,20.8466796875,0,1,1,2,2,1,1,2,4,1,1,0,0,0,11,12,1,0,amrsqalt.pdf
0,0,2,2,34,34,9,0,0,16.0712890625,0,1,7,2,2,1,7,1,11,1,1,27,1,0,34,12,0,0,rp-09-51.pdf
0,0,2,2,92,92,19,0,0,141.232421875,0,0,2,2,2,2,8,2,99,2,2,78,1,10,92,13,0,0,75fr47464.pdf
0,0,2,2,58,58,16,0,0,30.197265625,0,1,15,2,2,1,15,2,9,1,1,23,0,0,58,12,0,0,rp-99-42.pdf
0,1,3,3,74,74,22,0,0,56.1220703125,0,0,2,4,3,2,10,3,79,2,2,72,2,15,74,9,0,0,f1363.pdf
0,0,2,2,180,180,73,0,0,299.591796875,0,1,33,3,2,1,33,1,138,1,1,119,1,0,180,24,0,0,forum09_sep_pitfalls.pdf
0,0,1,1,58,58,15,0,0,32.05078125,0,0,14,1,1,1,14,1,14,1,1,42,1,0,58,11,0,0,060901f.pdf
0,0,2,2,1481,1481,50,0,0,285.80078125,0,1,33,2,2,2,33,1,1692,2,1,111,1,27,1481,35,0,0,structured_settlement_factoring.pdf
0,0,1,1,109,109,33,0,0,49.3076171875,0,0,30,1,1,1,31,1,8,1,1,40,0,0,109,12,0,0,rp-99-27.pdf
0,0,2,2,11,11,3,0,0,22.2080078125,0,1,1,2,2,1,1,2,4,1,1,0,0,0,11,12,1,0,chrcomii.pdf
0,0,3,0,61,61,55,0,0,69.2744140625,0,0,2,3,3,0,11,3,34,0,3,5,1,0,61,10,0,0,f8822b.pdf
0,0,2,2,74,74,22,0,0,49.9189453125,0,1,16,3,2,1,16,1,41,1,1,26,1,0,74,11,0,0,a-06-50.pdf
0,0,2,2,33,33,10,0,0,44.404296875,0,1,5,2,2,1,5,2,11,1,1,21,1,0,33,12,0,0,rr-04-49.pdf
0,0,2,2,130,130,19,0,0,119.2744140625,0,1,1,2,2,1,3,1,118,1,1,24,1,10,130,12,0,0,aerobics.pdf
0,0,2,2,99,99,26,0,0,96.0107421875,0,1,9,2,2,1,9,1,92,1,1,74,1,14,99,13,0,0,71fr68472.pdf
0,0,2,2,54,54,20,0,0,49.8798828125,0,1,6,3,2,1,6,1,48,1,1,82,1,1,54,11,0,0,nap-pia.pdf
0,0,1,1,6,6,2,0,0,59.1572265625,0,0,1,1,1,1,1,0,2,1,1,1,0,0,6,12,1,0,caskfrst.pdf
0,0,3,0,262,262,252,0,0,193.9228515625,0,0,6,3,3,0,198,3,220,0,3,70,1,0,262,21,0,0,fss8pr_accessible.pdf
0,0,2,2,36,36,10,0,0,24.728515625,0,1,5,2,2,1,5,2,14,1,1,26,1,0,36,13,0,0,aod200502.pdf
0,0,2,2,12,12,4,0,0,16.837890625,0,1,1,2,2,1,1,2,5,1,1,0,1,0,12,12,1,0,ccvhldfn.pdf
0,0,1,1,6,6,2,0,0,82.53515625,0,0,1,1,1,1,1,0,2,1,1,1,0,0,6,12,1,0,bridcate.pdf
0,0,2,2,28,28,7,0,0,13.361328125,0,1,5,2,2,1,5,1,11,1,1,25,1,0,28,12,0,0,rp-09-42.pdf
0,0,1,1,26,26,6,0,0,11.26953125,0,0,6,1,1,1,6,1,6,1,1,10,0,0,26,11,0,0,rp98-13.pdf
0,0,1,1,8,8,1,0,0,1.5693359375,0,0,1,1,1,1,1,1,9,1,1,10,0,0,8,33,1,0,purepdf_chinesekoreanjapanese.pdf
0,0,2,2,64,64,33,0,0,72.546875,0,1,9,3,2,1,9,1,48,1,1,56,1,1,64,12,0,0,imsi-pia.pdf
0,0,2,2,116,116,24,0,0,195.275390625,0,1,1,2,2,1,2,1,84,1,1,57,1,2,116,18,0,0,american_dream.pdf
0,0,2,2,11,11,3,0,0,25.6298828125,0,1,1,2,2,1,1,2,4,1,1,0,0,0,11,11,1,0,anyuser.pdf
0,0,2,2,39,39,13,0,0,123.87890625,0,1,2,2,2,1,2,2,13,1,1,30,0,0,39,13,0,0,65fr41737.pdf
0,0,2,0,25,25,21,0,0,20.8828125,0,1,2,2,2,0,0,2,5,0,2,0,1,0,25,11,0,0,12-0040.pdf
0,0,2,2,99,99,19,0,0,115.845703125,0,1,1,2,2,1,2,1,73,1,1,26,1,1,99,17,0,0,athlon_sports.pdf
0,0,2,2,24,24,7,0,0,14.341796875,0,1,2,3,2,1,2,1,21,1,1,12,1,1,24,11,0,0,n-08-90.pdf
2,3,1,2,152,152,55,0,0,73.98046875,0,0,2,4,1,1,24,2,162,1,2,80,1,10,152,23,0,1,f5305sep_accessible.pdf
0,0,2,2,44,44,32,0,0,94.673828125,0,1,1,2,2,1,2,1,45,1,1,5,1,0,44,16,0,0,communitypro.pdf
0,0,2,2,36,36,7,0,0,11.08984375,0,1,1,3,2,1,1,1,14,1,1,16,1,0,36,37,0,0,american-foundation-blind-summary.pdf
0,0,1,1,6,6,2,0,0,71.7158203125,0,0,1,1,1,1,1,0,2,1,1,1,0,0,6,12,1,0,appdeply.pdf
0,0,2,2,48,48,16,0,0,136.630859375,0,1,5,2,2,1,5,2,13,1,1,33,0,0,48,12,0,0,65fr6946.pdf
0,0,4,0,44,44,38,0,0,59.6923828125,0,0,1,5,4,0,2,4,27,0,4,2,3,0,44,11,0,0,f8865sp.pdf
0,0,2,2,33,33,6,0,0,22.9150390625,0,1,3,3,2,1,3,1,16,2,1,13,1,0,33,12,0,0,rp-10-29.pdf
0,0,2,2,81,81,20,0,0,181.84375,0,0,3,2,2,2,8,2,71,2,2,78,1,3,81,12,0,0,76fr9229.pdf
0,0,2,2,11,11,3,0,0,10.84765625,0,1,1,2,2,1,1,2,4,1,1,0,0,0,11,8,1,0,abts.pdf
0,0,2,2,11,11,3,0,0,26.1982421875,0,1,1,2,2,1,1,2,4,1,1,0,0,0,11,12,1,0,amwebser.pdf
0,0,2,2,578,578,32,1,0,159.78515625,0,1,26,2,2,1,26,2,368,1,1,50,1,0,578,22,0,0,rev._proc._2005-12.pdf
0,0,2,2,63,63,18,0,0,27.9296875,0,1,16,2,2,1,16,2,8,1,1,23,1,0,63,13,0,0,090maddux.pdf
0,0,2,2,11,11,3,0,0,24.7919921875,0,1,1,2,2,1,1,2,4,1,1,0,0,0,11,12,1,0,amersapu.pdf
0,0,2,2,11,11,3,0,0,23.896484375,0,1,1,2,2,1,1,2,4,1,1,0,0,0,11,10,1,0,cloud9.pdf
2,3,7,7,134,134,44,0,0,328.2626953125,0,0,8,9,7,7,8,7,68,7,6,70,11,0,134,8,0,1,p600.pdf
0,0,2,2,164,164,45,0,0,124.94140625,0,1,39,3,2,1,39,1,114,1,1,59,1,8,164,12,0,0,rp-06-23.pdf
0,0,3,0,50,50,45,0,0,73.01953125,0,0,1,3,3,0,1,3,22,0,3,1,1,0,50,22,0,0,f5471sm_accessible.pdf
0,0,1,1,30,30,4,0,0,13.369140625,0,0,1,1,1,1,1,4,18,1,1,11,1,0,30,14,0,0,Ben_Morton.pdf
0,0,2,2,86,86,7,1,0,45.828125,0,1,3,2,2,1,3,2,81,1,1,11,1,0,86,10,0,0,a-03-7.pdf
0,0,2,2,284,284,32,0,0,176.705078125,0,1,8,2,2,1,11,1,66,1,1,90,1,9,284,9,0,0,i1066.pdf
0,0,3,0,465,465,459,0,0,243.24609375,0,0,4,3,3,0,390,3,416,0,3,288,3,0,465,10,0,0,f990ez.pdf
0,0,2,0,74,74,60,0,0,391.7998046875,0,1,12,4,2,0,12,2,47,0,2,12,1,0,74,43,0,0,Pamphlet-Russian-Online-Reading-Version.pdf
0,0,2,2,25,25,13,0,0,103.2509765625,0,1,1,2,2,1,2,1,24,1,1,5,1,0,25,12,0,0,benefllc.pdf
0,0,2,2,49,49,13,0,0,30.8759765625,0,1,11,2,2,1,11,2,11,1,1,21,0,0,49,11,0,0,a-00-22.pdf
0,0,2,2,52,52,21,0,0,76.4013671875,0,1,5,2,2,1,5,1,33,1,1,62,1,0,52,12,0,0,70fr3739.pdf
0,0,2,2,51,51,25,0,0,53.517578125,0,1,2,3,2,1,2,1,33,1,1,61,1,0,51,16,0,0,cp31_spanish.pdf
1,2,5,5,247,247,87,0,0,102.056640625,0,0,2,5,5,4,62,19,256,4,4,94,4,30,247,22,0,1,f5300sq_accessible.pdf
0,0,2,2,640,640,51,0,0,269.6748046875,0,1,27,2,2,2,27,1,550,2,1,128,0,0,640,19,0,0,forum08_choices.pdf
0,0,2,2,314,314,102,0,0,247.9482421875,0,1,81,3,2,1,81,2,43,1,1,141,1,0,314,8,0,0,p939.pdf
0,0,4,0,89,89,78,0,0,127.0107421875,0,0,6,4,4,0,27,4,50,0,4,13,2,0,89,23,0,0,f5305sim_accessible.pdf
2,3,1,1,188,188,56,0,0,45.244140625,0,0,6,1,1,1,54,1,133,1,1,58,1,66,188,11,0,1,f12474a.pdf
0,0,2,2,175,175,59,0,0,205.150390625,0,1,34,3,2,1,34,2,53,1,1,102,4,0,175,12,0,0,p3--2004.pdf
0,0,2,2,11,11,3,0,0,24.71875,0,1,1,2,2,1,1,2,4,1,1,0,0,0,11,11,1,0,aurorau.pdf
0,0,2,2,39,39,12,0,0,64.8828125,0,1,6,2,2,1,6,2,13,1,1,30,1,0,39,12,0,0,rr-04-67.pdf
2,3,1,1,26,26,9,0,0,4.775390625,0,0,1,1,1,1,8,1,19,1,1,3,0,7,26,23,0,1,purepdf_javascript2.pdf
0,0,1,1,6,6,2,0,0,72.0615234375,0,0,1,1,1,1,1,0,2,1,1,1,0,0,6,10,1,0,beyprd.pdf
0,0,1,1,21,21,3,0,0,14.0322265625,0,0,1,1,1,1,1,1,4,1,1,9,0,0,21,14,0,0,Bobby_June.pdf
0,0,5,0,57,57,48,0,0,76.0673828125,0,0,2,6,5,2,9,5,42,2,5,7,4,0,57,9,0,0,f8925.pdf
0,0,1,0,143,143,122,0,0,181.0361328125,0,0,11,1,1,0,60,1,119,0,1,14,1,0,143,10,0,0,fw2_11.pdf
0,0,2,2,35,35,6,1,0,17.3857421875,0,1,5,2,2,1,5,2,11,1,1,26,0,0,35,11,0,0,rr02-43.pdf
0,0,2,2,42,42,9,0,0,53.46484375,0,1,4,3,2,1,4,1,27,2,1,66,1,1,42,11,0,0,n-10-47.pdf
0,0,2,2,58,58,28,0,0,69.587890625,0,1,6,3,2,1,6,1,37,1,1,71,1,1,58,11,0,0,ama-pia.pdf
0,0,1,1,6,6,1,0,0,1.2109375,0,0,1,1,1,1,1,1,3,1,1,3,0,0,6,22,1,0,purepdf_hellochunk.pdf
0,0,1,1,208,208,59,0,0,252.513671875,0,0,58,1,1,1,58,1,22,1,1,100,1,0,208,12,0,0,98perwel.pdf
0,0,2,2,69,69,20,0,0,38.0224609375,0,1,18,2,2,1,18,1,11,1,1,38,1,0,69,11,0,0,n-07-11.pdf
0,0,2,2,135,135,29,0,0,142.6484375,0,1,4,2,2,1,7,1,55,1,1,94,1,2,135,10,0,0,i1099k.pdf
0,0,2,0,25,25,21,0,0,21.1171875,0,1,2,2,2,0,0,2,5,0,2,0,1,0,25,11,0,0,12-0022.pdf
0,0,2,2,125,125,18,0,0,116.736328125,0,1,1,2,2,1,2,1,109,1,1,24,1,8,125,19,0,0,bryan_broadcast.pdf
0,0,2,2,293,293,28,0,0,101.3564453125,0,1,4,2,2,1,8,2,431,1,1,41,1,14,293,13,0,0,68fr19482.pdf
0,0,4,0,54,54,48,0,0,62.8193359375,0,0,1,4,4,0,1,4,24,0,4,1,2,0,54,22,0,0,f8865sp_accessible.pdf
0,0,2,2,59,59,16,0,0,163.6552734375,0,1,2,2,2,1,5,2,23,1,1,34,0,5,59,13,0,0,65fr41612.pdf
0,0,1,1,6,6,2,0,0,74.490234375,0,0,1,1,1,1,1,0,2,1,1,1,0,0,6,11,1,0,careqst.pdf
0,0,2,2,21,21,9,0,0,78.2080078125,0,1,1,2,2,1,2,1,20,1,1,5,1,0,21,14,0,0,airootcomp.pdf
0,0,4,0,69,69,62,0,0,81.0439453125,0,0,2,5,4,0,21,4,48,0,4,15,3,0,69,11,0,0,f1040sd.pdf
0,0,2,2,282,282,26,0,0,91.8876953125,0,1,4,2,2,1,6,2,336,1,1,40,1,9,282,13,0,0,67fr78510.pdf
0,0,1,1,6,6,2,0,0,72.458984375,0,0,1,1,1,1,1,0,2,1,1,1,0,0,6,12,1,0,brazcolg.pdf
0,0,2,2,11,11,3,0,0,26.416015625,0,1,1,2,2,1,1,2,4,1,1,0,0,0,11,12,1,0,abovpeer.pdf
0,0,2,2,28,28,7,0,0,13.79296875,0,1,4,2,2,1,4,1,13,1,1,35,1,0,28,12,0,0,rr-05-76.pdf
0,0,2,2,49,49,20,0,0,59.546875,0,1,3,2,2,1,3,1,35,1,1,65,1,0,49,13,0,0,73fr14183.pdf
0,0,1,1,6,6,2,0,0,81.5029296875,0,0,1,1,1,1,1,0,2,1,1,1,0,0,6,12,1,0,colencic.pdf
0,0,2,2,256,256,35,0,0,190.2451171875,0,1,6,2,2,1,13,1,103,1,1,108,1,21,256,9,0,0,iw3pr.pdf
0,0,2,2,60,60,26,0,0,52.8076171875,0,1,20,3,2,1,20,1,34,1,1,30,1,0,60,11,0,0,n-06-77.pdf
0,0,1,1,86,86,21,0,0,135.068359375,0,0,21,1,1,1,21,1,23,1,1,70,0,0,86,11,0,0,95eoart.pdf
0,0,2,2,225,225,35,0,0,175.8212890625,0,1,9,2,2,1,13,1,65,1,1,106,1,5,225,9,0,0,i8941.pdf
0,0,1,1,6,6,2,0,0,75.7421875,0,0,1,1,1,1,1,0,2,1,1,1,0,0,6,12,1,0,ariconat.pdf
0,0,2,2,172,172,15,1,0,84.9814453125,0,1,10,2,2,1,10,2,119,1,1,26,1,0,172,12,0,0,rp-05-24.pdf
0,0,1,1,6,6,2,0,0,78.3974609375,0,0,1,1,1,1,1,0,2,1,1,1,0,0,6,12,1,0,communat.pdf
0,0,2,2,34,34,7,0,0,27.423828125,0,1,4,2,2,1,4,1,19,1,1,65,1,0,34,11,0,0,n-11-59.pdf
0,0,2,2,28,28,16,0,0,90.8564453125,0,1,1,2,2,1,2,1,27,1,1,5,1,0,28,12,0,0,appshare.pdf
0,0,2,2,44,44,14,0,0,29.025390625,0,1,6,2,2,1,6,2,9,1,1,14,0,0,44,12,0,0,rp-00-27.pdf
0,0,2,2,112,112,14,1,0,45.2890625,0,1,3,2,2,1,3,2,95,1,1,11,1,0,112,12,0,0,rp-03-65.pdf
0,0,2,0,80,80,77,0,0,180.4892578125,0,1,1,2,2,0,0,2,86,0,2,1,1,0,80,27,0,0,registration_flow_chart.pdf
0,0,2,2,272,272,24,0,0,208.5703125,0,1,1,2,2,1,2,1,242,1,1,57,1,3,272,14,0,0,cadwalader.pdf
0,0,1,1,9,9,4,0,0,120.5458984375,0,0,2,1,1,1,2,0,3,1,1,2,0,0,9,10,1,0,cituny.pdf
0,0,2,2,56,56,14,0,0,43.125,0,1,11,2,2,1,11,1,17,1,1,61,1,0,56,37,0,0,poc_summary_addendum_121708_final.pdf
0,0,1,1,6,6,2,0,0,79.76953125,0,0,1,1,1,1,1,0,2,1,1,1,0,0,6,12,1,0,acscfuin.pdf
0,0,1,1,6,6,2,0,0,76.103515625,0,0,1,1,1,1,1,0,2,1,1,1,0,0,6,10,1,0,acluwa.pdf
0,0,1,1,6,6,2,0,0,76.560546875,0,0,1,1,1,1,1,0,2,1,1,1,0,0,6,13,1,0,auscifoun.pdf
0,0,2,2,38,38,14,0,0,28.5498046875,0,1,9,3,2,1,9,1,27,1,1,39,1,0,38,11,0,0,n-06-27.pdf
0,0,2,0,22,22,19,0,0,65.3740234375,0,1,1,2,2,0,0,2,7,0,2,1,1,0,22,29,0,0,Embassy_Specific_Info-AKD.pdf
0,0,2,2,34,34,10,0,0,56.8154296875,0,1,4,2,2,1,4,2,15,1,1,30,1,0,34,19,0,0,jitsic-finalmou.pdf
0,0,1,1,6,6,2,0,0,78.9267578125,0,0,1,1,1,1,1,0,2,1,1,1,0,0,6,12,1,0,boomsped.pdf
0,0,5,0,100,100,91,0,0,147.875,0,0,4,6,5,0,22,5,53,0,5,16,4,0,100,9,0,0,f2220.pdf
0,0,2,2,85,85,19,0,0,91.671875,0,1,1,2,2,1,2,1,73,1,1,24,1,0,85,7,0,0,bnp.pdf
0,0,2,2,23,23,7,0,0,13.5244140625,0,1,3,3,2,1,3,1,18,1,1,23,1,0,23,12,0,0,rr-06-03.pdf
0,0,2,2,434,434,16,1,0,127.5068359375,0,1,11,2,2,1,11,2,253,1,1,27,1,0,434,12,0,0,rr-02-28.pdf
2,3,3,3,77,77,26,0,0,169.0087890625,0,0,1,3,3,2,10,2,57,2,2,49,2,10,77,9,0,1,f8847.pdf
0,0,2,2,11,11,3,0,0,28.4287109375,0,1,1,2,2,1,1,2,4,1,1,0,0,0,11,12,1,0,armstgwv.pdf
0,0,2,2,138,138,55,0,0,107.7529296875,0,1,48,3,2,1,48,1,72,1,1,68,1,0,138,12,0,0,rp-12-19.pdf
0,0,2,2,27,27,15,0,0,80.435546875,0,1,1,2,2,1,2,1,26,1,1,5,1,0,27,15,0,0,alwaybthere.pdf
0,0,2,0,32,32,29,0,0,76.0234375,0,1,1,2,2,0,1,2,11,0,2,1,1,0,32,9,0,0,c-711.pdf
0,0,3,3,133,133,29,0,0,248.2431640625,0,0,2,3,3,2,3,2,122,2,2,69,2,10,133,21,0,0,bleeping_computer.pdf
0,0,3,0,61,61,55,0,0,98.828125,0,0,2,3,3,0,2,3,26,0,3,2,1,0,61,20,0,0,f5074_accessible.pdf
0,0,5,0,101,101,92,0,0,130.93359375,0,0,3,6,5,0,32,5,63,0,5,14,4,0,101,9,0,0,f3800.pdf
0,0,2,2,11,11,3,0,0,26.9375,0,1,1,2,2,1,1,2,4,1,1,0,0,0,11,12,1,0,accssing.pdf
0,0,3,0,68,68,62,0,0,109.318359375,0,0,2,3,3,0,14,3,38,0,3,6,1,0,68,9,0,0,fw4sp.pdf
0,0,1,1,6,6,2,0,0,75.3798828125,0,0,1,1,1,1,1,0,2,1,1,1,0,0,6,13,1,0,albculcom.pdf
0,0,2,2,30,30,18,0,0,88.669921875,0,1,1,2,2,1,2,1,31,1,1,5,1,0,30,10,0,0,anitac.pdf
0,0,2,2,24,24,7,0,0,52.4951171875,0,1,1,2,2,1,1,2,13,1,1,25,1,0,24,11,0,0,n-04-24.pdf
0,0,2,2,178,178,24,0,0,150.140625,0,1,4,2,2,1,6,1,40,1,1,77,1,0,178,10,0,0,i8038t.pdf
0,0,2,2,25,25,13,0,0,88.9853515625,0,1,1,2,2,1,2,1,24,1,1,5,1,0,25,10,0,0,casttv.pdf
0,0,2,2,11,11,3,0,0,24.6103515625,0,1,1,2,2,1,1,2,4,1,1,0,0,0,11,12,1,0,benesite.pdf
0,0,2,2,39,39,11,0,0,30.4931640625,0,1,3,2,2,1,3,2,16,1,1,30,0,0,39,13,0,0,63fr39739.pdf
0,0,3,0,34,34,29,0,0,37.349609375,0,0,1,3,3,0,12,3,16,0,3,12,2,0,34,20,0,0,f8316_accessible.pdf
0,0,1,0,100,100,91,1,0,178.59765625,0,1,6,3,1,0,8,1,52,0,1,6,2,0,100,27,0,0,ssa_irs_reporter_summer.pdf
0,0,2,2,11,11,3,0,0,32.404296875,0,1,1,2,2,1,1,2,4,1,1,0,0,0,11,11,1,0,baldndo.pdf
0,0,3,0,107,107,102,0,0,87.8623046875,0,0,1,3,3,0,58,3,82,0,3,20,1,0,107,18,0,0,fw7_accessible.pdf
0,0,2,2,11,11,3,0,0,26.419921875,0,1,1,2,2,1,1,2,4,1,1,0,0,0,11,11,1,0,affinia.pdf
0,0,2,2,34,34,22,0,0,89.056640625,0,1,1,2,2,1,2,1,35,1,1,5,1,0,34,11,0,0,cincmsi.pdf
0,0,1,1,6,6,2,0,0,72.6103515625,0,0,1,1,1,1,1,0,2,1,1,1,0,0,6,12,1,0,califsci.pdf
0,0,2,0,35,35,32,0,0,170.95703125,0,1,1,2,2,0,2,2,10,0,2,1,1,0,35,11,0,0,bancvue.pdf
0,0,2,2,72,72,29,0,0,71.072265625,0,1,19,3,2,1,19,1,46,1,1,57,1,1,72,11,0,0,n-11-28.pdf
0,0,2,2,36,36,12,0,0,119.4228515625,0,1,1,2,2,1,1,2,13,1,1,29,0,0,36,13,0,0,65fr75167.pdf
0,0,1,1,6,6,2,0,0,83.9794921875,0,0,1,1,1,1,1,0,2,1,1,1,0,0,6,11,1,0,connstu.pdf
0,0,3,0,101,101,94,0,0,254.5693359375,0,0,3,3,3,0,53,3,68,0,3,18,2,0,101,20,0,0,f8281_accessible.pdf
0,0,2,2,86,86,26,0,0,52.361328125,0,1,21,2,2,1,21,1,15,1,1,54,1,0,86,12,0,0,n-06-100.pdf
0,0,2,2,45,45,14,0,0,124.802734375,0,1,2,2,2,1,3,2,16,1,1,30,0,2,45,13,0,0,65fr37412.pdf
0,0,4,4,1139,1139,66,0,0,296.75390625,0,0,25,4,4,4,51,4,1056,4,4,143,4,58,1139,46,0,0,final_eitc_initiatives_report_final_121708.pdf
0,0,1,1,9,9,4,0,0,108.3173828125,0,0,2,1,1,1,2,0,3,1,1,2,0,0,9,11,1,0,bahakel.pdf
0,0,1,1,34,34,6,0,0,26.4697265625,0,0,1,1,1,1,1,1,7,1,1,17,0,0,34,21,0,0,Christopher_Jones.pdf
0,0,2,0,108,108,101,0,0,90.1796875,0,0,3,3,2,0,63,2,83,0,2,43,1,0,108,7,0,0,f23.pdf
0,0,2,2,39,39,11,0,0,66.8154296875,0,1,6,2,2,1,6,1,17,1,1,50,1,0,39,11,0,0,n-08-21.pdf
0,0,2,0,122,122,111,0,0,161.8486328125,0,1,9,2,2,0,63,2,76,0,2,27,1,0,122,9,0,0,fw2as.pdf
0,0,3,0,24,24,18,0,0,26.8515625,0,0,3,3,3,1,0,3,8,1,3,0,2,0,24,13,0,0,aod201004.pdf
0,0,2,2,36,36,13,0,0,279.61328125,0,1,6,2,2,1,6,2,9,1,1,0,0,0,36,9,0,0,ccumc.pdf
0,0,2,0,113,113,107,0,0,193.2412109375,0,1,4,2,2,0,0,2,60,0,2,0,1,0,113,17,0,0,cp259_chinese.pdf
0,0,4,0,90,90,83,0,0,94.1806640625,0,0,2,4,4,0,26,4,51,0,4,10,2,0,90,22,0,0,f1120fp_accessible.pdf
0,0,2,2,456,456,44,0,0,233.638671875,0,1,13,2,2,1,21,1,208,1,1,122,1,72,456,8,0,0,i940.pdf
0,0,2,2,54,54,18,0,0,31.15234375,0,1,4,2,2,1,4,2,23,1,1,30,1,0,54,6,0,0,it.pdf
0,0,4,4,67,67,34,0,0,367.005859375,0,0,2,4,4,3,2,3,46,3,3,103,5,0,67,9,0,0,p4761.pdf
0,0,2,2,68,68,9,2,0,28.98046875,0,0,2,2,2,2,3,31,113,2,2,25,2,4,68,12,0,0,pl103-43.pdf
0,0,2,2,55,55,29,0,0,24.7041015625,0,1,2,2,2,0,7,1,40,1,1,35,1,0,55,17,0,0,cp567_english.pdf
0,0,2,2,123,123,27,0,0,246.5126953125,0,1,1,2,2,1,2,1,94,1,1,70,1,5,123,14,0,0,appgrooves.pdf
0,0,2,0,119,119,99,0,0,81.1083984375,0,0,6,2,2,0,51,2,116,0,2,31,2,0,119,13,0,0,f1098t_11.pdf
0,0,2,2,26,26,9,0,0,108.73046875,0,1,4,2,2,1,4,2,7,1,1,0,0,0,26,12,0,0,almostor.pdf
0,0,2,2,32,32,10,0,0,23.7685546875,0,1,7,3,2,1,7,1,13,2,1,27,1,0,32,11,0,0,n-11-60.pdf
0,0,2,2,30,30,8,0,0,84.724609375,0,1,2,2,2,3,2,1,22,3,3,0,3,0,30,8,0,0,168k.pdf
0,0,1,2,29,29,6,0,0,15.4404296875,0,0,1,3,1,1,1,2,38,1,2,21,1,2,29,28,0,0,letter_to_peer_reviewers.pdf
0,0,2,2,11,11,3,0,0,28.4296875,0,1,1,2,2,1,1,2,4,1,1,0,0,0,11,8,1,0,colu.pdf
0,0,2,2,11,11,3,0,0,28.57421875,0,1,1,2,2,1,1,2,4,1,1,0,0,0,11,12,1,0,ckintrac.pdf
0,0,2,2,56,56,14,1,0,59.15625,0,1,13,2,2,1,13,2,12,1,1,36,0,0,56,11,0,0,rp00-44.pdf
0,0,1,1,13,13,3,1,0,21.32421875,0,0,1,1,1,1,1,1,4,1,1,9,0,0,13,17,1,0,Bill_Davidsen.pdf
0,0,2,0,101,101,98,0,0,74.73046875,0,1,1,2,2,0,58,2,73,0,2,27,1,0,101,7,0,0,fw7.pdf
0,0,2,2,11,11,3,0,0,120.365234375,0,1,1,2,2,1,1,2,4,1,1,0,0,0,11,12,1,0,advncint.pdf
2,3,3,3,106,106,20,0,0,56.7685546875,0,0,1,4,3,2,1,2,85,2,2,57,2,34,106,11,0,1,f5471sj.pdf
0,0,2,2,60,60,17,0,0,38.2919921875,0,1,15,2,2,1,15,2,10,1,1,23,0,0,60,11,0,0,a-00-23.pdf
2,3,3,3,258,258,115,0,0,100.9228515625,0,0,3,4,3,3,96,3,233,3,3,72,3,85,258,8,0,1,f712.pdf
0,0,2,2,48,48,13,0,0,25.7041015625,0,1,12,2,2,1,12,2,8,1,1,18,0,0,48,12,0,0,rr-00-12.pdf
0,0,3,3,322,322,126,0,0,239.6494140625,0,0,71,3,3,3,75,3,33,3,2,123,2,0,322,11,0,0,075201f.pdf
0,0,2,0,34,34,31,0,0,181.2841796875,0,1,1,2,2,0,2,2,10,0,2,1,1,0,34,18,0,0,broadcastr_inc.pdf
0,0,2,0,62,62,55,0,0,103.8984375,0,1,5,2,2,0,0,2,11,0,2,5,1,0,62,22,0,0,Incoming_Stats2011.pdf
0,0,3,0,53,53,46,0,0,157.513671875,0,0,4,4,3,1,8,3,25,1,3,7,2,0,53,9,0,0,i8863.pdf
0,0,2,2,188,188,29,0,0,89.4931640625,0,1,15,3,2,1,15,1,293,1,1,63,1,46,188,47,0,0,testimony-written-sfc_subcomm-idt-5-25-2011.pdf
0,0,1,1,125,125,35,0,0,82.5517578125,0,0,35,1,1,1,35,1,13,1,1,63,0,0,125,13,0,0,carp95_98.pdf
0,0,4,6,363,363,67,0,0,177.2978515625,0,0,4,7,4,3,31,6,563,3,5,160,3,230,362,10,0,0,f944sp.pdf
0,0,2,2,45,45,14,0,0,71.8232421875,0,1,7,2,2,1,7,2,15,1,1,39,1,0,45,12,0,0,rp-04-16.pdf
0,0,2,2,21,21,4,0,0,11.53515625,0,1,2,2,2,1,2,1,13,1,1,32,1,0,21,11,0,0,a-07-90.pdf
0,0,1,1,6,6,2,0,0,79.6796875,0,0,1,1,1,1,1,0,2,1,1,1,0,0,6,13,1,0,careletts.pdf
0,0,3,3,143,143,25,0,0,203.4013671875,0,0,1,3,3,2,2,2,107,2,2,57,2,2,143,11,0,0,bookish.pdf
0,0,2,2,25,25,6,0,0,10.6845703125,0,1,4,2,2,1,4,1,11,1,1,24,1,0,25,12,0,0,rr-05-71.pdf
0,0,2,2,34,34,7,0,0,19.234375,0,1,2,3,2,1,2,1,37,1,1,52,1,3,34,15,0,0,overview_fr.pdf
1,0,2,2,656,656,60,0,0,356.8916015625,0,1,32,2,2,1,35,1,71,1,1,122,1,10,656,10,0,0,i1120f.pdf
0,0,2,0,451,451,137,0,0,180.7451171875,0,0,4,2,2,1,90,2,138,1,2,148,2,0,451,10,0,0,f1120s.pdf
0,0,2,2,22,22,5,0,0,11.0732421875,0,1,1,3,2,1,1,1,18,1,1,31,1,0,22,34,0,0,sample_ article_ 28_ statement.pdf
0,0,3,0,77,77,70,0,0,103.3935546875,0,0,3,3,3,0,21,3,40,0,3,9,1,0,77,21,0,0,f720cs_accessible.pdf
2,3,1,2,319,319,81,0,0,94.24609375,0,0,2,4,1,1,49,3,220,1,2,75,1,47,319,20,0,1,f6197_accessible.pdf
0,0,2,2,88,88,8,1,0,49.8720703125,0,1,3,2,2,1,3,2,83,1,1,19,1,0,88,12,0,0,rr-02-73.pdf
0,0,2,2,60,60,22,0,0,66.234375,0,1,19,3,2,1,19,1,15,2,1,49,1,0,60,11,0,0,n-10-82.pdf
0,0,2,2,82,82,41,0,0,74.2998046875,0,1,4,3,2,0,15,1,67,1,1,66,1,0,82,17,0,0,cp523_english.pdf
0,0,2,2,39,39,11,0,0,24.6455078125,0,1,7,2,2,1,7,1,15,1,1,40,1,0,39,11,0,0,n-05-94.pdf
0,0,2,2,29,29,6,0,0,56.6279296875,0,1,1,2,2,1,1,1,20,1,1,23,1,0,29,12,0,0,f886haoc.pdf
0,0,2,2,139,139,29,0,0,151.859375,0,1,5,2,2,1,8,1,51,1,1,87,1,2,139,10,0,0,i990sl.pdf
0,0,3,0,272,272,264,0,0,197.3017578125,0,0,4,3,3,0,199,3,221,0,3,69,1,0,272,20,0,0,f5713_accessible.pdf
0,0,1,1,13,13,7,0,0,254.9931640625,0,0,3,1,1,1,3,1,5,1,1,3,1,0,13,12,1,0,conldint.pdf
0,0,2,2,129,129,58,0,0,114.6591796875,0,1,2,2,2,1,42,2,93,1,1,51,1,28,129,11,0,0,DS-0064.pdf
0,0,2,2,25,25,8,0,0,16.4716796875,0,1,3,3,2,1,3,1,19,1,1,23,1,0,25,11,0,0,n-12-52.pdf
0,0,2,2,26,26,14,0,0,86.4482421875,0,1,1,2,2,1,2,1,25,1,1,5,1,0,26,16,0,0,boardoftrust.pdf
0,0,2,2,27,27,15,0,0,88.57421875,0,1,1,2,2,1,2,1,26,1,1,5,1,0,27,14,0,0,califstate.pdf
0,0,2,0,45,45,39,0,0,140.2255859375,0,1,3,2,2,0,4,2,17,0,2,4,1,0,45,36,0,0,bsa_letter_regarding_exemption_5.pdf
0,0,1,1,17,17,3,0,0,28.029296875,0,0,3,1,1,1,3,1,6,1,1,7,0,0,17,11,0,0,n-99-18.pdf
0,0,2,0,35,35,31,0,0,121.45703125,0,1,2,2,2,0,3,2,13,0,2,2,1,0,35,22,0,0,advertiser_company.pdf
0,0,2,2,55,55,18,0,0,113.056640625,0,1,3,2,2,1,3,2,31,1,1,55,0,0,55,9,0,0,p3223.pdf
0,0,2,2,11,11,3,0,0,31.4091796875,0,1,1,2,2,1,1,2,4,1,1,0,0,0,11,12,1,0,collrcpc.pdf
0,0,1,1,9,9,4,0,0,26.962890625,0,0,1,1,1,1,1,1,11,1,1,0,1,0,9,12,1,0,combenpa.pdf
0,0,2,2,178,178,119,0,0,304.4794921875,0,1,37,3,2,1,37,1,101,1,1,73,1,1,178,12,0,0,asfr-pia.pdf
0,0,2,2,66,66,19,0,0,64.5947265625,0,1,12,2,2,1,12,1,23,1,1,75,1,0,66,16,0,0,rp-07-72.doc.pdf
0,0,2,2,11,11,3,0,0,22.169921875,0,1,1,2,2,1,1,2,4,1,1,0,0,0,11,10,1,0,bscinc.pdf
0,0,2,2,121,121,46,0,0,74.3896484375,0,1,6,5,2,1,6,1,96,1,1,131,1,2,121,23,0,0,f1099i11_accessible.pdf
0,0,2,2,149,149,15,1,0,69.5712890625,0,1,8,2,2,1,8,2,105,1,1,40,1,0,149,11,0,0,n-02-36.pdf
0,0,2,2,79,79,23,0,0,41.7861328125,0,1,20,2,2,1,20,1,13,1,1,50,1,0,79,11,0,0,n-05-48.pdf
0,0,2,0,33,33,30,0,0,191.3671875,0,1,1,2,2,0,2,2,10,0,2,1,1,0,33,17,0,0,citrix_online.pdf
2,3,2,2,119,119,15,2,0,32.873046875,0,0,3,2,2,2,12,2,85,2,2,36,2,51,119,19,0,1,form4564_9-2006.pdf
0,0,2,2,11,11,3,0,0,21.8916015625,0,1,1,2,2,1,1,2,4,1,1,0,0,0,11,10,1,0,aplltd.pdf
0,0,2,2,27,27,10,0,0,20.65234375,0,1,4,3,2,1,4,1,21,1,1,35,1,0,27,12,0,0,rr-08-20.pdf
0,0,2,2,135,135,9,1,0,73.8076171875,0,1,3,2,2,1,3,2,125,1,1,27,1,0,135,11,0,0,a-03-74.pdf
0,0,1,1,33,33,9,0,0,11.17578125,0,0,7,1,1,1,8,1,5,1,1,13,0,0,33,11,0,0,n-98-17.pdf
0,0,2,2,128,128,27,0,0,124.3759765625,0,1,2,2,2,1,6,1,62,1,1,88,1,6,128,11,0,0,i1099sa.pdf
0,0,2,2,17,17,6,0,0,11.0634765625,0,1,2,3,2,1,2,1,14,1,1,12,1,0,17,11,0,0,n-10-25.pdf
0,0,2,2,38,38,11,0,0,30.947265625,0,1,3,3,2,1,3,1,34,1,1,66,1,1,38,12,0,0,medr-pia.pdf
1,2,2,2,534,534,93,0,0,275.5185546875,0,1,2,2,2,1,72,30,553,1,1,103,1,78,534,20,0,1,f8883_accessible.pdf
0,0,3,4,768,768,74,0,0,189.7744140625,0,0,26,6,3,2,52,4,721,2,4,93,2,6,768,37,0,0,tech_guid_phoneforum_presentation.pdf
1,0,1,1,93,93,23,0,0,226.7021484375,0,0,22,1,1,1,22,1,20,1,1,61,0,0,93,13,0,0,63fr25394.pdf
0,0,2,2,37,37,10,0,0,20.3134765625,0,1,8,2,2,1,8,1,11,1,1,28,1,0,37,12,0,0,rr-05-19.pdf
0,0,3,0,167,167,112,0,0,114.2568359375,0,0,48,3,3,1,0,3,12,1,3,0,2,1,167,33,0,0,2010-2011_pgp_year_end_update.pdf
0,0,2,2,83,83,23,1,0,66.1279296875,0,1,22,2,2,1,22,2,11,1,1,43,0,0,83,12,0,0,rp-02-43.pdf
0,0,2,2,31,31,7,0,0,16.0966796875,0,1,5,2,2,1,5,2,12,1,1,19,0,0,31,11,0,0,n-99-51.pdf
0,0,2,2,24,24,7,0,0,18.0986328125,0,1,4,3,2,1,4,1,11,2,1,14,1,0,24,11,0,0,n-11-39.pdf
0,0,3,0,124,124,116,0,0,143.7392578125,0,0,4,3,3,0,58,3,79,0,3,22,1,0,124,21,0,0,f1041n_accessible.pdf
0,0,1,1,20,20,4,0,0,30.5849609375,0,0,1,1,1,1,1,1,20,1,1,34,0,0,20,13,0,0,66fr48648.pdf
0,0,2,2,12,12,4,0,0,22.62890625,0,1,1,2,2,1,1,2,5,1,1,0,1,0,12,12,1,0,blurgeso.pdf
0,0,2,2,186,186,68,0,0,387.6328125,0,1,34,2,2,1,40,1,48,1,1,153,1,0,186,13,0,0,02eounrel.pdf
0,0,2,2,36,36,24,0,0,87.6748046875,0,1,1,2,2,1,2,1,37,1,1,5,1,0,36,13,0,0,aagmanage.pdf
0,0,1,1,6,6,2,0,0,80.5810546875,0,0,1,1,1,1,1,0,2,1,1,1,0,0,6,11,1,0,aarizon.pdf
0,0,2,2,30,30,9,0,0,43.8046875,0,1,3,2,2,1,3,8,13,1,1,27,1,0,30,12,0,0,rr-03-76.pdf
0,0,2,0,24,24,21,0,0,37.349609375,0,1,1,2,2,0,1,2,7,0,2,1,1,0,24,8,0,0,Alex.pdf
0,0,1,1,6,6,2,0,0,84.197265625,0,0,1,1,1,1,1,0,2,1,1,1,0,0,6,12,1,0,buckscol.pdf
0,0,1,1,6,6,2,0,0,61.0107421875,0,0,1,1,1,1,1,0,2,1,1,1,0,0,6,12,1,0,consland.pdf
0,0,2,0,138,138,40,0,0,86.1357421875,0,0,2,2,2,1,6,2,47,1,2,90,2,0,138,9,0,0,f2441.pdf
0,0,2,2,82,82,12,0,0,58.787109375,0,1,3,2,2,1,3,2,20,1,1,45,1,0,82,7,0,0,233.pdf
0,0,2,2,68,68,19,0,0,44.462890625,0,1,14,2,2,1,14,1,19,1,1,62,1,0,68,11,0,0,n-11-97.pdf
0,0,1,1,47,47,11,0,0,60.068359375,0,0,11,1,1,1,11,1,14,1,1,39,0,0,47,12,0,0,93nf01rp.pdf
0,0,1,1,6,6,2,0,0,69.8583984375,0,0,1,1,1,1,1,0,2,1,1,1,0,0,6,11,1,0,allport.pdf
0,0,2,0,107,107,101,0,0,143.09765625,0,1,4,2,2,0,0,2,54,0,2,0,1,0,107,17,0,0,cp503_russian.pdf
0,0,2,2,27,27,15,0,0,79.19140625,0,1,1,2,2,1,2,1,26,1,1,5,1,0,27,12,0,0,apparitl.pdf
0,0,2,2,46,46,18,0,0,44.2333984375,0,1,6,3,2,1,6,1,42,1,1,52,1,1,46,12,0,0,1446-pia.pdf
0,0,2,2,49,49,16,0,0,183.1044921875,0,0,1,2,2,2,2,2,32,2,2,88,3,0,49,24,0,0,Tagalog_CNAstatement.pdf
0,0,2,2,11,11,3,0,0,30.5048828125,0,1,1,2,2,1,1,2,4,1,1,0,0,0,11,10,1,0,abisol.pdf
0,0,2,2,142,142,25,0,0,152.4677734375,0,1,4,2,2,1,7,1,44,1,1,81,1,1,142,9,0,0,i8609.pdf
0,0,3,4,127,127,54,0,0,90.3017578125,0,0,2,4,3,2,26,3,143,2,2,129,2,29,126,11,0,0,f8453ex.pdf
0,0,3,4,116,116,33,0,0,243.2197265625,0,0,15,6,3,2,17,4,84,2,4,77,2,3,116,26,0,0,sep_phoneforum_handout.pdf
0,0,2,2,36,36,10,0,0,24.9091796875,0,1,7,2,2,1,7,1,11,1,1,27,1,0,36,12,0,0,rr-06-01.pdf
0,0,2,2,54,54,16,0,0,27.8994140625,0,1,11,2,2,1,11,1,19,1,1,37,1,0,54,12,0,0,rr-07-56.pdf
0,0,3,0,67,67,57,0,0,110.408203125,0,0,6,3,3,0,21,3,42,0,3,11,1,0,67,25,0,0,f5498esa12_accessible.pdf
0,0,2,2,26,26,5,0,0,11.1494140625,0,1,3,2,2,1,3,1,15,1,1,43,1,0,26,11,0,0,n-05-49.pdf
0,0,2,2,59,59,16,0,0,30.4677734375,0,1,14,2,2,1,14,1,13,1,1,44,1,0,59,11,0,0,n-09-48.pdf
0,0,2,2,11,11,3,0,0,22.2763671875,0,1,1,2,2,1,1,2,4,1,1,0,0,0,11,12,1,0,clipshow.pdf
0,0,2,2,102,102,36,0,0,64.8828125,0,1,6,5,2,1,6,1,86,1,1,101,1,2,102,23,0,0,f1099p11_accessible.pdf
0,0,2,2,33,33,8,0,0,19.2626953125,0,1,5,2,2,2,5,1,14,2,1,36,1,0,33,12,0,0,rp-04-67.pdf
0,0,2,2,30,30,8,0,0,15.9306640625,0,1,5,2,2,1,5,1,13,1,1,28,1,0,30,11,0,0,n-09-93.pdf
0,0,1,1,29,29,7,0,0,10.533203125,0,0,7,1,1,1,7,1,6,1,1,11,0,0,29,12,0,0,not97-68.pdf
0,0,2,0,34,34,31,0,0,173.1611328125,0,1,1,2,2,0,2,2,10,0,2,1,1,0,34,16,0,0,bk_entertain.pdf
0,0,1,1,6,6,2,0,0,69.7822265625,0,0,1,1,1,1,1,0,2,1,1,1,0,0,6,12,1,0,alportco.pdf
0,0,2,2,11,11,3,0,0,22.248046875,0,1,1,2,2,1,1,2,4,1,1,0,0,0,11,12,1,0,chrtcome.pdf
0,0,2,0,22,22,19,0,0,39.123046875,0,1,1,2,2,0,0,2,7,0,2,1,1,0,22,29,0,0,Embassy_Specific_Info_CDJ.pdf
0,0,2,2,46,46,17,0,0,299.623046875,0,1,8,2,2,1,8,2,11,1,1,0,0,0,46,17,0,0,cablepetition.pdf
0,0,2,2,45,45,20,0,0,98.353515625,0,1,2,2,2,1,2,1,22,1,1,60,1,0,45,25,0,0,ir-2011-14_vietnamese.pdf
0,0,3,0,43,43,37,0,0,41.12890625,0,0,2,3,3,0,16,3,19,0,3,9,2,0,43,20,0,0,f9325_accessible.pdf
0,0,5,0,51,51,45,0,0,76.357421875,0,0,1,6,5,0,5,5,33,0,5,3,4,0,51,11,0,0,f9465sp.pdf
0,0,3,4,81,81,14,0,0,32.3662109375,0,0,2,6,3,2,4,4,74,2,4,32,2,0,81,45,0,0,us_belgium_agreement_identifying_pensions.pdf
0,0,4,4,78,78,26,0,0,69.494140625,0,0,14,4,4,3,14,3,27,3,3,77,3,0,78,9,0,0,p1468.pdf
0,0,2,2,123,123,31,0,0,95.703125,0,1,28,2,2,1,29,2,34,1,1,92,1,1,123,14,0,0,eotopicg01.pdf
0,0,1,1,139,139,21,1,0,134.87890625,0,0,13,1,1,1,1,1,77,1,1,33,0,55,139,20,0,0,Andrew_Dickerson.pdf
0,0,2,2,72,72,6,1,0,40.4443359375,0,1,2,2,2,1,2,2,71,1,1,10,1,0,72,12,0,0,rr-03-08.pdf
0,0,2,2,60,60,17,0,0,28.033203125,0,1,15,2,2,1,15,1,11,1,1,35,1,0,60,11,0,0,n-05-76.pdf
0,0,4,4,213,213,95,0,0,87.0703125,0,0,2,5,4,3,78,3,207,3,3,50,3,76,213,11,0,0,f8849s5.pdf
0,0,2,2,40,40,28,0,0,97.7080078125,0,1,1,2,2,1,2,1,41,1,1,5,1,0,40,10,0,0,adaptl.pdf
0,0,1,1,35,35,8,0,0,50.771484375,0,0,2,1,1,1,2,1,34,1,1,59,0,1,35,13,0,0,69fr77636.pdf
0,0,2,2,75,75,16,0,0,82.0888671875,0,1,1,2,2,1,2,1,64,1,1,14,1,0,75,12,0,0,acornpub.pdf
0,0,2,2,27,27,20,0,0,349.203125,0,1,1,2,2,0,1,1,15,1,1,0,1,0,27,9,0,0,p4736.pdf
0,0,1,1,21,21,3,0,0,16.4482421875,0,0,1,1,1,1,1,1,4,1,1,9,0,0,21,34,0,0,Anthony_BIanciella_Photography.pdf
0,0,1,1,6,6,2,0,0,75.7236328125,0,0,1,1,1,1,1,0,2,1,1,1,0,0,6,12,1,0,arkamind.pdf
0,0,2,2,29,29,10,0,0,25.953125,0,1,6,3,2,1,6,1,22,1,1,26,1,0,29,19,0,0,joint_board_faq.pdf
0,0,1,1,5,5,1,0,0,1.1142578125,0,0,1,1,1,1,1,1,2,1,1,0,0,0,5,24,1,0,purepdf_drawingpaths.pdf
0,0,1,1,6,6,2,0,0,74.13671875,0,0,1,1,1,1,1,0,2,1,1,1,0,0,6,12,1,0,agisofic.pdf
2,3,1,2,129,129,48,0,0,204.4150390625,0,0,2,3,1,1,21,3,131,1,2,59,1,20,129,20,0,1,f8882_accessible.pdf
0,0,2,2,52,52,19,0,0,40.14453125,0,1,14,3,2,1,14,1,34,1,1,54,1,0,52,11,0,0,n-06-28.pdf
0,0,1,2,100,100,20,0,0,366.9072265625,0,0,2,3,1,1,2,2,60,1,2,35,5,0,100,9,0,0,p4227.pdf
0,0,2,2,25,25,13,0,0,83.7919921875,0,1,1,2,2,1,2,1,24,1,1,5,1,0,25,11,0,0,citigrp.pdf
0,0,3,0,54,54,48,0,0,74.271484375,0,0,2,3,3,0,2,3,25,0,3,2,1,0,54,9,0,0,f8912.pdf
0,0,2,2,63,63,19,0,0,52.791015625,0,1,11,2,2,1,12,2,9,1,1,21,0,0,63,11,0,0,n-00-11.pdf
1,1,2,2,178,178,80,0,0,66.083984375,0,0,3,2,2,2,78,2,155,2,2,88,2,50,178,10,0,1,f13657.pdf
0,0,2,2,26,26,14,0,0,75.06640625,0,1,1,2,2,1,2,1,27,1,1,5,1,0,26,16,0,0,blisscollect.pdf
0,0,2,2,105,105,20,0,0,184.228515625,0,1,1,2,2,1,2,1,93,1,1,42,1,5,105,11,0,0,bun-kat.pdf
0,0,2,2,11,11,3,0,0,27.951171875,0,1,1,2,2,1,1,2,4,1,1,0,0,0,11,9,1,0,bloom.pdf
0,0,2,2,35,35,12,0,0,24.7373046875,0,1,8,3,2,1,8,1,26,1,1,38,1,0,35,11,0,0,n-06-01.pdf
0,0,2,2,11,11,3,0,0,25.3876953125,0,1,1,2,2,1,1,2,4,1,1,0,0,0,11,12,1,0,cablwls1.pdf
0,0,2,2,33,33,9,0,0,15.1064453125,0,1,7,2,2,1,7,2,8,1,1,13,0,0,33,12,0,0,rr-99-57.pdf
0,0,2,2,110,110,18,0,0,158.51953125,0,0,4,2,2,2,9,2,132,2,2,63,1,19,110,13,0,0,76fr66758.pdf
0,0,2,2,31,31,13,0,0,366.404296875,0,1,5,2,2,1,5,1,12,1,1,0,1,0,31,54,0,0,memorandum_on_sbse_lmsb_offshore_examination_cases.pdf
0,0,2,2,11,11,3,0,0,27.7890625,0,1,1,2,2,1,1,2,4,1,1,0,0,0,11,8,1,0,anst.pdf
0,0,2,0,30,30,27,0,0,137.7177734375,0,1,1,2,2,0,2,2,10,0,2,1,1,0,30,12,0,0,beatrobo.pdf
0,0,2,0,31,31,28,0,0,152.2119140625,0,1,1,2,2,0,2,2,10,0,2,1,1,0,31,15,0,0,behance_inc.pdf
0,0,1,1,11,11,4,0,0,36.2099609375,0,0,1,1,1,1,1,1,6,1,1,11,1,0,11,19,1,0,20110105-J-King.pdf
0,0,2,2,111,111,21,0,0,120.9892578125,0,1,2,2,2,1,4,1,49,1,1,67,1,6,111,10,0,0,i4506a.pdf
0,0,2,2,328,328,42,0,0,244.4375,0,1,19,2,2,1,22,1,47,1,1,95,1,1,328,12,0,0,i1065sm3.pdf
0,0,1,1,27,27,6,0,0,14.9638671875,0,0,6,1,1,1,6,1,7,1,1,12,0,0,27,11,0,0,rr-99-5.pdf
0,0,1,1,78,78,38,0,0,43.7119140625,0,0,7,1,1,1,10,1,22,1,1,47,1,0,78,13,0,0,20070601f.pdf
0,0,2,2,41,41,17,0,0,62.9814453125,0,1,2,2,2,1,2,1,34,1,1,59,1,0,41,13,0,0,71fr76375.pdf
0,0,1,1,6,6,2,0,0,69.8974609375,0,0,1,1,1,1,1,0,2,1,1,1,0,0,6,12,1,0,batesptr.pdf
0,0,2,2,117,117,26,0,0,109.505859375,0,1,2,2,2,1,6,1,57,1,1,80,1,5,117,10,0,0,i1099q.pdf
0,0,3,6,613,613,56,0,0,252.0478515625,0,0,17,9,3,3,34,8,620,3,8,128,3,0,613,32,0,0,atat_phoneforum_presentation.pdf
0,0,2,2,128,128,93,0,0,87.5458984375,0,1,4,3,2,1,4,1,89,1,1,70,1,0,128,18,0,0,cp504b_spanish.pdf
0,0,1,1,6,6,2,0,0,65.1806640625,0,0,1,1,1,1,1,0,2,1,1,1,0,0,6,12,1,0,bullseye.pdf
0,0,2,2,128,128,21,0,0,168.935546875,0,1,1,2,2,1,2,1,92,1,1,44,1,3,128,18,0,0,boingopia_corp.pdf
0,0,3,0,59,59,53,0,0,73.826171875,0,0,2,3,3,0,8,3,32,0,3,4,1,0,59,21,0,0,f8879b_accessible.pdf
0,0,2,2,39,39,13,0,0,123.9287109375,0,1,2,2,2,1,2,2,13,1,1,30,0,0,39,13,0,0,65fr56941.pdf
0,0,2,2,27,27,15,0,0,82.30859375,0,1,1,2,2,1,2,1,28,1,1,5,1,0,27,11,0,0,colocha.pdf
2,3,3,3,104,104,24,0,0,65.634765625,0,0,2,3,3,2,11,2,81,2,2,74,2,34,104,9,0,1,f8693.pdf
0,0,2,2,121,121,21,0,0,162.681640625,0,1,1,2,2,1,2,1,90,1,1,44,1,2,121,17,0,0,brooklyn_navy.pdf
0,0,2,2,30,30,9,0,0,55.5,0,1,2,2,2,1,2,10,15,1,1,34,1,0,30,11,0,0,n-04-35.pdf
0,0,2,2,201,201,61,1,0,87.3251953125,0,1,60,2,2,1,60,2,12,1,1,80,0,0,201,11,0,0,n-01-34.pdf
0,0,2,2,77,77,33,0,0,59.3095703125,0,1,27,3,2,1,27,1,43,1,1,57,1,0,77,12,0,0,rp-09-54.pdf
0,0,2,2,39,39,10,0,0,16.2119140625,0,1,2,2,2,1,2,2,16,1,1,27,0,0,39,12,0,0,64fr3055.pdf
0,0,2,2,147,147,30,0,0,253.673828125,0,1,1,2,2,1,2,1,97,1,1,83,1,1,147,19,0,0,chiquita_brands.pdf
2,3,1,2,244,244,64,0,0,334.5751953125,0,0,6,3,1,1,30,3,333,1,2,93,1,123,244,19,0,1,f11c_accessible.pdf
0,0,2,2,51,51,13,1,0,15.10546875,0,1,1,2,2,1,1,1,36,1,1,23,1,1,51,17,0,0,29bethencourt.pdf
0,0,2,2,24,24,7,0,0,25.1025390625,0,1,4,3,2,1,4,1,11,2,1,14,1,0,24,11,0,0,a-10-56.pdf
0,0,2,2,77,77,17,0,0,58.0380859375,0,1,4,2,2,1,5,2,45,1,1,37,1,11,77,12,0,0,68fr4744.pdf
0,0,4,0,51,51,44,0,0,80.6337890625,0,0,2,5,4,0,3,4,27,0,4,3,3,0,51,12,0,0,f1120sph.pdf
0,0,2,2,298,298,18,1,0,83.4853515625,0,1,14,2,2,1,14,2,191,1,1,22,1,0,298,12,0,0,rp-02-33.pdf
0,0,2,2,11,11,3,0,0,25.904296875,0,1,1,2,2,1,1,2,4,1,1,0,0,0,11,12,1,0,built2xl.pdf
0,0,4,6,320,320,171,0,0,260.6513671875,0,0,4,9,4,3,100,7,321,35,7,183,3,64,320,8,0,0,p794.pdf
0,0,3,3,131,131,47,0,0,125.7412109375,0,0,27,3,3,4,29,2,25,4,2,63,2,0,131,11,0,0,101502f.pdf
0,0,2,2,76,76,22,0,0,52.0927734375,0,1,18,2,2,1,18,1,15,1,1,59,1,0,76,12,0,0,rr-04-82.pdf
0,0,1,1,6,6,2,0,0,78.0283203125,0,0,1,1,1,1,1,0,2,1,1,1,0,0,6,12,1,0,chikpllc.pdf
0,0,2,2,44,44,13,0,0,15.9306640625,0,1,10,2,2,1,10,2,9,1,1,14,1,0,44,13,0,0,rr-03-104.pdf
0,0,2,2,76,76,17,0,0,145.603515625,0,0,3,2,2,2,8,2,72,2,2,62,1,5,76,13,0,0,76fr78866.pdf
0,0,2,0,28,28,25,0,0,95.34765625,0,1,1,2,2,0,2,2,10,0,2,1,1,0,28,10,0,0,clever.pdf
0,0,2,2,32,32,10,0,0,22.4619140625,0,1,3,3,2,1,3,1,27,1,1,45,1,1,32,11,0,0,n-09-86.pdf
0,0,2,2,12,12,4,0,0,17.3681640625,0,1,1,2,2,1,1,2,5,1,1,0,1,0,12,12,1,0,chatelmn.pdf
0,0,2,2,144,144,23,0,0,131.681640625,0,1,4,2,2,1,6,1,45,1,1,69,1,4,144,9,0,0,i7004.pdf
0,0,3,0,99,99,91,0,0,174.626953125,0,0,4,3,3,0,42,3,67,0,3,18,1,0,99,20,0,0,f8885_accessible.pdf
0,0,2,2,54,54,28,0,0,42.7119140625,0,1,3,3,2,0,8,1,37,1,1,52,1,0,54,16,0,0,cp04_english.pdf
0,0,2,2,52,52,21,0,0,63.9775390625,0,1,3,2,2,1,3,1,37,1,1,71,1,0,52,13,0,0,70fr28231.pdf
0,0,2,2,36,36,13,0,0,29.3916015625,0,1,3,3,2,1,3,1,34,1,1,39,1,1,36,12,0,0,fplp-pia.pdf
0,0,2,2,27,27,6,0,0,11.23828125,0,1,4,2,2,1,4,1,13,1,1,34,1,0,27,12,0,0,rr-07-70.pdf
0,0,1,1,81,81,21,0,0,75.4248046875,0,0,21,1,1,1,21,1,18,1,1,56,0,0,81,15,0,0,cards_final.pdf
0,0,1,1,6,6,2,0,0,78.1806640625,0,0,1,1,1,1,1,0,2,1,1,1,0,0,6,13,1,0,ciwaboinc.pdf
0,0,1,1,6,6,2,0,0,84.4638671875,0,0,1,1,1,1,1,0,2,1,1,1,0,0,6,12,1,0,chrispub.pdf
0,0,2,2,58,58,23,0,0,49.2744140625,0,1,18,3,2,1,18,1,36,1,1,48,1,0,58,11,0,0,n-09-83.pdf
0,0,4,0,269,269,257,0,0,169.009765625,0,0,4,4,4,0,201,4,225,0,4,125,3,0,269,9,0,0,f5713.pdf
0,0,1,1,62,62,16,0,0,61.5,0,0,8,1,1,1,8,1,40,1,1,85,0,0,62,11,0,0,a-98-95.pdf
0,0,1,1,77,77,21,0,0,41.3056640625,0,0,21,1,1,1,21,1,9,1,1,31,0,0,77,12,0,0,rp-98-61.pdf
0,0,2,2,29,29,11,0,0,21.0419921875,0,1,7,3,2,1,7,1,21,1,1,17,1,0,29,11,0,0,n-10-41.pdf
0,0,4,6,69,69,23,0,0,51.9873046875,0,0,1,9,4,3,2,7,95,3,7,28,3,11,69,18,0,0,rollover_chart.pdf
0,0,1,1,59,59,16,0,0,50.1728515625,0,0,15,1,1,1,15,1,11,1,1,36,1,0,59,11,0,0,062701f.pdf
0,0,2,2,134,134,25,0,0,224.990234375,0,1,1,2,2,1,2,1,89,1,1,59,1,1,134,19,0,0,american_vision.pdf
0,0,2,2,109,109,24,0,0,208.5166015625,0,1,1,2,2,1,2,1,78,1,1,57,1,2,109,16,0,0,access_fleet.pdf
0,0,2,2,80,80,17,0,0,87.8212890625,0,1,1,2,2,1,2,1,67,1,1,22,1,0,80,8,0,0,bump.pdf
0,0,1,1,6,6,1,0,0,1.578125,0,0,1,1,1,1,1,1,3,1,1,3,0,0,6,22,1,0,purepdf_helloworld.pdf
0,0,2,2,206,206,18,1,0,77.62109375,0,1,12,2,2,1,12,2,121,1,1,36,1,0,206,12,0,0,rp-02-16.pdf
0,0,2,0,35,35,29,0,0,43.580078125,0,0,2,3,2,0,2,2,16,0,2,2,1,0,35,10,0,0,f13615.pdf
0,0,2,2,21,21,7,0,0,13.908203125,0,1,3,3,2,1,3,1,17,1,1,23,1,0,21,11,0,0,n-04-68.pdf
0,0,3,0,63,63,58,0,0,82.048828125,0,0,1,3,3,0,13,3,34,0,3,5,1,0,63,21,0,0,f941sb_accessible.pdf
0,0,2,2,34,34,10,0,0,18.517578125,0,1,2,2,2,0,2,2,13,0,1,25,0,0,34,12,0,0,63fr9419.pdf
0,0,2,2,30,30,18,0,0,76.4375,0,1,1,2,2,1,2,1,29,1,1,5,1,0,30,12,0,0,agentera.pdf
0,0,2,2,31,31,19,0,0,89.0830078125,0,1,1,2,2,1,2,1,32,1,1,5,1,0,31,12,0,0,aftelicn.pdf
0,0,2,0,43,43,37,0,0,77.478515625,0,1,4,2,2,0,4,2,15,0,2,4,1,0,43,11,0,0,92chap6.pdf
0,0,2,2,48,48,14,0,0,45.099609375,0,1,9,2,2,1,9,2,14,1,1,31,1,0,48,11,0,0,042304f.pdf
0,0,2,2,12,12,4,0,0,16.6748046875,0,1,1,2,2,1,1,2,5,1,1,0,1,0,12,12,1,0,ccvioper.pdf
0,0,1,1,6,6,2,0,0,87.1162109375,0,0,1,1,1,1,1,0,2,1,1,1,0,0,6,12,1,0,alfreduv.pdf
2,3,2,4,428,428,138,0,0,143.4345703125,0,0,1,7,2,2,107,5,375,2,5,66,2,102,428,22,0,1,f8858sm_accessible.pdf
0,0,2,2,51,51,16,0,0,64.7587890625,0,1,9,2,2,1,9,2,15,1,1,41,1,0,51,11,0,0,n-04-11.pdf
0,0,1,1,7,6,2,0,0,82.26171875,0,0,1,1,1,1,1,0,2,1,1,1,0,0,6,12,1,0,chan7odi.pdf
0,0,1,1,6,6,2,0,0,66.1953125,0,0,1,1,1,1,1,0,2,1,1,1,0,0,6,12,1,0,abebooks.pdf
0,0,2,2,25,25,13,0,0,74.8369140625,0,1,1,2,2,1,2,1,24,1,1,5,1,0,25,9,0,0,cainc.pdf
0,0,2,0,23,23,20,0,0,282.0859375,0,1,1,2,2,0,1,2,8,0,2,1,1,0,23,14,0,0,mexico_map.pdf
0,0,2,2,308,308,51,0,0,316.662109375,0,1,29,3,2,1,29,1,80,1,1,97,1,29,308,12,0,0,irb04-12.pdf
0,0,2,2,34,34,10,0,0,74.1220703125,0,1,4,2,2,1,4,2,14,1,1,30,1,0,34,12,0,0,rr-03-98.pdf
2,3,1,2,317,317,101,0,0,85.0458984375,0,0,2,3,1,1,85,3,216,1,2,148,1,84,317,20,0,1,f5712_accessible.pdf
0,0,2,2,67,67,16,1,0,26.7314453125,0,1,1,2,2,1,1,1,50,1,1,36,1,1,67,15,0,0,17markovski.pdf
0,0,2,2,48,48,15,0,0,81.703125,0,1,8,2,2,1,8,2,15,1,1,40,1,0,48,11,0,0,a-04-48.pdf
0,0,2,2,54,54,22,0,0,65.2236328125,0,1,2,2,2,1,2,2,14,1,1,0,1,0,54,7,0,0,032.pdf
0,0,2,2,23,23,6,0,0,10.8212890625,0,1,4,2,2,1,4,1,9,1,1,14,1,0,23,12,0,0,rr-07-24.pdf
0,0,1,1,6,6,2,0,0,78.306640625,0,0,1,1,1,1,1,0,2,1,1,1,0,0,6,12,1,0,atlcbbd5.pdf
0,0,2,2,34,34,15,0,0,24.9306640625,0,1,3,3,2,1,3,1,21,1,1,43,1,0,34,30,0,0,20110131-Joel-Brian-Kellum.pdf
0,0,1,1,6,6,2,0,0,55.8447265625,0,0,1,1,1,1,1,0,2,1,1,1,0,0,6,12,1,0,amadamer.pdf
0,0,1,1,6,6,2,0,0,75.5146484375,0,0,1,1,1,1,1,0,2,1,1,1,0,0,6,13,1,0,bacovisas.pdf
0,0,1,1,6,6,2,0,0,70.923828125,0,0,1,1,1,1,1,0,2,1,1,1,0,0,6,12,1,0,caclogim.pdf
0,0,3,3,83,83,31,0,0,57.50390625,0,0,2,3,3,2,15,2,74,2,2,68,2,11,83,11,0,0,f5305ra.pdf
0,0,1,1,13,13,3,1,0,30.2333984375,0,0,1,1,1,1,1,1,4,1,1,9,0,0,13,14,1,0,Brian_Hunt.pdf
0,0,2,2,59,59,14,1,0,32.0263671875,0,1,13,2,2,1,13,2,13,1,1,41,0,0,59,11,0,0,n-00-38.pdf
0,0,2,2,224,224,18,0,0,136.1220703125,0,1,1,2,2,1,2,1,242,1,1,24,1,15,224,12,0,0,anetvnet.pdf
0,0,2,2,54,54,15,0,0,24.47265625,0,1,13,2,2,1,13,1,11,1,1,33,1,0,54,12,0,0,rp-10-16.pdf
0,0,2,2,356,356,41,0,0,174.4970703125,0,1,24,3,2,1,24,1,600,1,1,82,1,107,356,45,0,0,ntatestimony_wm_oversight_econstim_061908.pdf
0,0,2,2,27,27,8,0,0,58.7763671875,0,1,2,2,2,1,2,2,13,1,1,26,1,0,27,12,0,0,rr-03-37.pdf
2,3,3,3,63,63,15,0,0,39.265625,0,0,1,3,3,2,11,2,47,2,2,41,2,13,63,10,0,1,f12256.pdf
0,0,2,2,11,11,3,0,0,22.107421875,0,1,1,2,2,1,1,2,4,1,1,0,0,0,11,10,1,0,auscab.pdf
0,0,2,2,38,38,5,1,0,30.3583984375,0,1,1,2,2,1,1,2,40,1,1,9,1,0,38,11,0,0,a-02-34.pdf
0,0,1,1,6,6,2,0,0,80.376953125,0,0,1,1,1,1,1,0,2,1,1,1,0,0,6,12,1,0,caequlog.pdf
0,0,2,2,11,11,3,0,0,31.6357421875,0,1,1,2,2,1,1,2,4,1,1,0,0,0,11,12,1,0,cccintnt.pdf
0,0,2,2,38,38,19,0,0,68.529296875,0,1,1,3,2,0,1,1,22,1,1,49,1,0,38,52,0,0,Biometric Signature Affirmation DS-160 - May2010.pdf
0,0,2,2,167,167,23,0,0,73.1201171875,0,1,2,2,2,1,3,2,227,1,1,38,1,7,167,12,0,0,68fr6678.pdf
0,0,2,2,1522,1522,21,1,0,302.2509765625,0,1,10,2,2,1,10,2,874,1,1,74,1,0,1522,11,0,0,a-03-43.pdf
2,2,3,3,98,98,18,0,0,281.2568359375,0,0,2,3,3,2,2,5,100,2,2,41,2,6,98,10,0,1,f13325.pdf
1,2,4,4,1803,1803,59,0,0,295.84375,0,0,4,4,4,3,31,51,1751,3,3,92,3,354,1803,22,0,1,f706qdt_accessible.pdf
0,0,2,2,25,25,7,0,0,19.0078125,0,1,1,3,2,1,1,1,23,1,1,53,1,0,25,21,0,0,20110105-M-Cantor.pdf
0,0,1,1,6,6,2,0,0,75.4501953125,0,0,1,1,1,1,1,0,2,1,1,1,0,0,6,11,1,0,chrmerc.pdf
0,0,2,2,25,25,6,0,0,11.4912109375,0,1,5,2,2,1,5,2,8,1,1,11,0,0,25,12,0,0,rr-00-07.pdf
0,0,2,2,30,30,18,0,0,76.291015625,0,1,1,2,2,1,2,1,29,1,1,5,1,0,30,15,0,0,ccbilleultd.pdf
0,0,2,2,28,28,7,0,0,13.2578125,0,1,5,2,2,1,5,1,11,1,1,25,1,0,28,12,0,0,rr-07-38.pdf
0,0,1,1,250,250,82,0,0,117.5146484375,0,0,70,1,1,1,73,1,10,1,1,88,0,0,250,12,0,0,rp-98-22.pdf
0,0,1,1,31,31,9,0,0,85.6982421875,0,0,3,1,1,1,3,1,17,1,1,35,0,0,31,12,0,0,se200132.pdf
0,0,3,3,84,84,25,0,0,193.0205078125,0,0,4,3,3,2,6,2,39,2,2,61,2,2,84,9,0,0,n1036.pdf
0,0,1,1,67,67,19,0,0,38.482421875,0,0,19,1,1,1,19,1,6,1,1,23,0,0,67,12,0,0,rr-98-15.pdf
0,0,2,2,30,30,18,0,0,88.2490234375,0,1,1,2,2,1,2,1,31,1,1,5,1,0,30,16,0,0,boardingarea.pdf
0,0,2,2,170,170,26,0,0,157.3154296875,0,1,5,2,2,1,8,1,54,1,1,82,1,6,170,9,0,0,i8288.pdf
0,0,1,0,26,26,18,0,0,308.208984375,0,1,6,2,1,0,6,1,10,0,1,0,1,0,26,7,0,0,apa.pdf
0,0,2,2,11,11,3,0,0,36.3984375,0,1,1,2,2,1,1,2,4,1,1,0,0,0,11,12,1,0,blcholdg.pdf
0,0,2,2,19,19,6,0,0,11.6494140625,0,1,2,3,2,1,2,1,16,1,1,22,1,0,19,11,0,0,n-06-15.pdf
0,0,1,1,6,6,2,0,0,76.142578125,0,0,1,1,1,1,1,0,2,1,1,1,0,0,6,9,1,0,bolly.pdf
0,0,1,1,36,36,10,0,0,57.546875,0,0,4,1,1,1,4,1,29,1,1,58,0,0,36,13,0,0,69fr47396.pdf
0,0,2,2,74,74,28,0,0,63.8310546875,0,1,24,3,2,1,24,1,17,2,1,65,1,0,74,12,0,0,rp-11-54.pdf
2,3,1,2,50,50,9,0,0,21.8369140625,0,0,1,3,1,1,1,2,40,1,2,29,1,7,50,20,0,1,f1117_accessible.pdf
0,0,2,2,30,30,15,0,0,77.8818359375,0,1,2,3,2,1,2,1,18,1,1,21,1,0,30,32,0,0,german_pension_fund_map_2012.pdf
0,0,2,2,21,21,5,0,0,10.9287109375,0,1,2,2,2,1,2,1,11,1,1,21,1,0,21,17,0,0,05co1120sfige.pdf
0,0,1,1,104,104,23,1,0,148.140625,0,0,13,1,1,1,1,1,58,1,1,41,0,23,104,25,0,0,27-judit-rius-sanjuan.pdf
0,0,1,1,44,44,11,0,0,29.978515625,0,0,11,1,1,1,11,1,7,1,1,17,0,0,44,12,0,0,rr-99-23.pdf
0,0,2,0,17,17,13,0,0,16.140625,0,0,1,3,2,1,1,2,11,1,2,1,2,0,17,11,0,0,ffc102a.pdf
0,0,1,1,34,34,9,0,0,52.01171875,0,0,3,1,1,1,3,1,29,1,1,57,0,0,34,13,0,0,69fr39331.pdf
0,0,2,2,47,47,18,1,0,31.0673828125,0,1,2,3,2,1,2,1,33,1,1,64,1,0,47,37,0,0,booster_club_field_directive_6-27.pdf
0,0,2,2,33,33,21,0,0,115.94921875,0,1,1,2,2,1,2,1,32,1,1,5,1,0,33,15,0,0,califchoice.pdf
0,0,2,0,16,16,13,0,0,21.9794921875,0,1,1,2,2,0,0,2,9,0,2,1,1,0,16,29,0,0,Embassy_Specific_Info_MEX.pdf
0,0,2,2,149,149,38,0,0,349.501953125,0,1,18,2,2,2,18,1,37,2,1,146,1,0,149,10,0,0,irsvtc.pdf
0,0,2,2,11,11,3,0,0,26.9814453125,0,1,1,2,2,1,1,2,4,1,1,0,0,0,11,12,1,0,catrpilr.pdf
0,0,1,1,6,6,2,0,0,60.455078125,0,0,1,1,1,1,1,0,2,1,1,1,0,0,6,11,1,0,brvetel.pdf
0,0,2,2,118,118,24,0,0,206.4794921875,0,1,1,2,2,1,2,1,89,1,1,57,1,2,118,12,0,0,art_comm.pdf
0,0,2,2,29,29,7,0,0,16.4111328125,0,1,4,2,2,1,4,1,13,1,1,34,1,0,29,11,0,0,a-11-21.pdf
0,0,2,2,304,304,46,0,0,270.9072265625,0,1,28,3,2,1,28,1,83,1,1,88,1,36,304,12,0,0,irb05-17.pdf
0,0,2,2,12,12,4,0,0,21.017578125,0,1,1,2,2,1,1,2,5,1,1,0,1,0,12,12,1,0,blumarbl.pdf
0,0,3,3,128,128,65,0,0,101.5751953125,0,0,18,3,3,4,20,2,24,4,2,47,2,0,128,11,0,0,092103f.pdf
0,0,1,1,6,6,2,0,0,94.1328125,0,0,1,1,1,1,1,0,2,1,1,1,0,0,6,12,1,0,cafephrm.pdf
0,0,2,2,213,213,7,1,0,47.2919921875,0,1,3,2,2,1,3,2,153,1,1,13,1,0,213,12,0,0,rr-02-81.pdf
0,0,2,2,20,20,4,0,0,13.6025390625,0,0,2,2,2,2,2,2,14,2,2,23,2,0,20,13,0,0,aod200503.pdf
0,0,1,1,138,138,16,0,0,110.28515625,0,0,16,1,1,1,16,1,54,1,1,141,0,0,138,12,0,0,irb96-21.pdf
0,0,1,1,23,23,3,0,0,28.9658203125,0,0,1,1,1,1,1,1,4,1,1,9,0,0,23,21,0,0,20101105-B-Hebden.pdf
0,0,1,1,6,6,2,0,0,75.6826171875,0,0,1,1,1,1,1,0,2,1,1,1,0,0,6,12,1,0,aventnet.pdf
0,0,2,2,32,32,20,0,0,75.9169921875,0,1,1,2,2,1,2,1,31,1,1,5,1,0,32,14,0,0,coppercove.pdf
0,0,2,2,33,33,8,0,0,21.541015625,0,1,6,2,2,1,6,1,13,1,1,36,1,0,33,66,0,0,2010_-_arbitration_-_board_operating_guidelines_nov_8-10_final.pdf
0,0,2,2,47,47,13,0,0,25.5361328125,0,1,10,2,2,1,10,1,13,1,1,40,1,0,47,11,0,0,n-10-79.pdf
0,0,2,2,21,21,6,0,0,40.9228515625,0,1,1,2,2,1,1,2,11,1,1,17,1,0,21,11,0,0,n-03-32.pdf
0,0,4,6,764,764,82,0,0,193.4111328125,0,0,31,9,4,3,62,7,644,3,7,103,3,4,764,35,0,0,epcrs_plancorrection_phoneforum.pdf
0,0,2,2,12,12,4,0,0,17.072265625,0,1,1,2,2,1,1,2,5,1,1,0,1,0,12,12,1,0,chrfibmi.pdf
0,0,2,2,93,93,21,0,0,96.677734375,0,1,1,2,2,1,3,1,76,1,1,28,1,0,93,10,0,0,bankof.pdf
0,0,2,2,12,12,4,0,0,21.2841796875,0,1,1,2,2,1,1,2,5,1,1,0,1,0,12,10,1,0,azchem.pdf
0,0,2,2,220,220,27,0,0,128.7470703125,0,1,4,2,2,1,7,1,49,1,1,78,1,2,220,11,0,0,iw2g_11.pdf
0,0,2,0,29,29,26,0,0,84.4365234375,0,1,1,2,2,0,2,2,9,0,2,1,1,0,29,11,0,0,camaro5.pdf
0,0,1,0,53,53,45,0,0,52.14453125,0,1,6,2,1,0,32,1,32,0,1,6,1,0,53,18,0,0,cp2501_english.pdf
0,0,2,2,36,36,13,0,0,141.3095703125,0,1,6,2,2,1,6,2,9,1,1,0,0,0,36,12,0,0,adtlcmgp.pdf
1,2,4,4,457,457,48,0,0,160.974609375,0,0,4,5,4,3,7,12,544,3,3,118,3,37,457,22,0,1,f9465sp_accessible.pdf
0,0,4,0,66,66,57,0,0,78.8408203125,0,0,4,5,4,0,17,4,43,0,4,9,3,0,66,9,0,0,f1127.pdf
0,0,3,0,73,73,66,0,0,124.8427734375,0,0,3,3,3,0,6,3,30,0,3,6,1,0,73,20,0,0,f8582_accessible.pdf
0,0,3,0,89,89,82,0,0,191.8564453125,0,0,3,3,3,0,27,3,50,0,3,27,1,0,89,21,0,0,f5884b_accessible.pdf
0,0,1,1,6,6,2,0,0,80.1904296875,0,0,1,1,1,1,1,0,2,1,1,1,0,0,6,12,1,0,clearpor.pdf
0,0,2,2,92,92,41,0,0,106.26171875,0,1,27,3,2,1,27,1,52,1,1,68,1,1,92,12,0,0,rp-08-62.pdf
0,0,2,2,29,29,17,0,0,90.2763671875,0,1,1,2,2,1,2,1,28,1,1,5,1,0,29,12,0,0,cnsltlco.pdf
1,0,3,4,284,284,87,0,0,330.619140625,0,0,54,6,3,2,55,4,150,2,4,122,2,0,284,36,0,0,determination_phoneforum_handout.pdf
0,0,3,0,102,102,95,0,0,86.4931640625,0,0,3,3,3,0,57,3,77,0,3,21,1,0,102,18,0,0,f23_accessible.pdf
0,0,2,2,137,137,13,1,0,66.3662109375,0,1,7,2,2,1,7,2,107,1,1,31,1,1,137,13,0,0,n-2005-11.pdf
0,0,2,2,26,26,14,0,0,92.552734375,0,1,1,2,2,1,2,1,25,1,1,5,1,0,26,12,0,0,alifemed.pdf
0,0,2,0,59,59,54,0,0,50.9677734375,0,1,3,2,2,0,21,2,33,0,2,9,1,0,59,16,0,0,f1040sd--dft.pdf
0,0,3,0,58,58,51,0,0,83.109375,0,0,3,3,3,0,12,3,32,0,3,6,1,0,58,20,0,0,f8831_accessible.pdf
0,0,2,2,51,51,14,0,0,37.45703125,0,1,12,2,2,1,12,2,10,1,1,20,0,0,51,11,0,0,n-00-12.pdf
0,0,2,2,22,22,5,0,0,10.5595703125,0,1,3,2,2,1,3,1,11,1,1,23,1,0,22,11,0,0,n-05-25.pdf
0,0,1,1,6,6,2,0,0,75.0263671875,0,0,1,1,1,1,1,0,2,1,1,1,0,0,6,12,1,0,astobroa.pdf
0,0,2,2,251,251,14,1,0,100.5888671875,0,1,5,2,2,1,5,14,168,1,1,53,1,0,251,12,0,0,rr-02-54.pdf
0,0,1,0,52,52,29,0,0,38.947265625,0,0,6,3,1,0,0,1,67,0,1,14,1,0,52,9,0,0,f3922.pdf
0,0,1,1,6,6,2,0,0,72.193359375,0,0,1,1,1,1,1,0,2,1,1,1,0,0,6,13,1,0,alpredazl.pdf
0,0,2,0,27,27,24,0,0,38.1708984375,0,1,1,2,2,0,2,2,18,0,2,2,1,0,27,20,0,0,f8813_accessible.pdf
0,0,1,1,27,27,6,0,0,20.3212890625,0,0,6,1,1,1,6,1,7,1,1,12,0,0,27,10,0,0,n-99-4.pdf
0,0,2,2,52,52,24,0,0,47.18359375,0,1,6,3,2,1,6,1,40,1,1,54,1,1,52,12,0,0,fmis-pia.pdf
0,0,2,2,11,11,3,0,0,35.982421875,0,1,1,2,2,1,1,2,4,1,1,0,0,0,11,10,1,0,baylor.pdf
0,0,2,2,216,216,33,0,0,165.1162109375,0,1,7,2,2,1,11,1,75,1,1,101,1,11,216,8,0,0,i943.pdf
0,0,2,2,93,93,27,0,0,38.416015625,0,1,24,2,2,1,24,1,17,1,1,62,1,0,93,12,0,0,rp-07-10.pdf
0,0,2,2,33,33,10,1,0,51.4287109375,0,1,5,2,2,1,5,2,11,1,1,21,1,0,33,12,0,0,rr-02-83.pdf
0,0,2,2,50,50,19,0,0,39.5732421875,0,1,13,3,2,1,13,1,30,1,1,43,1,0,50,11,0,0,n-05-98.pdf
0,0,2,2,24,24,6,0,0,17.3671875,0,1,3,3,2,1,3,1,13,2,1,23,1,0,24,11,0,0,n-11-42.pdf
0,0,2,0,37,37,34,0,0,196.4814453125,0,1,1,2,2,0,2,2,10,0,2,1,1,0,37,18,0,0,briarwood_tech.pdf
0,0,2,0,52,52,45,0,0,304.765625,0,1,5,2,2,0,5,2,5,0,2,5,1,0,52,36,0,0,CNA Standard Operating Procedure.pdf
0,0,2,2,39,39,11,0,0,29.7939453125,0,1,3,3,2,1,3,1,31,1,1,36,1,1,39,12,0,0,fims-pia.pdf
0,0,2,2,11,11,3,0,0,23.689453125,0,1,1,2,2,1,1,2,4,1,1,0,0,0,11,12,1,0,andvrnet.pdf
0,0,2,0,57,57,51,0,0,38.599609375,0,0,2,3,2,0,35,2,46,0,2,2,2,0,57,12,0,0,63767c12.pdf
0,0,2,2,29,29,8,0,0,20.5400390625,0,1,4,3,2,1,4,1,15,2,1,14,1,1,29,11,0,0,n-10-88.pdf
0,0,2,2,34,34,9,0,0,16.126953125,0,1,7,2,2,1,7,1,11,1,1,27,1,0,34,12,0,0,rp-08-15.pdf
0,0,3,0,127,127,119,0,0,140.9912109375,0,0,4,3,3,0,67,3,92,0,3,25,1,0,127,20,0,0,f8868_accessible.pdf
0,0,2,2,68,68,19,0,0,40.8427734375,0,1,14,2,2,1,14,1,19,1,1,67,1,0,68,12,0,0,n-06-107.pdf
0,0,2,2,67,67,35,0,0,137.28515625,0,1,1,2,2,1,1,1,40,1,1,80,1,0,67,16,0,0,cp45_russian.pdf
0,0,1,1,6,6,2,0,0,83.078125,0,0,1,1,1,1,1,0,2,1,1,1,0,0,6,12,1,0,amrfunrl.pdf
0,0,2,2,27,27,15,0,0,101.845703125,0,1,1,2,2,1,2,1,26,1,1,5,1,0,27,11,0,0,bandwci.pdf
0,0,2,2,101,101,9,1,0,48.4189453125,0,1,3,2,2,1,3,2,85,1,1,11,1,0,101,14,0,0,rr-2004-80.pdf
0,0,2,2,92,92,11,1,0,58.556640625,0,1,6,2,2,1,6,2,78,1,1,22,1,0,92,12,0,0,rp-02-24.pdf
0,0,2,2,141,141,55,0,0,87.59765625,0,1,8,5,2,1,8,1,109,1,1,148,2,2,141,23,0,0,f1099h11_accessible.pdf
0,0,2,2,33,33,21,0,0,102.7685546875,0,1,1,2,2,1,2,1,32,1,1,5,1,0,33,12,0,0,chasdrew.pdf
0,0,2,2,11,11,3,0,0,27.0556640625,0,1,1,2,2,1,1,2,4,1,1,0,0,0,11,11,1,0,arcsoft.pdf
0,0,2,2,11,11,3,0,0,25.7451171875,0,1,1,2,2,1,1,2,4,1,1,0,0,0,11,12,1,0,buckitel.pdf
0,0,2,2,30,30,8,0,0,16.072265625,0,1,5,2,2,1,5,1,11,1,1,25,1,0,30,11,0,0,n-07-72.pdf
0,0,1,1,6,6,2,0,0,70.841796875,0,0,1,1,1,1,1,0,2,1,1,1,0,0,6,12,1,0,coilsprg.pdf
0,0,2,2,69,69,10,1,0,42.380859375,0,1,6,2,2,1,6,2,56,1,1,14,1,0,69,11,0,0,n-02-59.pdf
0,0,2,2,65,65,6,1,0,52.5810546875,0,1,1,2,2,1,1,2,65,1,1,17,1,0,65,11,0,0,n-03-80.pdf
0,0,1,1,6,6,2,0,0,77.240234375,0,0,1,1,1,1,1,0,2,1,1,1,0,0,6,10,1,0,boebro.pdf
0,0,2,2,41,41,9,0,0,17.0498046875,0,1,6,2,2,1,6,2,19,1,1,49,1,0,41,11,0,0,042303f.pdf
0,0,2,2,67,67,27,0,0,53.98828125,0,1,21,3,2,1,21,1,37,1,1,41,1,0,67,12,0,0,rp-09-50.pdf
0,0,5,0,230,230,215,0,0,221.4853515625,0,0,9,6,5,0,113,5,160,0,5,16,4,0,230,23,0,0,f1040esn_accessible.pdf
0,0,2,2,11,11,3,0,0,24.55859375,0,1,1,2,2,1,1,2,4,1,1,0,0,0,11,13,1,0,chaprl_di.pdf
0,0,1,1,6,6,2,0,0,74.7890625,0,0,1,1,1,1,1,0,2,1,1,1,0,0,6,12,1,0,corecomm.pdf
0,0,2,2,24,24,7,0,0,78.7451171875,0,0,1,3,2,1,1,3,27,1,3,27,0,4,24,22,0,0,20110128-RE-Barham.pdf
0,0,2,2,39,39,12,0,0,93.384765625,0,1,4,2,2,1,4,2,17,1,1,44,1,0,39,11,0,0,044102f.pdf
0,0,2,2,202,202,66,0,0,108.1298828125,0,1,53,2,2,1,53,1,26,1,1,129,1,0,202,33,0,0,ea2a_1107_for_joint_board_pdf.pdf
0,0,1,0,87,87,66,0,0,326.1025390625,0,1,18,2,1,0,0,1,28,0,1,18,1,0,87,61,0,0,irs_advancing_e-file_study_phase_1_executive_summary_v1_3.pdf
0,0,2,2,33,33,10,0,0,68.0986328125,0,1,3,2,2,1,3,2,15,1,1,35,1,0,33,12,0,0,rp-03-46.pdf
0,0,2,2,256,256,27,0,0,306.85546875,0,1,12,2,2,1,12,1,54,1,1,81,1,10,256,12,0,0,irb11-29.pdf
0,0,2,2,40,40,16,0,0,58.7099609375,0,1,2,2,2,1,2,1,27,1,1,54,1,0,40,11,0,0,71fr624.pdf
0,0,2,2,226,226,69,0,0,135.5791015625,0,1,65,2,2,1,65,1,21,1,1,123,1,0,226,11,0,0,n-09-85.pdf
0,0,2,2,59,59,26,0,0,72.6962890625,0,1,9,3,2,1,9,1,50,1,1,66,1,1,59,12,0,0,trdb-pia.pdf
0,0,1,1,28,28,4,0,0,5.1513671875,0,0,4,1,1,1,4,1,34,1,1,6,0,16,28,25,0,0,purepdf_headerfooter2.pdf
0,0,2,0,29,29,20,0,0,16.9892578125,0,1,7,2,2,0,0,2,12,0,2,7,1,0,29,12,0,0,rp-10-23.pdf
0,0,1,1,6,6,2,0,0,73.8388671875,0,0,1,1,1,1,1,0,2,1,1,1,0,0,6,12,1,0,chobspub.pdf
0,0,4,0,42,42,37,0,0,195.9970703125,0,0,1,4,4,2,1,4,18,2,4,1,5,0,42,11,0,0,p4845ru.pdf
0,0,3,3,315,315,99,0,0,188.6650390625,0,0,94,3,3,2,94,2,19,2,2,137,2,0,315,17,0,0,reg-130266-11.pdf
0,0,1,1,167,167,52,0,0,273.1005859375,0,0,38,1,1,1,38,1,33,1,1,92,1,0,167,13,0,0,67fr45239.pdf
0,0,1,1,6,6,2,0,0,75.33984375,0,0,1,1,1,1,1,0,2,1,1,1,0,0,6,12,1,0,cochlear.pdf
0,0,3,0,33,33,27,0,0,30.8408203125,0,0,2,3,3,0,12,3,13,0,3,7,2,0,33,10,0,0,f13803.pdf
0,0,1,1,6,6,2,0,0,89.33203125,0,0,1,1,1,1,1,0,2,1,1,1,0,0,6,12,1,0,conslcom.pdf
0,0,2,2,61,61,16,0,0,28.46875,0,1,14,2,2,1,14,2,14,1,1,42,1,0,61,11,0,0,042305f.pdf
2,3,1,2,96,96,36,0,0,165.4814453125,0,0,1,3,1,1,12,3,77,1,2,50,1,12,96,20,0,1,f8881_accessible.pdf
0,0,2,2,33,33,11,0,0,30.384765625,0,1,4,3,2,1,4,1,24,1,1,47,1,0,33,41,0,0,portugal_kyc_revised_attachment_41707.pdf
0,0,2,2,55,55,25,1,0,127.0654296875,0,1,8,2,2,0,8,1,21,1,1,40,1,0,55,10,0,0,aisola.pdf
0,0,2,2,44,44,12,0,0,31.591796875,0,1,9,2,2,1,9,1,13,1,1,39,1,0,44,12,0,0,rr-09-31.pdf
0,0,2,2,98,98,10,1,0,86.435546875,0,1,3,2,2,2,3,1,85,2,1,35,1,0,98,12,0,0,rp-03-07.pdf
0,0,2,2,215,215,56,0,0,336.5078125,0,0,38,2,2,2,43,2,171,2,2,113,1,28,215,19,0,0,fcoi_final_rule.pdf
0,0,1,1,6,6,2,0,0,72.564453125,0,0,1,1,1,1,1,0,2,1,1,1,0,0,6,12,1,0,Centcomp.pdf
0,0,2,2,11,11,3,0,0,25.326171875,0,1,1,2,2,1,1,2,4,1,1,0,0,0,11,12,1,0,airwavew.pdf
0,0,1,1,40,40,12,0,0,60.3349609375,0,0,7,1,1,1,7,1,28,1,1,47,0,0,40,12,0,0,74fr4537.pdf
1,2,2,2,199,199,73,0,0,125.0458984375,0,1,3,3,2,1,24,1,155,1,1,199,1,21,199,20,0,1,f8892_accessible.pdf
0,0,2,2,116,116,26,0,0,109.8349609375,0,1,2,2,2,1,6,1,51,1,1,80,1,2,116,12,0,0,i1099ptr.pdf
2,3,1,2,125,125,36,0,0,49.4248046875,0,0,2,3,1,1,14,2,142,1,2,64,1,10,125,20,0,1,f5305_accessible.pdf
0,0,2,2,11,11,3,0,0,28.904296875,0,1,1,2,2,1,1,2,4,1,1,0,0,0,11,11,1,0,aperion.pdf
0,0,2,2,139,139,81,0,0,272.353515625,0,1,4,3,2,1,4,1,99,1,1,154,1,2,139,19,0,0,cp59_vietnamese.pdf
0,0,2,2,238,238,20,0,0,45.3955078125,0,1,4,2,2,1,4,1,234,1,1,44,1,1,238,11,0,0,gmf-pia.pdf
0,0,2,0,34,34,31,0,0,186.19140625,0,1,1,2,2,0,2,2,9,0,2,1,1,0,34,17,0,0,citizens_tele.pdf
0,0,3,0,57,57,51,0,0,81.736328125,0,0,2,3,3,0,8,3,29,0,3,4,1,0,57,9,0,0,f6069.pdf
0,0,2,2,47,47,12,0,0,24.1591796875,0,1,10,2,2,1,10,1,15,1,1,50,1,0,47,12,0,0,rp-05-33.pdf
0,0,2,2,44,44,12,1,0,23.0380859375,0,1,10,2,2,1,10,2,28,1,1,25,0,0,44,11,0,0,n-01-73.pdf
0,0,1,1,6,6,2,0,0,98.89453125,0,0,1,1,1,1,1,0,2,1,1,1,0,0,6,12,1,0,comuntcn.pdf
0,0,2,2,27,27,6,0,0,10.9658203125,0,1,4,2,2,1,4,1,13,1,1,34,1,0,27,12,0,0,rr-07-29.pdf
0,0,2,2,27,27,10,0,0,20.84375,0,1,4,3,2,1,4,1,21,1,1,35,1,0,27,12,0,0,rr-10-06.pdf
0,0,5,5,231,231,29,3,0,150.9521484375,0,0,2,5,5,4,4,7,154,4,4,39,4,0,231,13,0,0,n2006-110.pdf
0,0,1,1,6,6,2,0,0,73.5283203125,0,0,1,1,1,1,1,0,2,1,1,1,0,0,6,13,1,0,assjunlea.pdf
0,0,3,0,62,62,50,0,0,93.9755859375,0,0,8,5,3,0,9,3,20,0,3,9,2,0,62,13,0,0,f1099h_11.pdf
0,0,1,1,41,41,9,0,0,100.056640625,0,0,5,1,1,1,5,1,8,1,1,29,0,0,41,11,0,0,ccia-51.pdf
0,0,2,2,198,198,24,0,0,241.1318359375,0,1,1,2,2,1,2,1,162,1,1,57,1,2,198,18,0,0,chemung_county.pdf
0,0,1,1,6,6,2,0,0,87.1533203125,0,0,1,1,1,1,1,0,2,1,1,1,0,0,6,12,1,0,chinamer.pdf
0,0,2,2,136,136,25,0,0,147.8046875,0,1,4,2,2,1,7,1,42,1,1,81,1,0,136,9,0,0,i8898.pdf
0,0,2,2,53,53,25,0,0,61.791015625,0,1,8,3,2,1,8,1,44,1,1,44,1,1,53,12,0,0,rbss-pia.pdf
0,0,2,2,11,11,3,0,0,26.953125,0,1,1,2,2,1,1,2,4,1,1,0,0,0,11,12,1,0,blusprng.pdf
0,0,4,0,65,65,58,0,0,81.2177734375,0,0,2,5,4,0,18,4,44,0,4,8,3,0,65,9,0,0,f2032.pdf
0,0,2,0,33,33,30,0,0,146.5078125,0,1,1,2,2,0,2,2,10,0,2,1,1,0,33,13,0,0,aqhostllc.pdf
0,0,2,2,11,11,3,0,0,26.8681640625,0,1,1,2,2,1,1,2,4,1,1,0,0,0,11,11,1,0,compnet.pdf
0,0,2,2,141,141,11,1,0,75.826171875,0,1,6,2,2,1,6,2,125,1,1,22,1,0,141,12,0,0,rr-03-12.pdf
0,0,2,0,82,82,74,0,0,90.5,0,1,6,2,2,0,48,2,60,0,2,20,1,0,82,11,0,0,f5498sa.pdf
0,0,1,1,30,30,9,0,0,6.525390625,0,0,1,1,1,1,9,1,34,1,1,16,0,12,30,28,0,0,purepdf_registrationform.pdf
0,0,1,2,162,162,65,0,0,235.3095703125,0,0,52,3,1,1,52,2,163,1,2,115,1,0,162,29,0,0,2002-2003ComplianceReport.pdf
0,0,2,2,110,110,72,0,0,67.1025390625,0,1,2,3,2,0,8,1,76,1,1,73,1,0,110,17,0,0,cp12m_english.pdf
0,0,2,2,34,34,8,0,0,243.53125,0,0,1,3,2,1,1,3,32,1,3,48,0,4,34,30,0,0,human_embryonic_stem_cells.pdf
0,0,1,1,22,22,6,0,0,23.306640625,0,0,1,1,1,1,1,1,22,1,1,41,0,0,22,13,0,0,69fr59648.pdf
0,0,2,2,52,52,20,0,0,256.3720703125,0,1,9,2,2,1,9,2,13,1,1,0,1,0,52,16,0,0,96-5riaamemo.pdf
0,0,2,2,31,31,9,0,0,17.9033203125,0,1,6,2,2,1,6,1,9,1,1,16,1,0,31,12,0,0,rr-05-21.pdf
0,0,2,2,68,68,19,0,0,33.05859375,0,1,17,2,2,1,17,1,13,1,1,47,1,0,68,11,0,0,n-06-83.pdf
0,0,2,2,11,11,3,0,0,23.4423828125,0,1,1,2,2,1,1,2,4,1,1,0,0,0,11,12,1,0,clntmcpl.pdf
0,0,2,0,34,34,31,0,0,152.0595703125,0,1,1,2,2,0,2,2,10,0,2,1,1,0,34,13,0,0,cogentinc.pdf
0,0,2,2,41,41,16,0,0,43.0107421875,0,1,5,3,2,1,5,1,36,1,1,44,1,1,41,12,0,0,anmf-pia.pdf
0,0,2,2,134,134,38,0,0,100.189453125,0,0,38,2,2,2,38,2,12,2,2,51,0,0,134,12,0,0,p1415e93.pdf
0,0,1,1,6,6,2,0,0,83.923828125,0,0,1,1,1,1,1,0,2,1,1,1,0,0,6,12,1,0,alleghen.pdf
0,0,2,0,32,32,28,0,0,98.71484375,0,1,2,2,2,0,3,2,12,0,2,2,1,0,32,17,0,0,arkansas_tele.pdf
0,0,2,2,27,27,10,0,0,19.8046875,0,1,6,3,2,1,6,1,20,1,1,16,1,0,27,11,0,0,n-06-38.pdf
0,0,2,0,32,32,29,0,0,135.369140625,0,1,1,2,2,0,2,2,10,0,2,1,1,0,32,12,0,0,celartem.pdf
0,0,2,2,11,11,3,0,0,20.3173828125,0,1,1,2,2,1,1,2,4,1,1,0,0,0,11,12,1,0,centerpl.pdf
0,0,2,0,37,37,34,0,0,136.8701171875,0,1,1,2,2,0,1,2,18,0,2,1,2,0,37,23,0,0,CNA_flow_chartFinal.pdf
0,0,2,2,32,32,20,0,0,88.7646484375,0,1,1,2,2,1,2,1,33,1,1,5,1,0,32,19,0,0,churchcomminter.pdf
0,0,2,2,11,11,3,0,0,28.0048828125,0,1,1,2,2,1,1,2,4,1,1,0,0,0,11,8,1,0,bist.pdf
0,0,2,2,79,79,8,1,0,62.9052734375,0,1,2,2,2,1,2,2,76,1,1,26,1,0,79,12,0,0,rr-03-65.pdf
0,0,5,0,264,264,255,0,0,234.9521484375,0,0,2,6,5,0,195,5,227,0,5,143,4,0,264,9,0,0,f4562.pdf
0,0,2,2,36,36,10,0,0,26.10546875,0,1,7,2,2,1,7,1,11,1,1,27,1,0,36,12,0,0,n-06-108.pdf
0,0,2,2,29,29,11,0,0,19.9716796875,0,1,7,3,2,1,7,1,21,1,1,17,1,0,29,11,0,0,n-08-58.pdf
0,0,1,1,108,108,27,0,0,130.0126953125,0,0,27,1,1,1,27,1,25,1,1,83,0,0,108,12,0,0,99eounrl.pdf
0,0,3,0,107,107,99,0,0,81.5771484375,0,0,4,4,3,0,58,3,83,0,3,22,2,0,107,9,0,0,f2678.pdf
0,0,1,1,6,6,2,0,0,73.98046875,0,0,1,1,1,1,1,0,2,1,1,1,0,0,6,12,1,0,casevlps.pdf
0,0,2,2,51,51,39,0,0,102.8818359375,0,1,1,2,2,1,2,1,50,1,1,5,1,0,51,9,0,0,chomp.pdf
0,0,2,2,28,28,16,0,0,89.1474609375,0,1,1,2,2,1,2,1,27,1,1,5,1,0,28,9,0,0,a9com.pdf
0,0,2,2,11,11,3,0,0,25.5751953125,0,1,1,2,2,1,1,2,4,1,1,0,0,0,11,12,1,0,altschlr.pdf
0,0,2,2,69,69,21,0,0,89.0791015625,0,1,12,2,2,1,12,1,23,1,1,80,1,0,69,11,0,0,a-11-36.pdf
0,0,1,1,6,6,2,0,0,82.345703125,0,0,1,1,1,1,1,0,2,1,1,1,0,0,6,12,1,0,coachwrk.pdf
0,0,2,2,11,11,3,0,0,19.412109375,0,1,1,2,2,1,1,2,4,1,1,0,0,0,11,11,1,0,broform.pdf
0,0,2,2,41,41,29,0,0,92.7041015625,0,1,1,2,2,1,2,1,42,1,1,5,1,0,41,14,0,0,buildabear.pdf
0,0,4,0,201,201,191,0,0,142.40625,0,0,5,4,4,0,137,4,161,0,4,49,2,0,201,20,0,0,f4461_accessible.pdf
0,0,2,2,67,67,18,0,0,33.833984375,0,1,16,2,2,1,16,1,15,1,1,56,1,0,67,11,0,0,rp-05-9.pdf
0,0,1,1,6,6,2,0,0,68.529296875,0,0,1,1,1,1,1,0,2,1,1,1,0,0,6,11,1,0,babylon.pdf
2,3,1,2,107,107,37,0,0,46.62890625,0,0,2,3,1,1,15,2,94,1,2,65,1,11,107,21,0,1,f5305r_accessible.pdf
0,0,2,2,93,93,20,1,0,52.2177734375,0,1,11,2,2,1,11,2,21,1,1,48,0,3,93,11,0,0,a-01-77.pdf
0,0,2,2,27,27,15,0,0,84.9130859375,0,1,1,2,2,1,2,1,28,1,1,5,1,0,27,17,0,0,anytimehealth.pdf
0,0,2,0,15,15,12,0,0,11.2861328125,0,1,1,2,2,0,1,3,7,0,2,1,1,0,15,17,0,0,Alredo_Alaniz.pdf
0,0,1,1,95,95,27,0,0,57.8603515625,0,0,26,1,1,1,27,1,8,1,1,36,0,0,95,11,0,0,not98-4.pdf
0,0,2,2,29,29,17,0,0,98.6357421875,0,1,1,2,2,1,2,1,28,1,1,5,1,0,29,16,0,0,abovenetwork.pdf
1,1,3,3,54,54,10,0,0,36.732421875,0,0,2,3,3,2,2,2,47,2,2,29,2,14,54,9,0,1,f4421.pdf
0,0,2,2,44,44,18,0,0,54.576171875,0,1,6,3,2,1,6,1,38,1,1,50,1,1,44,16,0,0,rics-cda-pia.pdf
0,0,3,0,101,101,93,0,0,121.9052734375,0,0,4,3,3,0,38,3,66,0,3,12,1,0,101,20,0,0,f8888_accessible.pdf
0,0,2,2,88,88,54,0,0,151.1845703125,0,1,2,3,2,1,2,1,60,1,1,96,1,0,88,20,0,0,cp21b_vietnamese.pdf
0,0,1,1,6,6,2,0,0,80.73828125,0,0,1,1,1,1,1,0,2,1,1,1,0,0,6,12,1,0,cecviral.pdf
2,3,3,3,189,189,97,0,0,66.7900390625,0,0,2,3,3,2,86,2,90,2,2,77,2,58,189,11,0,1,f13614k.pdf
0,0,1,1,16,16,3,0,0,10.78515625,0,0,3,1,1,1,3,1,5,1,1,7,0,0,16,12,0,0,rp-99-30.pdf
0,0,1,1,53,53,18,1,0,87.2431640625,0,0,1,1,1,1,1,1,22,1,1,48,1,0,53,9,0,0,p4386.pdf
0,0,2,2,50,50,15,0,0,103.77734375,0,1,9,2,2,1,9,2,15,1,1,37,1,0,50,13,0,0,20032601f.pdf
0,0,2,2,210,210,154,0,0,293.3935546875,0,1,5,3,2,1,5,1,137,1,1,94,1,0,210,16,0,0,cp11_chinese.pdf
0,0,2,2,27,27,15,0,0,77.0029296875,0,1,1,2,2,1,2,1,26,1,1,5,1,0,27,16,0,0,boulderstrip.pdf
0,0,2,0,37,37,34,0,0,202.5517578125,0,1,1,2,2,0,2,2,10,0,2,1,1,0,37,19,0,0,college_prowler.pdf
0,0,2,0,34,34,31,0,0,164.0908203125,0,1,1,2,2,0,2,2,10,0,2,1,1,0,34,11,0,0,Clayton.pdf
0,0,5,0,114,114,108,0,0,195.0625,0,0,2,5,5,0,69,5,84,0,5,42,4,0,114,10,0,0,f5300q.pdf
0,0,3,0,151,151,143,0,0,140.88671875,0,0,4,3,3,0,88,3,108,0,3,32,1,0,151,19,0,0,f851_accessible.pdf
0,0,1,1,67,67,16,0,0,116.478515625,0,0,16,1,1,1,16,1,20,1,1,58,0,0,67,12,0,0,95bondpa.pdf
0,0,2,2,48,48,10,0,0,24.6650390625,0,1,8,2,2,1,8,2,23,1,1,50,1,0,48,21,0,0,076mcgivern_ascap.pdf
0,0,2,2,881,881,27,0,0,131.595703125,0,1,15,2,2,1,15,1,862,1,1,71,1,1,881,18,0,0,e-services-pia.pdf
0,0,2,2,31,31,11,0,0,16.9580078125,0,1,7,3,2,1,7,1,23,1,1,37,1,0,31,12,0,0,rp-11-37.pdf
0,0,2,2,40,40,17,0,0,55.84375,0,1,2,2,2,1,2,1,33,1,1,56,1,0,40,13,0,0,70fr53973.pdf
0,0,2,2,28,28,7,0,0,15.400390625,0,1,4,2,2,1,4,1,15,1,1,32,1,0,28,11,0,0,a-05-70.pdf
0,0,2,2,75,75,16,0,0,200.888671875,0,0,2,2,2,2,8,2,66,2,2,62,1,5,75,13,0,0,77fr18704.pdf
2,3,3,3,97,97,34,0,0,268.6982421875,0,0,2,3,3,2,15,2,76,2,2,74,2,14,97,9,0,1,f8826.pdf
0,0,1,1,6,6,2,0,0,76.408203125,0,0,1,1,1,1,1,0,2,1,1,1,0,0,6,12,1,0,allbusin.pdf
0,0,1,1,6,6,2,0,0,87.2978515625,0,0,1,1,1,1,1,0,2,1,1,1,0,0,6,11,1,0,conduit.pdf
0,0,1,1,6,6,2,0,0,75.73828125,0,0,1,1,1,1,1,0,2,1,1,1,0,0,6,12,1,0,acehardw.pdf
0,0,1,1,27,27,18,0,0,258.501953125,0,0,3,1,1,1,3,1,13,1,1,0,0,0,27,11,0,0,1233021.pdf
0,0,2,2,111,111,49,0,0,124.890625,0,1,38,3,2,1,38,1,60,1,1,88,1,0,111,11,0,0,rp-06-9.pdf
0,0,2,2,11,11,3,0,0,25.36328125,0,1,1,2,2,1,1,2,4,1,1,0,0,0,11,12,1,0,cityweyd.pdf
0,0,2,2,85,85,49,0,0,140.8779296875,0,1,13,3,2,1,13,1,31,1,1,23,1,0,85,12,0,0,rp-08-22.pdf
0,0,5,0,68,68,61,0,0,83.302734375,0,0,2,6,5,0,15,5,41,0,5,7,4,0,68,11,0,0,f1118s1.pdf
0,0,2,0,67,67,53,0,0,401.2802734375,0,1,12,2,2,0,12,2,39,0,2,12,1,0,67,9,0,0,p4334.pdf
0,0,2,2,38,38,11,0,0,15.134765625,0,1,8,2,2,1,8,2,9,1,1,12,1,0,38,12,0,0,rr-04-26.pdf
0,0,2,2,63,63,36,0,0,80.494140625,0,1,9,3,2,1,9,1,41,1,1,39,1,0,63,33,0,0,instructions-for-schedule-utp.pdf
0,0,1,1,754,754,30,0,0,195.638671875,0,0,23,1,1,1,23,1,700,1,1,68,1,0,754,36,0,0,ntatestimonyfinanceidtheft041008.pdf
0,0,1,1,6,6,2,0,0,94.865234375,0,0,1,1,1,1,1,0,2,1,1,1,0,0,6,12,1,0,buenvsta.pdf
0,0,3,0,36,36,26,0,0,39.9140625,0,0,7,3,3,1,0,3,8,1,3,0,2,0,36,13,0,0,aod201003.pdf
0,0,3,0,52,52,46,0,0,68.5361328125,0,0,2,3,3,0,8,3,30,0,3,4,1,0,52,20,0,0,f8925_accessible.pdf
0,0,1,1,6,6,2,0,0,73.26171875,0,0,1,1,1,1,1,0,2,1,1,1,0,0,6,12,1,0,amconein.pdf
0,0,2,2,28,28,7,0,0,21.4287109375,0,1,4,3,2,1,4,1,15,2,1,34,1,0,28,12,0,0,rr-11-20.pdf
0,0,2,2,45,45,15,0,0,25.7578125,0,1,3,2,2,1,3,2,17,1,1,19,1,0,45,9,0,0,i8023.pdf
0,0,3,3,47,47,19,0,0,36.2939453125,0,0,5,3,3,2,6,2,20,2,2,30,2,0,47,11,0,0,102602f.pdf
0,0,2,2,167,167,50,0,0,127.341796875,0,1,46,2,2,1,46,1,21,1,1,109,1,0,167,11,0,0,n-11-03.pdf
0,0,5,5,1055,1055,50,3,0,294.3359375,0,0,12,5,5,5,35,4,789,5,4,59,3,0,1055,12,0,0,foodtrda.pdf
0,0,2,2,11,11,3,0,0,25.0439453125,0,1,1,2,2,1,1,2,4,1,1,0,0,0,11,12,1,0,commedsf.pdf
0,0,2,2,204,204,15,0,0,44.294921875,0,1,5,2,2,1,5,1,195,1,1,55,1,1,204,11,0,0,rgs-pia.pdf
2,3,1,1,10,10,1,0,0,1.5205078125,0,0,1,1,1,1,1,1,4,1,1,3,0,0,10,23,1,1,purepdf_javascript1.pdf
0,0,1,1,10,10,2,0,0,3.35546875,0,0,1,2,1,1,1,1,3,1,1,3,0,0,10,27,1,0,purepdf_fileattachment1.pdf
0,0,2,2,45,45,13,0,0,27.6396484375,0,1,5,2,2,1,5,2,16,1,1,32,0,0,45,13,0,0,63fr15802.pdf
0,0,2,2,34,34,22,0,0,90.41015625,0,1,1,2,2,1,2,1,33,1,1,5,1,0,34,15,0,0,brostpubllc.pdf
0,0,2,2,55,55,14,0,0,382.8974609375,0,0,4,3,2,1,4,3,55,1,3,70,0,7,55,22,0,0,icspintegstatement.pdf
0,0,2,2,23,23,4,0,0,11.0302734375,0,1,2,2,2,1,2,1,15,1,1,42,1,0,23,11,0,0,a-11-37.pdf
2,3,1,2,98,98,32,0,0,170.4931640625,0,0,1,3,1,1,8,2,86,1,2,48,1,13,98,19,0,1,f952_accessible.pdf
0,0,1,1,6,6,2,0,0,70.3291015625,0,0,1,1,1,1,1,0,2,1,1,1,0,0,6,10,1,0,apxinc.pdf
0,0,2,2,60,60,31,0,0,163.0029296875,0,1,1,2,2,1,1,1,36,1,1,65,1,0,60,16,0,0,cp45_chinese.pdf
0,0,2,2,39,39,11,0,0,24.7080078125,0,1,6,3,2,1,6,1,27,1,1,16,1,1,39,12,0,0,rr-06-21.pdf
0,0,2,2,81,81,17,0,0,87.275390625,0,1,1,2,2,1,2,1,67,1,1,22,1,0,81,9,0,0,clima.pdf
0,0,2,2,33,33,9,0,0,14.7724609375,0,1,7,2,2,1,7,2,9,1,1,13,0,0,33,12,0,0,rp-99-44.pdf
0,0,1,1,6,6,2,0,0,93.94140625,0,0,1,1,1,1,1,0,2,1,1,1,0,0,6,12,1,0,centrifs.pdf
0,0,1,1,6,6,2,0,0,65.7578125,0,0,1,1,1,1,1,0,2,1,1,1,0,0,6,12,1,0,amervirt.pdf
0,0,2,2,73,73,34,0,0,60.625,0,1,2,3,2,0,9,1,56,1,1,64,1,0,73,17,0,0,cp721_spanish.pdf
0,0,2,2,82,82,19,0,0,91.7158203125,0,1,1,2,2,1,2,1,69,1,1,26,1,1,82,13,0,0,adosarllc.pdf
0,0,2,2,31,31,19,0,0,89.25,0,1,1,2,2,1,2,1,30,1,1,5,1,0,31,16,0,0,bubbanetwork.pdf
0,0,1,1,20,20,4,0,0,30.6953125,0,0,1,1,1,1,1,1,20,1,1,34,0,0,20,13,0,0,66fr49330.pdf
0,0,2,0,47,47,37,0,0,66.9365234375,0,1,8,3,2,0,0,2,8,0,2,0,1,0,47,18,0,0,11esgiftsprbul.pdf
0,0,1,1,6,6,2,0,0,80.7275390625,0,0,1,1,1,1,1,0,2,1,1,1,0,0,6,11,1,0,cdinccc.pdf
0,0,2,2,68,68,19,1,0,22.408203125,0,1,3,2,2,1,3,1,49,1,1,25,1,1,68,12,0,0,28prince.pdf
0,0,2,2,24,24,6,0,0,14.1171875,0,1,4,2,2,1,4,2,8,1,1,11,1,0,24,7,0,0,211.pdf
34,34,2,2,412,412,23,0,0,342.37890625,0,0,2,2,2,2,2,5,361,2,2,41,2,36,412,10,0,1,f13980.pdf
0,0,2,2,37,37,18,0,0,34.9619140625,0,1,2,3,2,1,2,1,23,1,1,40,1,0,37,17,0,0,cp120_spanish.pdf
0,0,2,2,11,11,3,0,0,31.9296875,0,1,1,2,2,1,1,2,4,1,1,0,0,0,11,12,1,0,bownphnx.pdf
0,0,1,1,54,54,13,0,0,36.8251953125,0,0,13,1,1,1,13,1,13,1,1,41,0,0,54,13,0,0,all-reius.pdf
0,0,2,0,457,457,450,0,0,252.5234375,0,0,3,3,2,0,384,2,405,0,2,130,1,0,457,12,0,0,f1120utp.pdf
0,0,2,2,33,33,12,0,0,55.0947265625,0,0,1,3,2,1,1,3,26,1,3,38,0,0,33,18,0,0,Charles_Parent.pdf
0,0,2,2,25,25,11,0,0,13.95703125,0,1,1,2,2,1,1,1,11,1,1,21,1,0,25,13,0,0,06cofigfs.pdf
0,0,2,2,51,51,14,0,0,30.36328125,0,1,12,2,2,1,12,2,9,1,1,20,0,0,51,11,0,0,n-00-21.pdf
0,0,3,0,621,621,615,0,0,257.3017578125,0,0,2,3,3,0,560,3,582,0,3,188,1,0,621,21,0,0,f990sk_accessible.pdf
0,0,2,2,375,375,62,0,0,361.794921875,0,1,40,3,2,1,40,1,97,1,1,108,1,45,375,12,0,0,irb04-11.pdf
0,0,1,1,6,6,2,0,0,89.5625,0,0,1,1,1,1,1,0,2,1,1,1,0,0,6,12,1,0,cmykmaga.pdf
0,0,2,0,25,25,19,0,0,32.8203125,0,0,2,3,2,0,0,2,12,0,2,0,2,0,25,10,0,0,f12203.pdf
0,0,1,1,6,6,2,0,0,78.8310546875,0,0,1,1,1,1,1,0,2,1,1,1,0,0,6,12,1,0,clrlaktc.pdf
0,0,2,2,24,24,12,0,0,58.453125,0,1,1,2,2,1,2,1,23,1,1,5,1,0,24,13,0,0,adusupllc.pdf
0,0,1,1,6,6,2,0,0,83.298828125,0,0,1,1,1,1,1,0,2,1,1,1,0,0,6,12,1,0,convonet.pdf
0,0,2,2,160,160,17,1,0,89.3671875,0,1,11,2,2,1,11,2,123,1,1,35,1,0,160,11,0,0,a-02-53.pdf
0,0,3,0,262,262,252,0,0,184.6865234375,0,0,6,3,3,0,198,3,220,0,3,70,1,0,262,19,0,0,fss8_accessible.pdf
0,0,2,0,28,28,25,0,0,140.140625,0,1,1,2,2,0,2,2,10,0,2,1,1,0,28,15,0,0,actian_corp.pdf
0,0,3,0,45,45,28,0,0,40.1201171875,0,0,1,3,3,2,15,3,40,2,3,38,3,0,45,10,0,0,f14411.pdf
0,0,2,2,43,43,14,0,0,31.265625,0,1,1,2,2,1,1,1,31,1,1,64,1,0,43,10,0,0,circ65.pdf
0,0,2,2,45,45,14,0,0,135.81640625,0,1,2,3,2,1,2,1,40,1,1,78,1,2,45,25,0,0,FAQs_on_incomin_cases.pdf
0,0,3,4,101,101,39,0,0,80.6796875,0,0,2,4,3,2,10,3,106,2,2,134,2,16,100,10,0,0,f8879c.pdf
0,0,2,2,292,292,27,0,0,241.7607421875,0,1,1,2,2,1,2,1,262,1,1,70,1,2,292,21,0,0,blue_coat_systems.pdf
2,3,2,4,792,792,374,0,0,285.5966796875,0,0,4,6,2,2,337,6,1050,2,5,61,2,329,792,17,0,1,ft_accessible.pdf
0,0,1,1,25,25,7,0,0,40.15234375,0,0,2,1,1,1,2,1,29,1,1,42,0,0,25,13,0,0,73fr64905.pdf
0,0,2,2,44,44,12,0,0,24.6279296875,0,1,9,2,2,1,9,1,13,1,1,39,1,0,44,11,0,0,n-12-29.pdf
0,0,3,0,105,105,97,0,0,141.974609375,0,0,4,3,3,0,46,3,68,0,3,18,1,0,105,22,0,0,f944xsp_accessible.pdf
0,0,4,6,237,237,65,0,0,128.8642578125,0,0,2,7,4,3,35,6,347,3,5,134,3,126,236,9,0,0,f8853.pdf
0,0,1,0,52,52,30,0,0,42.2294921875,0,0,6,3,1,0,0,1,68,0,1,15,1,0,52,13,0,0,f1099s_11.pdf
0,0,2,2,68,68,20,0,0,34.1484375,0,1,17,2,2,1,17,1,11,1,1,37,1,0,68,11,0,0,n-07-88.pdf
0,0,2,2,31,31,12,0,0,28.7998046875,0,1,6,3,2,1,6,1,23,1,1,16,1,1,31,11,0,0,n-04-67.pdf
0,0,2,2,108,108,33,0,0,54.611328125,0,1,30,2,2,1,30,1,11,1,1,50,1,0,108,12,0,0,rp-07-70.pdf
0,0,2,2,112,112,73,0,0,66.390625,0,1,2,3,2,0,9,1,76,1,1,73,1,0,112,17,0,0,cp13r_english.pdf
0,0,2,2,47,47,13,0,0,24.294921875,0,1,10,2,2,1,10,1,13,1,1,40,1,0,47,12,0,0,rp-07-33.pdf
0,0,2,2,40,40,9,1,0,24.9140625,0,1,8,2,2,1,8,2,9,1,1,22,0,0,40,11,0,0,n-00-43.pdf
0,0,1,1,6,6,2,0,0,74.76953125,0,0,1,1,1,1,1,0,2,1,1,1,0,0,6,16,1,0,agisofeurltd.pdf
0,0,3,0,59,59,49,0,0,70.4013671875,0,0,6,5,3,0,6,3,37,0,3,6,2,0,59,23,0,0,f1099a11_accessible.pdf
0,0,4,0,101,101,92,0,0,164.037109375,0,0,4,5,4,0,43,4,73,0,4,19,3,0,101,9,0,0,f8885.pdf
0,0,2,2,11,11,3,0,0,25.8671875,0,1,1,2,2,1,1,2,4,1,1,0,0,0,11,12,1,0,amasphrm.pdf
0,0,1,1,6,6,2,0,0,85.0224609375,0,0,1,1,1,1,1,0,2,1,1,1,0,0,6,12,1,0,arrivalc.pdf
0,0,2,2,28,28,7,0,0,14.1025390625,0,1,4,2,2,1,4,1,14,1,1,35,1,0,28,12,0,0,rr-10-24.pdf
0,0,2,2,11,11,3,0,0,25.958984375,0,1,1,2,2,1,1,2,4,1,1,0,0,0,11,10,1,0,bvsinc.pdf
0,0,2,0,63,63,55,0,0,179.84765625,0,1,6,2,2,0,8,2,26,0,2,6,1,0,63,10,0,0,circ40.pdf
0,0,2,2,54,54,20,0,0,49.23828125,0,1,12,3,2,1,12,1,36,1,1,65,1,0,54,11,0,0,n-10-84.pdf
0,0,2,0,34,34,31,0,0,147.93359375,0,1,1,2,2,0,2,2,10,0,2,1,1,0,34,9,0,0,Clean.pdf
3,3,1,1,430,430,55,1,0,885.52734375,0,0,9,1,1,1,24,1,497,1,1,92,1,86,430,26,0,1,RichContentorFlash (2).pdf
0,0,2,2,154,154,36,0,0,336.1025390625,0,0,17,3,2,1,17,3,236,1,3,121,0,50,154,32,0,0,DV_2013_Instructions_Turkish.pdf
0,0,2,2,11,11,3,0,0,28.0,0,1,1,2,2,1,1,2,4,1,1,0,0,0,11,12,1,0,centedcm.pdf
0,0,2,2,508,508,23,1,0,206.1552734375,0,1,5,2,2,1,5,2,423,1,1,57,1,0,508,12,0,0,fs-02-13.pdf
0,0,2,2,11,11,3,0,0,24.87890625,0,1,1,2,2,1,1,2,4,1,1,0,0,0,11,12,1,0,catwbacs.pdf
0,0,2,2,93,93,31,0,0,256.85546875,0,1,1,2,2,1,3,2,94,1,1,91,3,12,93,12,0,0,08pfsnap.pdf
0,0,2,2,29,29,17,0,0,82.7001953125,0,1,1,2,2,1,2,1,28,1,1,5,1,0,29,13,0,0,AnaquaInc.pdf
0,0,2,2,44,44,17,0,0,37.400390625,0,1,9,3,2,1,9,1,31,1,1,57,1,0,44,14,0,0,annrep2010.pdf
0,0,2,2,24,24,5,0,0,11.4580078125,0,1,3,2,2,2,3,1,12,2,1,23,1,0,24,11,0,0,n-05-61.pdf
0,0,2,2,45,45,20,0,0,77.1845703125,0,1,2,3,2,0,2,1,30,1,1,60,1,1,45,10,0,0,UVisas.pdf
0,0,2,2,11,11,3,0,0,26.2431640625,0,1,1,2,2,1,1,2,4,1,1,0,0,0,11,12,1,0,coastlcm.pdf
0,0,1,1,9,9,4,0,0,19.7666015625,0,0,1,1,1,1,1,1,11,1,1,0,1,0,9,12,1,0,branflip.pdf
0,0,2,2,96,96,27,1,0,57.9404296875,0,1,26,2,2,1,26,2,12,1,1,49,0,0,96,12,0,0,rp-01-42.pdf
0,0,2,2,18,18,4,0,0,10.7685546875,0,1,1,3,2,1,1,1,11,2,1,11,1,0,18,11,0,0,a-11-42.pdf
0,0,2,2,47,47,11,0,0,36.7197265625,0,1,8,3,2,1,8,1,19,2,1,28,1,0,47,12,0,0,rp-11-16.pdf
0,0,3,4,194,194,48,0,0,242.044921875,0,0,27,6,3,2,29,4,141,2,4,79,2,4,194,20,0,0,403b_plan_update.pdf
0,0,2,2,57,57,25,0,0,95.4677734375,0,1,7,3,2,1,7,1,48,1,1,68,1,1,57,13,0,0,rspcc-pia.pdf
0,0,2,0,43,43,40,0,0,85.677734375,0,1,1,2,2,0,24,2,35,0,2,1,1,0,43,21,0,0,ContractAppendixB.pdf
0,0,2,2,42,42,15,0,0,42.904296875,0,1,5,3,2,1,5,1,38,1,1,54,1,1,42,14,0,0,etaras-pia.pdf
0,0,2,2,30,30,16,0,0,40.7197265625,0,1,5,3,2,1,5,1,17,1,1,15,1,0,30,12,0,0,rr-12-05.pdf
0,0,3,0,77,77,70,0,0,89.4814453125,0,0,3,3,3,0,36,3,58,0,3,14,1,0,77,20,0,0,f8946_accessible.pdf
0,0,2,0,65,65,57,0,0,85.4833984375,0,1,6,2,2,0,30,2,43,0,2,14,1,0,65,10,0,0,f1099s.pdf
0,1,4,4,293,293,49,0,0,293.9091796875,0,0,6,4,4,3,31,3,268,3,3,85,3,201,293,9,0,0,f8870.pdf
0,0,3,0,195,195,187,0,0,123.8212890625,0,0,4,3,3,0,142,3,164,0,3,50,1,0,195,20,0,0,f8823_accessible.pdf
0,0,2,0,74,74,56,0,0,130.884765625,0,1,16,2,2,0,16,2,16,0,2,16,1,0,74,12,0,0,92chap13.pdf
0,0,2,2,36,36,12,0,0,119.5498046875,0,1,1,2,2,1,1,2,13,1,1,29,0,0,36,13,0,0,64fr71086.pdf
0,0,1,1,55,55,15,0,0,21.630859375,0,0,13,1,1,1,14,1,7,1,1,21,0,0,55,11,0,0,not98-7.pdf
0,0,2,2,45,45,33,0,0,80.9677734375,0,1,1,2,2,1,2,1,44,1,1,5,1,0,45,10,0,0,abinei.pdf
0,0,3,0,52,52,45,0,0,80.447265625,0,0,3,3,3,0,3,3,25,0,3,3,1,0,52,20,0,0,f8936_accessible.pdf
0,0,2,2,23,23,6,0,0,10.4443359375,0,1,3,2,2,1,3,1,13,1,1,21,1,0,23,12,0,0,rr-07-40.pdf
0,0,2,2,35,35,10,0,0,18.8056640625,0,1,2,2,2,1,2,2,15,1,1,27,0,0,35,13,0,0,63fr41599.pdf
0,0,1,1,16,16,9,0,0,136.4208984375,0,0,2,1,1,1,2,1,6,1,1,0,0,0,16,11,0,0,1233029.pdf
0,0,2,2,30,30,18,0,0,99.4599609375,0,1,1,2,2,1,2,1,31,1,1,5,1,0,30,13,0,0,coinfound.pdf
0,0,2,0,162,162,142,0,0,126.546875,0,0,11,3,2,0,81,2,146,0,2,32,2,0,162,13,0,0,f1099r_11.pdf
0,0,1,1,6,6,2,0,0,65.0341796875,0,0,1,1,1,1,1,0,2,1,1,1,0,0,6,12,1,0,acceshst.pdf
0,0,2,2,22,22,10,0,0,116.1982421875,0,1,1,2,2,1,2,1,21,1,1,5,1,0,22,12,0,0,bethelun.pdf
0,0,2,2,35,35,8,1,0,14.763671875,0,1,4,2,2,1,4,2,17,1,1,36,0,0,35,12,0,0,ir-00-79.pdf
0,0,2,2,114,114,20,0,0,185.5380859375,0,1,1,2,2,1,2,1,86,1,1,42,1,2,114,19,0,0,climate_protect.pdf
0,0,2,2,45,45,12,0,0,26.0009765625,0,1,10,2,2,1,10,1,13,1,1,40,1,0,45,12,0,0,rr-08-08.pdf
2,3,1,2,114,114,43,0,0,238.4228515625,0,0,2,3,1,1,15,3,96,1,2,67,1,14,114,20,0,1,f8826_accessible.pdf
0,0,2,2,28,28,7,0,0,13.3388671875,0,1,5,2,2,1,5,1,11,1,1,25,1,0,28,11,0,0,n-05-77.pdf
0,0,2,2,118,118,48,0,0,107.716796875,0,1,17,2,2,1,18,2,11,1,1,27,1,0,118,11,0,0,0745018.pdf
0,0,2,2,17,17,6,0,0,41.400390625,0,1,2,2,2,1,2,2,6,1,1,0,1,0,17,12,0,0,amergret.pdf
0,0,2,2,192,192,68,0,0,156.90625,0,1,8,3,2,1,8,1,165,1,1,142,1,14,192,10,0,0,p3498a.pdf
0,0,4,0,134,134,125,0,0,136.29296875,0,0,4,4,4,0,61,4,89,0,4,23,2,0,134,19,0,0,f941_accessible.pdf
0,0,2,2,135,135,8,1,0,49.1962890625,0,1,4,2,2,1,4,2,127,1,1,14,1,0,135,11,0,0,n-02-56.pdf
2,3,1,2,94,94,29,0,0,41.9287109375,0,0,2,3,1,1,7,2,79,1,2,63,1,3,94,22,0,1,f5305rb_accessible.pdf
0,0,2,2,94,94,26,0,0,45.26171875,0,1,24,2,2,1,24,2,16,1,1,59,1,0,94,11,0,0,042306f.pdf
0,0,2,2,23,23,5,0,0,14.9482421875,0,1,3,2,2,1,3,2,11,1,1,17,1,0,23,18,0,0,069hull_gorden.pdf
0,0,2,2,121,121,35,0,0,81.4150390625,0,1,33,2,2,1,33,2,14,1,1,48,1,0,121,15,0,0,112metalitz.pdf
0,0,2,2,28,28,16,0,0,84.19921875,0,1,1,2,2,1,2,1,27,1,1,5,1,0,28,12,0,0,alexaini.pdf
0,0,2,2,11,11,3,0,0,27.0166015625,0,1,1,2,2,1,1,2,4,1,1,0,0,0,11,9,1,0,arhat.pdf
0,0,3,0,66,66,60,0,0,51.5576171875,0,0,2,3,3,0,26,3,40,0,3,10,1,0,66,9,0,0,f9423.pdf
0,0,2,2,116,116,26,0,0,120.2421875,0,1,2,2,2,1,5,1,56,1,1,84,1,4,116,12,0,0,i1099ltc.pdf
0,0,1,1,6,6,2,0,0,72.275390625,0,0,1,1,1,1,1,0,2,1,1,1,0,0,6,12,1,0,brnglite.pdf
0,0,2,2,19,19,6,0,0,132.6435546875,0,0,1,3,2,0,1,3,13,1,3,21,0,0,19,20,0,0,Austin_J_Salazar.pdf
0,0,3,0,132,132,127,0,0,92.0615234375,0,0,1,3,3,0,88,3,109,0,3,30,1,0,132,21,0,0,f4506a_accessible.pdf
0,0,2,0,48,48,43,0,0,151.4228515625,0,1,3,2,2,0,0,2,9,0,2,0,1,0,48,45,0,0,bsa_response_letter_regarding_exemption_4.pdf
0,0,1,1,32,32,21,0,0,315.361328125,0,0,4,1,1,1,4,1,14,1,1,0,0,0,32,11,0,0,1233024.pdf
0,0,1,2,59,59,16,0,0,24.30078125,0,0,1,3,1,1,12,2,75,1,2,38,1,13,59,16,0,0,fbar_consent.pdf
0,0,2,2,52,52,21,0,0,43.7607421875,0,1,2,2,2,1,2,1,40,1,1,58,1,0,52,9,0,0,i8902.pdf
0,0,2,2,186,186,134,0,0,165.15234375,0,1,4,3,2,1,4,1,115,1,1,88,1,0,186,16,0,0,cp14_spanish.pdf
0,0,1,1,6,6,2,0,0,69.6767578125,0,0,1,1,1,1,1,0,2,1,1,1,0,0,6,13,1,0,artworksi.pdf
0,0,2,2,226,226,50,0,0,225.4833984375,0,0,30,3,2,3,31,2,141,3,2,146,2,27,226,23,0,0,08fallbulforcorpper.pdf
0,0,2,2,86,86,22,0,0,102.830078125,0,1,1,2,2,1,3,1,65,1,1,30,1,0,86,9,0,0,buffn.pdf
0,0,2,0,36,36,33,0,0,208.1015625,0,1,1,2,2,0,2,2,10,0,2,1,1,0,36,22,0,0,bow_wow_beach_club.pdf
0,0,2,2,30,30,18,0,0,90.2880859375,0,1,1,2,2,1,2,1,29,1,1,5,1,0,30,15,0,0,bemtradeltd.pdf
0,0,2,2,116,116,75,0,0,70.1611328125,0,1,3,3,2,1,3,1,79,1,1,99,1,0,116,17,0,0,cp712_spanish.pdf
0,0,2,2,11,11,3,0,0,26.1171875,0,1,1,2,2,1,1,2,4,1,1,0,0,0,11,12,1,0,coloscmn.pdf
0,0,3,0,137,137,127,0,0,143.6640625,0,0,8,3,3,0,86,3,100,0,3,34,2,0,137,12,0,0,f1099ltc.pdf
0,0,2,0,36,36,33,0,0,177.8955078125,0,1,1,2,2,0,2,2,9,0,2,1,1,0,36,13,0,0,accellion.pdf
0,0,2,0,113,113,107,0,0,153.1337890625,0,1,4,2,2,0,0,2,61,0,2,0,1,0,113,17,0,0,cp501_chinese.pdf
0,0,2,2,67,67,19,0,0,35.072265625,0,1,15,2,2,1,15,1,18,1,1,53,1,0,67,12,0,0,rr-12-08.pdf
0,0,2,2,37,37,10,0,0,18.3544921875,0,1,8,2,2,1,8,1,11,1,1,28,1,0,37,12,0,0,rr-07-52.pdf
0,0,3,0,118,118,110,0,0,140.9462890625,0,0,4,3,3,0,58,3,80,0,3,22,1,0,118,22,0,0,f941xpr_accessible.pdf
0,0,2,2,43,43,11,0,0,27.0048828125,0,1,8,2,2,1,8,1,15,1,1,48,1,0,43,11,0,0,n-06-65.pdf
0,0,2,2,30,30,18,0,0,85.5927734375,0,1,1,2,2,1,2,1,29,1,1,5,1,0,30,13,0,0,cenappllc.pdf
0,0,3,0,46,46,34,0,0,185.58203125,0,0,1,3,3,0,3,3,18,0,3,14,2,0,46,11,0,0,conenza.pdf
0,0,1,1,6,6,2,0,0,78.294921875,0,0,1,1,1,1,1,0,2,1,1,1,0,0,6,12,1,0,atlcbbd4.pdf
0,0,2,2,11,11,3,0,0,25.1435546875,0,1,1,2,2,1,1,2,4,1,1,0,0,0,11,12,1,0,agitoinc.pdf
0,0,2,2,35,35,11,0,0,75.041015625,0,1,2,2,2,1,2,2,19,1,1,44,1,0,35,39,0,0,characteristics_for_irs.gov_7_31_03.pdf
0,0,1,1,58,58,12,0,0,31.513671875,0,0,12,1,1,1,12,1,6,1,1,22,0,0,58,37,0,0,advanced-access-content-system-36.pdf
0,0,1,1,6,6,2,0,0,90.2080078125,0,0,1,1,1,1,1,0,2,1,1,1,0,0,6,15,1,0,comcabcomm1.pdf
0,0,3,4,77,77,36,0,0,96.4697265625,0,0,23,6,3,2,23,4,45,2,4,53,2,0,77,33,0,0,scp_cap_phoneforum_transcript.pdf
0,0,2,2,86,86,53,0,0,181.978515625,0,1,2,3,2,1,2,1,62,1,1,91,1,0,86,16,0,0,cp49_chinese.pdf
0,0,1,1,6,6,2,0,0,65.611328125,0,0,1,1,1,1,1,0,2,1,1,1,0,0,6,13,1,0,capsuninc.pdf
0,0,4,0,55,55,48,0,0,76.208984375,0,0,2,5,4,0,6,4,33,0,4,4,3,0,55,9,0,0,f8876.pdf
0,0,3,0,61,61,55,0,0,72.13671875,0,0,2,3,3,0,10,3,34,0,3,4,1,0,61,21,0,0,f8879c_accessible.pdf
0,0,2,2,26,26,14,0,0,75.583984375,0,1,1,2,2,1,2,1,27,1,1,5,1,0,26,12,0,0,atlrecor.pdf
0,0,2,2,125,125,37,0,0,73.2626953125,0,1,34,2,2,1,34,1,15,1,1,74,1,0,125,11,0,0,n-05-43.pdf
0,0,2,2,12,12,4,0,0,16.5888671875,0,1,1,2,2,1,1,2,5,1,1,0,1,0,12,12,1,0,ccvihldg.pdf
0,0,2,2,29,29,7,0,0,18.9521484375,0,1,4,2,2,1,4,1,13,1,1,34,1,0,29,11,0,0,a-11-82.pdf
0,1,2,2,122,122,49,0,0,239.94921875,0,1,2,2,2,1,33,1,108,1,1,85,1,39,122,9,0,0,f8869.pdf
0,0,2,0,27,27,24,0,0,99.7080078125,0,1,1,2,2,0,2,2,10,0,2,1,1,0,27,17,0,0,authors_guild.pdf
0,0,2,2,41,41,17,0,0,44.4375,0,1,6,3,2,1,6,1,36,1,1,34,1,1,41,11,0,0,cc1-pia.pdf
0,0,1,0,58,58,38,0,0,49.701171875,0,0,6,3,1,0,0,1,68,0,1,14,1,0,58,13,0,0,f1099b_11.pdf
0,0,2,0,51,51,45,0,0,51.609375,0,0,2,3,2,0,20,2,34,0,2,14,1,0,51,9,0,0,f9325.pdf
0,0,2,2,362,362,60,0,0,336.033203125,0,1,38,3,2,1,38,1,81,1,1,106,1,30,362,12,0,0,irb04-24.pdf
0,0,2,2,49,49,20,0,0,57.0087890625,0,1,7,3,2,1,7,1,42,1,1,56,1,1,49,12,0,0,idrs-pia.pdf
0,0,2,2,43,43,15,0,0,39.5693359375,0,1,10,3,2,1,10,1,33,1,1,40,1,1,43,11,0,0,n-08-30.pdf
0,0,2,2,68,68,23,0,0,50.880859375,0,1,17,3,2,1,17,1,43,1,1,47,1,1,68,12,0,0,rp-10-14.pdf
0,0,2,2,273,273,94,0,0,205.494140625,0,1,64,2,2,1,64,1,43,1,1,202,1,0,273,18,0,0,ea10510_for_jb.pdf
2,3,3,3,355,355,169,0,0,105.7138671875,0,0,1,4,3,2,150,2,331,2,2,77,2,129,355,9,0,1,f1139.pdf
0,0,2,2,109,109,23,0,0,221.5283203125,0,1,1,2,2,1,2,1,81,1,1,55,1,3,109,17,0,0,aaron_sanders.pdf
0,0,2,2,54,54,25,0,0,86.55859375,0,1,4,3,2,1,4,1,33,1,1,66,1,1,54,11,0,0,n-10-24.pdf
0,0,1,1,6,6,2,0,0,73.7998046875,0,0,1,1,1,1,1,0,2,1,1,1,0,0,6,13,1,0,becashcow.pdf
0,0,2,2,48,48,19,0,0,59.6240234375,0,1,3,2,2,1,3,1,43,1,1,51,1,2,48,13,0,0,74fr12544.pdf
0,0,1,1,79,79,19,0,0,126.939453125,0,0,19,1,1,1,19,1,20,1,1,61,0,0,79,12,0,0,98chrmtr.pdf
0,0,2,2,33,33,10,0,0,26.6904296875,0,1,5,3,2,1,5,1,17,2,1,38,1,0,33,11,0,0,n-11-70.pdf
0,0,2,2,28,28,6,0,0,13.6630859375,0,1,2,3,2,1,2,1,19,1,1,12,1,0,28,12,0,0,rp-09-34.pdf
0,0,1,2,69,69,18,0,0,267.8662109375,0,0,2,3,1,1,2,2,50,1,2,45,3,0,69,9,0,0,p4165.pdf
0,0,2,2,26,26,14,0,0,80.7568359375,0,1,1,2,2,1,2,1,25,1,1,5,1,0,26,12,0,0,allpetpr.pdf
0,0,2,2,334,334,49,0,0,242.0625,0,1,20,2,2,1,24,1,77,1,1,102,1,28,334,10,0,0,i990sh.pdf
0,0,2,2,42,42,12,0,0,28.2177734375,0,1,8,3,2,1,8,1,28,1,1,28,1,0,42,12,0,0,rr-09-26.pdf
0,0,4,0,78,78,71,0,0,79.8046875,0,0,2,5,4,0,26,4,56,0,4,10,3,0,78,11,0,0,f8879eo.pdf
0,0,2,2,127,127,19,0,0,125.2431640625,0,1,3,2,2,1,4,1,32,1,1,51,1,2,127,9,0,0,i8871.pdf
0,0,2,2,21,21,5,0,0,10.859375,0,1,3,2,2,1,3,2,8,1,1,10,1,0,21,7,0,0,164.pdf
0,0,2,2,61,61,20,0,0,37.4658203125,0,1,6,2,2,1,6,2,24,1,1,34,1,0,61,10,0,0,iw8exp.pdf
0,0,2,2,58,58,22,0,0,47.7158203125,0,1,14,3,2,1,14,1,36,1,1,64,1,0,58,12,0,0,rp-09-20.pdf
0,0,1,1,20,20,4,0,0,29.796875,0,0,1,1,1,1,1,1,20,1,1,34,0,0,20,13,0,0,66fr46250.pdf
0,0,1,1,94,94,22,0,0,155.826171875,0,0,22,1,1,1,22,1,29,1,1,85,0,0,94,12,0,0,94eounrl.pdf
0,0,2,2,26,26,6,0,0,15.5966796875,0,1,2,2,2,1,2,1,15,1,1,43,1,0,26,11,0,0,n-07-67.pdf
0,0,2,2,52,52,19,0,0,133.357421875,0,1,2,3,2,1,2,1,56,1,1,68,1,4,52,27,0,0,ex_parte_custody_orders.pdf
0,0,2,0,41,41,31,0,0,47.2802734375,0,1,8,2,2,0,0,2,7,0,2,0,1,0,41,30,0,0,American_Cable_Association.pdf
0,0,2,2,11,11,3,0,0,29.0439453125,0,1,1,2,2,1,1,2,4,1,1,0,0,0,11,12,1,0,conctheo.pdf
0,0,2,2,29,29,17,0,0,82.443359375,0,1,1,2,2,1,2,1,28,1,1,5,1,0,29,18,0,0,alpinelongdist.pdf
0,0,2,2,90,90,41,0,0,128.6748046875,0,1,2,2,2,1,2,1,80,1,1,112,1,0,90,11,0,0,p1600sp.pdf
0,0,2,2,293,293,69,0,0,235.4423828125,0,1,10,8,2,2,10,1,451,2,1,119,1,73,293,14,0,0,rne_fall07.pdf
0,0,2,0,52,52,49,0,0,61.6416015625,0,1,1,2,2,0,13,2,30,0,2,9,1,0,52,22,0,0,f941sbp_accessible.pdf
0,0,2,2,416,416,134,0,0,389.7763671875,0,1,116,2,2,1,116,1,46,1,1,240,1,0,416,8,0,0,dlom.pdf
0,0,2,2,601,601,27,0,0,126.6728515625,0,1,16,2,2,1,16,1,648,1,1,64,1,22,601,18,0,0,irs_foia_guide.pdf
0,0,3,0,85,85,79,0,0,84.123046875,0,0,2,3,3,0,35,3,57,0,3,13,1,0,85,20,0,0,f5308_accessible.pdf
0,0,1,1,6,6,2,0,0,85.830078125,0,0,1,1,1,1,1,0,2,1,1,1,0,0,6,12,1,0,cbscorpo.pdf
0,0,2,2,55,55,26,0,0,87.75,0,1,4,3,2,1,4,1,33,1,1,66,1,1,55,11,0,0,n-09-76.pdf
0,0,2,0,122,122,84,0,0,340.6689453125,0,1,36,2,2,0,0,2,47,0,2,36,1,0,122,29,0,0,2012HagueComplianceReport.pdf
0,0,2,2,338,338,39,0,0,86.4560546875,0,1,11,2,2,1,34,1,527,24,1,96,1,81,338,33,0,0,tc_and_stcb_q-a._09-07-10_1.5.pdf
0,0,1,1,68,68,17,0,0,74.0341796875,0,0,17,1,1,1,17,1,16,1,1,52,0,0,68,12,0,0,95govbnd.pdf
0,0,2,0,85,85,58,0,0,165.919921875,0,1,25,2,2,0,25,2,16,0,2,25,1,0,85,11,0,0,92chap8.pdf
0,0,2,2,166,166,51,0,0,354.7783203125,0,0,40,3,2,1,40,3,223,1,3,114,0,37,166,21,0,0,wine_industry_atg.pdf
0,0,2,0,147,147,142,0,0,233.5771484375,0,0,2,3,2,0,109,2,113,0,2,39,3,0,147,13,0,0,f2848ovdi.pdf
0,0,2,2,11,11,3,0,0,23.71484375,0,1,1,2,2,1,1,2,4,1,1,0,0,0,11,12,1,0,candhost.pdf
0,0,2,2,111,111,18,0,0,117.09765625,0,1,1,2,2,1,2,1,107,1,1,24,1,8,111,12,0,0,avonprod.pdf
0,0,2,2,12,12,4,0,0,22.724609375,0,1,1,2,2,1,1,2,5,1,1,0,1,0,12,12,1,0,baysthlt.pdf
0,0,2,2,82,82,17,0,0,149.20703125,0,0,3,2,2,2,8,2,80,2,2,62,1,7,82,13,0,0,76fr69288.pdf
0,0,2,2,71,71,21,0,0,39.8935546875,0,1,17,2,2,1,17,1,15,1,1,50,1,0,71,11,0,0,n-10-80.pdf
0,0,2,0,56,56,45,0,0,142.611328125,0,1,9,3,2,0,0,2,5,0,2,0,1,0,56,13,0,0,08rpscali.pdf
0,0,2,2,28,28,7,0,0,11.6494140625,0,1,5,2,2,1,5,1,11,1,1,25,1,0,28,12,0,0,rr-05-02.pdf
0,0,2,2,134,134,39,1,0,56.27734375,0,1,38,2,2,1,38,2,13,1,1,60,0,0,134,11,0,0,n-01-35.pdf
0,0,2,0,115,115,109,0,0,135.9931640625,0,1,4,2,2,0,0,2,60,0,2,0,1,0,115,20,0,0,cp259_vietnamese.pdf
0,0,2,2,29,29,17,0,0,100.5087890625,0,1,1,2,2,1,2,1,28,1,1,5,1,0,29,11,0,0,beejive.pdf
2,3,1,2,113,113,44,0,0,52.61328125,0,0,2,3,1,1,21,3,103,1,2,66,1,15,113,20,0,1,f8848_accessible.pdf
0,0,2,2,66,66,17,0,0,57.171875,0,1,2,2,2,1,5,2,44,1,1,37,1,10,66,13,0,0,68fr38630.pdf
0,0,2,2,29,29,17,0,0,88.8515625,0,1,1,2,2,1,2,1,30,1,1,5,1,0,29,11,0,0,concave.pdf
0,0,1,1,33,33,7,0,0,46.9716796875,0,0,3,1,1,1,3,1,10,1,1,27,0,0,33,25,0,0,2011013-Alex-Cummings.pdf
0,0,2,2,33,33,10,0,0,54.87890625,0,1,4,2,2,1,4,2,13,1,1,28,1,0,33,11,0,0,n-04-19.pdf
0,0,1,1,6,6,2,0,0,72.57421875,0,0,1,1,1,1,1,0,2,1,1,1,0,0,6,12,1,0,centrsrc.pdf
0,0,2,2,80,80,25,0,0,117.9970703125,0,1,17,2,2,1,17,2,17,1,1,57,1,0,80,11,0,0,n-03-70.pdf
0,0,2,2,31,31,19,0,0,87.1201171875,0,1,1,2,2,1,2,1,30,1,1,5,1,0,31,12,0,0,apperica.pdf
0,0,2,2,75,74,23,0,0,108.2421875,0,1,15,2,2,1,15,2,17,1,1,55,1,0,74,11,0,0,n-03-20.pdf
0,0,2,2,72,72,33,0,0,93.09375,0,1,17,3,2,1,17,1,41,1,1,75,1,0,72,12,0,0,rp-07-52.pdf
0,0,2,2,21,21,5,0,0,10.958984375,0,1,3,2,2,1,3,2,8,1,1,10,1,0,21,7,0,0,141.pdf
0,0,1,1,400,400,32,0,0,388.18359375,0,0,20,1,1,1,20,1,46,1,1,69,1,10,400,12,0,0,irb06-30.pdf
0,0,1,1,6,6,2,0,0,77.7529296875,0,0,1,1,1,1,1,0,2,1,1,1,0,0,6,12,1,0,advobart.pdf
0,0,2,2,42,42,9,0,0,53.4287109375,0,1,4,3,2,1,4,1,27,2,1,66,1,1,42,11,0,0,n-10-57.pdf
0,0,5,0,113,113,98,0,0,223.1767578125,0,0,2,5,5,2,55,5,86,2,5,4,4,0,113,9,0,0,f3911.pdf
0,0,2,2,20,20,8,0,0,73.673828125,0,1,1,2,2,1,2,1,19,1,1,5,1,0,20,12,0,0,beloitcl.pdf
0,0,2,2,83,83,42,0,0,73.712890625,0,1,4,3,2,0,16,1,68,1,1,66,1,0,83,17,0,0,cp623_spanish.pdf
0,0,2,2,19,19,6,0,0,129.2998046875,0,0,1,3,2,1,1,3,13,1,3,21,0,0,19,16,0,0,Carl_Bolling.pdf
0,0,1,1,6,6,2,0,0,69.8671875,0,0,1,1,1,1,1,0,2,1,1,1,0,0,6,13,1,0,arworkinc.pdf
0,0,2,2,24,24,7,0,0,48.373046875,0,1,3,2,2,1,3,2,9,1,1,11,1,0,24,11,0,0,n-03-55.pdf
2,3,1,2,109,109,31,0,0,56.1533203125,0,0,2,3,1,1,2,3,104,1,2,69,1,18,109,20,0,1,f8861_accessible.pdf
0,0,1,1,6,6,2,0,0,74.5673828125,0,0,1,1,1,1,1,0,2,1,1,1,0,0,6,12,1,0,belhacol.pdf
0,0,1,1,15,15,4,0,0,42.107421875,0,0,1,1,1,1,1,1,7,1,1,25,0,0,15,17,0,0,Charles_Guill.pdf
0,0,1,1,32,32,8,0,0,11.5703125,0,0,6,1,1,1,7,1,7,1,1,14,0,0,32,11,0,0,n-98-11.pdf
0,0,2,2,11,11,3,0,0,27.78125,0,1,1,2,2,1,1,2,4,1,1,0,0,0,11,12,1,0,blinksts.pdf
0,0,2,2,39,39,11,0,0,21.0517578125,0,1,10,2,2,1,10,2,7,1,1,14,0,0,39,12,0,0,rp-00-31.pdf
0,0,1,1,35,35,1,0,0,4.4736328125,0,0,1,1,1,1,1,1,6,1,1,0,0,0,35,33,0,0,purepdf_shadingmultiplecolors.pdf
0,0,2,2,211,211,65,0,0,221.041015625,0,1,57,2,2,1,57,1,27,1,1,139,1,0,211,11,0,0,a-12-13.pdf
0,0,2,0,21,21,18,0,0,24.8662109375,0,1,1,2,2,0,0,2,4,0,2,0,1,0,21,14,0,0,07ubgraph2.pdf
0,0,3,3,211,211,108,0,0,91.025390625,0,0,1,4,3,2,82,2,199,2,2,147,2,40,211,10,0,0,fw8ben.pdf
0,0,3,0,104,104,98,0,0,65.1376953125,0,0,2,3,3,0,65,3,79,0,3,23,1,0,104,11,0,0,f14157a.pdf
0,0,2,2,29,29,6,1,0,14.1123046875,0,1,5,2,2,1,5,2,11,1,1,26,0,0,29,11,0,0,a-01-58.pdf
0,0,2,2,11,11,3,0,0,137.708984375,0,1,1,2,2,1,1,2,4,1,1,0,0,0,11,11,1,0,benedek.pdf
0,0,2,2,35,35,14,0,0,34.7001953125,0,1,5,3,2,1,5,1,33,1,1,33,1,1,35,12,0,0,srs2-pia.pdf
0,0,2,2,29,29,8,0,0,14.2412109375,0,1,6,2,2,1,6,1,9,1,1,16,1,0,29,11,0,0,n-06-99.pdf
0,0,2,2,84,84,26,0,0,79.7734375,0,1,22,2,2,1,22,2,9,1,1,30,1,0,84,12,0,0,rp-04-11.pdf
0,0,1,1,6,6,2,0,0,79.4755859375,0,0,1,1,1,1,1,0,2,1,1,1,0,0,6,13,1,0,capcodcom.pdf
2,3,1,2,105,105,31,0,0,50.09375,0,0,2,4,1,1,8,2,83,1,2,58,1,6,105,20,0,1,f8893_accessible.pdf
1,1,3,3,351,351,143,0,0,109.490234375,0,0,2,3,3,2,125,2,299,2,2,65,2,123,351,9,0,1,f8734.pdf
0,0,3,0,165,165,156,0,0,113.48828125,0,0,5,3,3,0,113,3,135,0,3,41,1,0,165,21,0,0,f990se_accessible.pdf
0,0,2,2,53,53,14,0,0,27.3896484375,0,1,8,2,2,1,8,1,25,1,1,74,1,0,53,11,0,0,n-12-18.pdf
0,0,2,2,27,27,5,0,0,13.5322265625,0,1,2,2,2,1,2,1,17,1,1,52,1,0,27,11,0,0,a-07-63.pdf
0,0,2,2,53,53,8,1,0,61.0732421875,0,1,2,2,2,1,2,2,55,1,1,26,1,0,53,11,0,0,n-02-18.pdf
0,0,2,2,11,11,3,0,0,32.1728515625,0,1,1,2,2,1,1,2,4,1,1,0,0,0,11,12,1,0,consumjc.pdf
0,0,1,1,27,27,6,0,0,39.47265625,0,0,2,1,1,1,2,1,23,1,1,40,0,0,27,12,0,0,69fr5370.pdf
0,0,2,2,11,11,3,0,0,22.9716796875,0,1,1,2,2,1,1,2,4,1,1,0,0,0,11,12,1,0,alpenacc.pdf
0,0,1,1,6,6,2,0,0,83.18359375,0,0,1,1,1,1,1,0,2,1,1,1,0,0,6,10,1,0,accoon.pdf
0,0,2,0,35,35,27,0,0,40.365234375,0,1,6,4,2,0,6,2,15,0,2,6,1,0,35,14,0,0,f1099sa_11.pdf
1,1,2,2,975,975,494,0,0,259.9111328125,0,0,5,2,2,2,483,2,813,2,2,447,2,225,975,15,0,1,f5300--2001.pdf
0,0,1,1,6,6,2,0,0,73.8046875,0,0,1,1,1,1,1,0,2,1,1,1,0,0,6,12,1,0,bestnurs.pdf
1,1,1,1,32,32,2,0,0,15.517578125,0,0,1,1,1,1,1,1,27,1,1,29,1,7,32,13,0,1,form13751.pdf
0,0,5,0,201,201,189,0,0,142.81640625,0,0,3,6,5,0,132,5,159,0,5,90,4,0,201,8,0,0,f926.pdf
0,0,1,1,9,9,4,0,0,27.685546875,0,0,1,1,1,1,1,1,11,1,1,0,1,0,9,12,1,0,compucol.pdf
0,0,2,2,97,97,16,1,0,66.2236328125,0,1,2,2,2,1,2,2,70,1,1,34,1,0,97,11,0,0,n-02-23.pdf
0,0,2,2,31,31,19,0,0,77.3515625,0,1,1,2,2,1,2,1,30,1,1,5,1,0,31,11,0,0,araneti.pdf
0,0,2,2,48,48,36,0,0,108.0400390625,0,1,1,2,2,1,2,1,47,1,1,5,1,0,48,12,0,0,bluegolf.pdf
0,0,1,1,68,68,16,0,0,75.552734375,0,0,16,1,1,1,16,1,19,1,1,58,0,0,68,12,0,0,98eochar.pdf
0,0,2,2,11,11,3,0,0,30.09765625,0,1,1,2,2,1,1,2,4,1,1,0,0,0,11,12,1,0,amerinfo.pdf
0,0,2,2,11,11,3,0,0,20.044921875,0,1,1,2,2,1,1,2,4,1,1,0,0,0,11,10,1,0,anrsof.pdf
0,0,3,4,39,39,21,0,0,28.462890625,0,0,3,6,3,2,4,4,26,2,4,24,2,0,39,23,0,0,samplertrpquestions.pdf
0,0,2,2,156,156,25,0,0,152.2822265625,0,1,5,2,2,1,7,1,48,1,1,78,1,4,156,10,0,0,i5310a.pdf
0,0,2,2,568,568,82,0,0,400.23046875,0,1,25,4,2,1,39,1,163,1,1,198,1,28,568,12,0,0,i1040nre.pdf
0,0,2,2,532,532,40,0,0,258.888671875,0,1,13,2,2,1,18,1,254,1,1,110,1,158,532,12,0,0,iw2w3_11.pdf
0,0,2,2,67,67,27,0,0,48.7001953125,0,0,8,2,2,4,10,2,20,4,2,37,2,0,67,11,0,0,082801f.pdf
0,0,2,2,86,86,44,0,0,77.212890625,0,1,5,3,2,0,18,1,65,1,1,67,1,0,86,17,0,0,cp604_spanish.pdf
0,0,1,1,769,769,50,0,0,311.9189453125,0,0,31,2,1,1,31,1,76,1,1,92,1,29,769,12,0,0,irb05-32.pdf
0,0,2,2,30,30,9,0,0,62.912109375,0,1,2,2,2,1,2,2,15,1,1,34,1,0,30,11,0,0,a-04-57.pdf
0,0,2,2,27,27,10,0,0,22.1767578125,0,1,4,3,2,1,4,1,21,1,1,35,1,0,27,12,0,0,rr-09-20.pdf
0,0,4,4,102,102,20,0,0,130.0673828125,0,0,2,4,4,3,2,3,82,3,3,10,3,0,102,38,0,0,field_directive_dated_june_20_2012.pdf
0,0,2,0,25,25,22,0,0,70.77734375,0,1,1,2,2,0,0,2,7,0,2,1,1,0,25,29,0,0,Embassy_Specific_Info-MTL.pdf
0,0,3,0,59,59,53,0,0,74.1572265625,0,0,2,4,3,0,11,3,36,0,3,5,2,0,59,9,0,0,f8804.pdf
0,0,2,2,11,11,3,0,0,30.8720703125,0,1,1,2,2,1,1,2,4,1,1,0,0,0,11,12,1,0,cabcofam.pdf
0,0,2,2,36,36,11,0,0,26.158203125,0,1,7,3,2,1,7,1,26,1,1,37,1,0,36,12,0,0,rp-09-23.pdf
0,0,1,1,6,6,2,0,0,69.169921875,0,0,1,1,1,1,1,0,2,1,1,1,0,0,6,11,1,0,alyrica.pdf
0,0,2,2,36,36,9,0,0,16.9443359375,0,1,7,2,2,1,7,1,13,1,1,37,1,0,36,12,0,0,rp-07-59.pdf
0,0,3,3,456,456,38,0,0,139.4150390625,0,0,14,3,3,2,14,2,427,2,2,102,2,0,456,29,0,0,tebstatenewsletterjan2012.pdf
0,0,1,1,6,6,2,0,0,94.2978515625,0,0,1,1,1,1,1,0,2,1,1,1,0,0,6,12,1,0,colbycol.pdf
0,0,1,1,6,6,2,0,0,80.005859375,0,0,1,1,1,1,1,0,2,1,1,1,0,0,6,12,1,0,ausltinc.pdf
0,0,3,0,44,44,38,0,0,62.2939453125,0,0,2,3,3,0,2,3,21,0,3,2,1,0,44,21,0,0,f5305c_accessible.pdf
0,0,1,1,26,26,6,0,0,11.1474609375,0,0,6,1,1,1,6,1,6,1,1,10,0,0,26,12,0,0,rr-98-21.pdf
0,0,2,2,21,21,6,2,0,51.3427734375,0,0,2,2,2,3,2,2,14,3,2,11,3,0,21,9,0,0,bouve.pdf
0,0,2,2,34,34,10,0,0,19.08984375,0,1,7,2,2,1,7,1,9,1,1,17,1,0,34,11,0,0,n-05-86.pdf
0,0,2,2,30,30,9,1,0,50.4306640625,0,1,4,2,2,1,4,2,11,1,1,20,1,0,30,12,0,0,rr-03-17.pdf
0,0,2,2,42,42,11,0,0,20.841796875,0,1,9,2,2,1,9,1,13,1,1,39,1,0,42,13,0,0,rr-04-110.pdf
0,0,2,2,271,271,44,0,0,252.1630859375,0,1,26,3,2,1,26,1,73,1,1,86,1,26,271,12,0,0,irb05-21.pdf
0,0,1,1,6,6,2,0,0,77.3115234375,0,0,1,1,1,1,1,0,2,1,1,1,0,0,6,11,1,0,arkanst.pdf
2,3,1,2,244,244,62,0,0,112.5234375,0,0,1,4,1,1,31,3,344,1,2,78,1,128,244,20,0,1,f1139_accessible.pdf
0,0,4,0,262,262,257,0,0,149.306640625,0,0,3,5,4,0,192,4,219,0,4,64,4,0,262,18,0,0,f1120utp--2010.pdf
0,0,2,2,23,23,6,0,0,11.001953125,0,1,4,2,2,1,4,1,9,1,1,14,1,0,23,11,0,0,n-08-11.pdf
0,0,2,2,27,27,15,0,0,89.0546875,0,1,1,2,2,1,2,1,26,1,1,5,1,0,27,13,0,0,commuisic.pdf
0,0,1,1,6,6,2,0,0,84.048828125,0,0,1,1,1,1,1,0,2,1,1,1,0,0,6,12,1,0,artsnbro.pdf
0,0,1,1,30,30,9,0,0,45.806640625,0,0,2,1,1,1,2,1,32,1,1,50,0,0,30,13,0,0,74fr12092.pdf
2,3,1,2,125,125,40,0,0,53.5849609375,0,0,1,4,1,1,12,2,123,1,2,66,1,26,125,20,0,1,f2120_accessible.pdf
0,0,2,2,38,38,5,1,0,33.3916015625,0,1,1,2,2,1,1,2,40,1,1,9,1,0,38,11,0,0,n-03-28.pdf
0,0,2,2,137,137,10,1,0,73.166015625,0,1,4,2,2,1,4,2,97,1,1,28,1,0,137,12,0,0,rr-04-17.pdf
0,0,1,1,6,6,2,0,0,76.08203125,0,0,1,1,1,1,1,0,2,1,1,1,0,0,6,12,1,0,amscmeen.pdf
0,0,2,2,148,148,30,0,0,246.8837890625,0,1,1,2,2,1,2,1,100,1,1,83,1,2,148,21,0,0,campus_associates.pdf
0,0,2,2,25,25,8,0,0,15.185546875,0,1,4,3,2,1,4,1,20,1,1,24,1,0,25,11,0,0,n-06-36.pdf
0,0,1,1,6,6,2,0,0,69.6650390625,0,0,1,1,1,1,1,0,2,1,1,1,0,0,6,12,1,0,avwtelav.pdf
0,0,1,1,44,44,11,0,0,14.1416015625,0,0,11,1,1,1,11,1,7,1,1,17,0,0,44,12,0,0,rp-99-16.pdf
0,0,2,2,75,75,21,0,0,43.125,0,1,17,2,2,1,17,1,19,1,1,70,1,0,75,11,0,0,n-11-14.pdf
0,0,2,2,34,34,9,0,0,23.0419921875,0,1,7,2,2,1,7,1,11,1,1,27,1,0,34,12,0,0,rp-06-40.pdf
0,0,2,2,78,78,19,0,0,83.8603515625,0,1,1,2,2,1,2,1,62,1,1,22,1,1,78,13,0,0,agsquared.pdf
0,0,2,2,11,11,3,0,0,30.162109375,0,1,1,2,2,1,1,2,4,1,1,0,0,0,11,12,1,0,blackbrn.pdf
0,0,1,1,6,6,2,0,0,84.431640625,0,0,1,1,1,1,1,0,2,1,1,1,0,0,6,10,1,0,c4cllc.pdf
1,2,2,2,371,371,31,0,0,103.3427734375,0,1,2,2,2,1,5,31,398,1,1,71,1,50,371,20,0,1,f8233_accessible.pdf
2,3,2,4,208,208,94,0,0,96.8564453125,0,0,2,7,2,2,65,6,205,2,5,103,2,36,208,21,0,1,fw8imy_accessible.pdf
0,0,2,2,77,77,10,1,0,63.5517578125,0,1,4,2,2,1,4,2,68,1,1,28,1,0,77,10,0,0,n-03-9.pdf
0,0,3,0,48,48,42,0,0,55.3720703125,0,0,2,3,3,0,11,3,31,0,3,5,1,0,48,10,0,0,f8874b.pdf
0,0,1,1,39,39,7,0,0,50.3828125,0,0,1,1,1,1,1,1,9,1,1,33,0,0,39,18,0,0,Chiara_Ferrari.pdf
0,0,2,2,11,11,3,0,0,25.677734375,0,1,1,2,2,1,1,2,4,1,1,0,0,0,11,12,1,0,braktlib.pdf
0,0,2,2,141,141,42,0,0,88.5439453125,0,1,40,2,2,1,40,1,15,1,1,80,1,0,141,12,0,0,rp-05-16.pdf
0,0,2,2,11,11,3,0,0,27.8017578125,0,1,1,2,2,1,1,2,4,1,1,0,0,0,11,12,1,0,capeintr.pdf
0,0,2,2,222,222,13,1,0,103.1259765625,0,1,5,2,2,1,5,2,191,1,1,39,1,0,222,11,0,0,n-04-22.pdf
0,0,2,2,46,46,12,0,0,34.986328125,0,1,9,2,2,1,9,1,15,1,1,49,1,0,46,11,0,0,n-07-81.pdf
0,0,2,2,45,45,13,0,0,37.3642578125,0,1,6,3,2,1,6,1,32,1,1,59,1,0,45,32,0,0,testimony_sfc_ponzi_offshore.pdf
0,0,2,2,11,11,3,0,0,24.5205078125,0,1,1,2,2,1,1,2,4,1,1,0,0,0,11,12,1,0,bridgent.pdf
0,0,2,2,41,41,10,0,0,20.9345703125,0,1,8,2,2,1,8,1,15,1,1,48,1,0,41,11,0,0,n-09-47.pdf
0,0,1,1,6,6,2,0,0,84.9716796875,0,0,1,1,1,1,1,0,2,1,1,1,0,0,6,12,1,0,ayimpllc.pdf
0,0,2,2,291,291,44,0,0,190.365234375,0,1,24,3,2,1,24,1,486,1,1,130,1,85,291,16,0,0,2012_4f_faqs.pdf
0,0,2,2,87,87,17,0,0,100.302734375,0,1,10,2,2,1,10,2,15,1,1,34,1,0,87,7,0,0,201.pdf
0,0,2,2,32,32,19,0,0,92.1103515625,0,1,2,2,2,1,3,1,36,1,1,5,1,0,32,12,0,0,allromac.pdf
0,0,2,2,104,104,31,0,0,52.6943359375,0,1,28,2,2,1,28,1,13,1,1,58,1,0,104,12,0,0,rp-07-32.pdf
0,0,3,0,268,268,260,0,0,175.7314453125,0,0,4,3,3,0,205,3,227,0,3,71,1,0,268,20,0,0,f8857_accessible.pdf
0,0,3,3,83,83,34,0,0,44.04296875,0,0,8,3,3,4,11,2,35,4,2,58,2,0,83,11,0,0,073802f.pdf
0,0,2,2,24,24,12,0,0,73.294921875,0,1,1,2,2,1,2,1,23,1,1,5,1,0,24,12,0,0,celebrbe.pdf
0,0,2,2,71,71,20,0,0,49.8828125,0,1,18,2,2,1,18,2,12,1,1,30,0,0,71,10,0,0,a-00-4.pdf
0,0,2,2,18,18,4,0,0,11.2861328125,0,1,1,3,2,1,1,1,11,2,1,11,1,0,18,11,0,0,a-11-14.pdf
0,0,2,2,23,23,11,0,0,75.41796875,0,1,1,2,2,1,2,1,22,1,1,5,1,0,23,8,0,0,albc.pdf
0,0,3,0,74,74,66,0,0,105.1220703125,0,0,4,3,3,0,16,3,39,0,3,8,1,0,74,9,0,0,f6765.pdf
0,1,1,0,63,63,30,0,0,42.6650390625,0,0,1,2,1,1,7,1,50,1,1,44,1,0,63,10,0,0,f8935t.pdf
0,0,2,2,91,91,18,0,0,116.46875,0,1,2,2,2,1,3,1,30,1,1,50,1,1,91,8,0,0,n931.pdf
0,0,3,4,84,84,24,0,0,104.6640625,0,0,4,6,3,2,8,3,97,2,3,84,2,9,84,44,0,0,Grantee_Registration_Process_for_Commons.pdf
0,0,1,1,6,6,2,0,0,88.095703125,0,0,1,1,1,1,1,0,2,1,1,1,0,0,6,12,1,0,bakrscal.pdf
0,0,2,0,36,36,32,0,0,76.0927734375,0,1,2,2,2,0,0,2,12,0,2,2,1,0,36,24,0,0,registration_handout.pdf
0,0,3,0,51,51,45,0,0,64.36328125,0,0,2,3,3,0,5,3,25,0,3,3,1,0,51,9,0,0,f8937.pdf
0,0,3,0,73,73,67,0,0,88.3486328125,0,0,2,3,3,0,23,3,46,0,3,9,1,0,73,20,0,0,f8853_accessible.pdf
0,0,2,2,24,24,12,0,0,68.1064453125,0,1,1,2,2,1,2,1,23,1,1,5,1,0,24,11,0,0,bugbird.pdf
0,0,2,2,43,43,17,0,0,43.728515625,0,1,6,3,2,1,6,1,38,1,1,44,1,1,43,12,0,0,fire-pia.pdf
0,0,2,2,35,35,9,0,0,22.8359375,0,1,6,2,2,1,6,1,13,1,1,36,1,0,35,11,0,0,n-10-13.pdf
0,0,2,2,57,57,12,0,0,165.38671875,0,1,5,2,2,1,5,1,45,1,1,77,1,0,57,11,0,0,ar-1883.pdf
0,0,2,2,23,23,8,0,0,15.576171875,0,1,4,3,2,1,4,1,18,1,1,14,1,0,23,11,0,0,n-06-29.pdf
0,0,1,1,38,38,9,0,0,101.4013671875,0,0,2,1,1,1,2,1,10,1,1,34,0,0,38,39,0,0,American_Photographic_Artists_(APA).pdf
0,0,1,1,6,6,1,0,0,1.21875,0,0,1,1,1,1,1,1,2,1,1,3,0,0,6,21,1,0,purepdf_chunkskew.pdf
0,0,5,0,50,50,44,0,0,67.6572265625,0,0,1,6,5,0,5,5,32,0,5,3,4,0,50,8,0,0,fw10.pdf
0,0,2,2,11,11,3,0,0,21.37109375,0,1,1,2,2,1,1,2,4,1,1,0,0,0,11,12,1,0,bowntcbr.pdf
0,0,2,2,37,37,14,0,0,38.3583984375,0,1,5,3,2,1,5,1,30,1,1,38,1,1,37,12,0,0,olnr-pia.pdf
0,0,2,2,33,33,10,0,0,57.185546875,0,1,5,2,2,1,5,2,11,1,1,21,1,0,33,12,0,0,rr-03-51.pdf
0,0,1,1,6,6,2,0,0,80.8720703125,0,0,1,1,1,1,1,0,2,1,1,1,0,0,6,12,1,0,alkndmnd.pdf
0,0,2,2,36,36,24,0,0,82.8203125,0,1,1,2,2,1,2,1,37,1,1,5,1,0,36,10,0,0,ammola.pdf
0,0,3,3,84,84,23,0,0,115.689453125,0,0,1,3,3,2,3,2,44,2,2,66,2,1,84,10,0,0,i5498e.pdf
0,0,2,2,63,63,11,0,0,56.5673828125,0,1,2,2,2,1,2,2,17,1,1,34,0,0,63,12,0,0,p1--1996.pdf
0,0,2,2,77,77,19,0,0,86.6220703125,0,1,1,2,2,1,3,1,64,1,1,24,1,0,77,11,0,0,allband.pdf
0,0,2,0,57,57,52,0,0,65.51953125,0,1,3,2,2,0,18,2,37,0,2,13,1,0,57,23,0,0,f1120fsp_accessible.pdf
0,0,1,0,54,54,50,0,0,244.7607421875,0,1,2,2,1,0,25,1,31,0,1,7,1,0,54,10,0,0,f8878a.pdf
0,0,1,1,74,74,20,0,0,38.1689453125,0,0,18,1,1,1,19,1,11,1,1,34,0,0,74,11,0,0,n-98-10.pdf
0,0,2,2,539,539,31,1,0,135.892578125,0,1,25,2,2,1,25,2,323,1,1,51,1,0,539,12,0,0,rp-02-27.pdf
0,0,4,4,243,243,110,0,0,96.86328125,0,0,1,4,4,3,93,3,242,3,3,57,3,99,243,11,0,0,f1118sj.pdf
0,0,2,2,12,12,4,0,0,26.166015625,0,1,1,2,2,1,1,2,5,1,1,0,1,0,12,12,1,0,cargrhls.pdf
0,0,1,1,6,6,2,0,0,73.3017578125,0,0,1,1,1,1,1,0,2,1,1,1,0,0,6,12,1,0,choihotl.pdf
0,0,2,2,11,11,3,0,0,31.25390625,0,1,1,2,2,1,1,2,4,1,1,0,0,0,11,12,1,0,buddyusa.pdf
0,0,1,1,21,21,5,0,0,121.1650390625,0,0,2,1,1,1,2,1,11,1,1,30,0,0,21,13,0,0,65fr54077.pdf
0,0,5,5,204,204,85,0,0,315.623046875,0,0,2,6,5,4,16,4,174,4,4,193,8,0,204,12,0,0,p4346avn.pdf
0,0,2,2,42,42,14,0,0,168.287109375,0,0,1,2,2,2,2,2,28,2,2,75,3,0,42,24,0,0,Italian_CNAstatement.pdf
0,0,5,0,58,58,50,0,0,83.5478515625,0,0,3,6,5,0,4,5,33,0,5,4,4,0,58,9,0,0,f8936.pdf
0,0,2,2,82,82,27,0,0,69.5830078125,0,1,18,3,2,1,18,1,46,1,1,58,1,0,82,12,0,0,rp-09-44.pdf
0,0,1,1,26,26,6,0,0,11.4208984375,0,0,6,1,1,1,6,1,6,1,1,10,0,0,26,12,0,0,rr-98-10.pdf
0,0,2,2,11,11,3,0,0,24.564453125,0,1,1,2,2,1,1,2,4,1,1,0,0,0,11,11,1,0,bayloru.pdf
0,0,2,2,30,30,18,0,0,92.669921875,0,1,1,2,2,1,2,1,31,1,1,5,1,0,30,10,0,0,boreco.pdf
0,0,3,0,276,276,270,0,0,197.5322265625,0,0,2,3,3,0,214,3,235,0,3,108,1,0,276,21,0,0,f940sa_accessible.pdf
0,0,1,0,82,82,66,0,0,269.3916015625,0,1,14,2,1,0,17,1,40,0,1,16,1,0,82,9,0,0,i8582.pdf
0,0,3,0,61,61,55,0,0,93.4794921875,0,0,2,3,3,0,8,3,31,0,3,4,1,0,61,20,0,0,f2441_accessible.pdf
0,1,4,4,106,106,46,0,0,104.296875,0,0,2,5,4,3,23,4,102,3,3,87,3,17,106,9,0,0,fw8ce.pdf
0,0,1,1,74,74,20,0,0,106.533203125,0,0,17,1,1,1,17,1,22,1,1,55,0,0,74,13,0,0,69fr11515.pdf
0,0,2,2,33,33,21,0,0,80.2333984375,0,1,1,2,2,1,2,1,32,1,1,5,1,0,33,13,0,0,aligntech.pdf
0,0,2,2,11,11,3,0,0,25.5498046875,0,1,1,2,2,1,1,2,4,1,1,0,0,0,11,12,1,0,ccmorris.pdf
0,0,2,2,38,38,14,0,0,41.0673828125,0,1,4,3,2,1,4,1,31,1,1,48,1,1,38,12,0,0,hqep-pia.pdf
0,0,2,2,23,23,11,0,0,79.0947265625,0,1,1,2,2,1,2,1,22,1,1,5,1,0,23,12,0,0,artfirel.pdf
0,0,2,0,19,19,15,0,0,17.697265625,0,1,2,2,2,0,2,2,9,0,2,2,1,0,19,15,0,0,Andrew_Dull.pdf
0,0,1,1,9,9,4,0,0,145.0595703125,0,0,2,1,1,1,2,0,3,1,1,2,0,0,9,9,1,0,compu.pdf
0,0,2,2,193,193,179,0,0,110.92578125,0,1,1,2,2,1,2,1,175,1,1,11,1,0,193,23,0,0,irs_org_chart_2012_.pdf
0,0,2,2,45,45,14,0,0,20.41796875,0,1,2,3,2,1,2,1,47,1,1,52,1,5,45,11,0,0,a-12-19.pdf
0,0,1,0,120,120,97,0,0,88.189453125,0,0,9,2,1,0,54,1,113,0,1,32,1,0,120,12,0,0,fw2vi_11.pdf
0,0,2,2,24,24,12,0,0,100.93359375,0,1,1,2,2,1,2,1,23,1,1,5,1,0,24,12,0,0,capligea.pdf
0,0,2,0,111,111,82,0,0,251.283203125,0,1,27,2,2,0,0,2,4,0,2,0,1,0,111,12,0,0,ASMP-PPA.pdf
0,0,2,2,217,217,22,0,0,90.0302734375,0,1,15,3,2,1,15,1,423,1,1,55,1,75,217,40,0,0,testimony_house_oversight_aca_080212.pdf
0,0,1,1,6,6,2,0,0,86.9951171875,0,0,1,1,1,1,1,0,2,1,1,1,0,0,6,12,1,0,burleent.pdf
0,0,3,0,31,31,27,0,0,68.71484375,0,0,1,3,3,1,1,3,12,1,3,1,2,0,31,17,0,0,chegg_october.pdf
0,0,1,1,71,71,19,0,0,39.2958984375,0,0,17,1,1,1,18,1,11,1,1,33,0,0,71,11,0,0,n-98-65.pdf
0,0,1,1,220,220,61,0,0,335.6513671875,0,0,60,1,1,1,60,1,28,1,1,124,0,0,220,12,0,0,97cftcar.pdf
0,0,2,2,275,275,85,0,0,157.796875,0,1,82,2,2,1,83,2,12,1,1,98,0,0,275,12,0,0,rp-00-16.pdf
0,0,2,2,23,23,7,0,0,16.89453125,0,1,3,3,2,1,3,1,17,1,1,23,1,0,23,12,0,0,rr-05-04.pdf
0,0,2,2,357,357,45,0,0,275.4833984375,0,1,26,3,2,1,26,1,95,1,1,94,1,43,357,12,0,0,irb05-19.pdf
0,0,1,1,6,6,2,0,0,78.0498046875,0,0,1,1,1,1,1,0,2,1,1,1,0,0,6,11,1,0,compltd.pdf
0,0,2,2,167,167,26,0,0,157.9765625,0,1,6,2,2,1,8,1,40,1,1,79,1,0,167,9,0,0,i1139.pdf
0,0,2,0,45,45,42,0,0,46.5703125,0,1,1,3,2,0,7,2,27,0,2,1,1,0,45,22,0,0,f8935t_accessible..pdf
0,0,2,2,410,410,36,0,0,399.81640625,0,1,20,2,2,1,20,1,67,1,1,92,1,25,410,12,0,0,irb09-31.pdf
0,0,1,1,24,24,5,0,0,34.439453125,0,0,2,1,1,1,2,1,21,1,1,38,0,0,24,13,0,0,66fr22139.pdf
2,3,1,1,1215,1215,383,0,0,375.16015625,0,0,2,1,1,1,364,19,1306,1,1,227,1,193,1215,20,0,1,f8921_accessible.pdf
0,0,2,2,29,29,8,0,0,14.9951171875,0,1,6,2,2,1,6,1,9,1,1,16,1,0,29,11,0,0,n-11-24.pdf
0,0,1,1,16,16,6,0,0,55.3134765625,0,0,1,1,1,1,1,1,10,1,1,21,1,0,16,22,0,0,Christina_Meredith.pdf
0,0,2,2,118,118,12,1,0,59.8232421875,0,1,6,2,2,1,6,2,91,1,1,30,1,0,118,12,0,0,rr-02-30.pdf
0,0,1,1,39,39,7,0,0,34.68359375,0,0,4,1,1,1,4,7,20,1,1,14,1,0,39,21,0,0,Alexander_R_Pruss.pdf
0,0,1,1,24,24,5,0,0,38.20703125,0,0,2,1,1,1,2,1,21,1,1,38,0,0,24,13,0,0,66fr63267.pdf
0,0,2,2,113,113,41,0,0,148.0390625,0,1,22,3,2,1,22,2,57,1,1,144,1,0,113,25,0,0,11insitrusts09winbull.pdf
0,0,2,2,44,44,17,0,0,40.556640625,0,1,7,3,2,1,7,1,31,1,1,55,1,0,44,14,0,0,annrep2011.pdf
0,0,2,2,40,40,11,0,0,19.7041015625,0,1,9,2,2,1,9,1,11,1,1,29,1,0,40,11,0,0,n-06-93.pdf
0,0,2,2,458,458,41,0,0,254.3740234375,0,1,16,2,2,1,19,1,73,1,1,106,1,11,458,12,0,0,i1120rei.pdf
0,0,2,2,382,382,8,1,0,60.626953125,0,1,4,2,2,1,4,2,289,1,1,14,1,0,382,12,0,0,rr-03-60.pdf
0,0,1,1,6,6,2,0,0,82.70703125,0,0,1,1,1,1,1,0,2,1,1,1,0,0,6,12,1,0,amercivi.pdf
0,0,3,0,46,46,34,0,0,173.837890625,0,0,1,3,3,0,3,3,18,0,3,14,2,0,46,21,0,0,boardpublications.pdf
0,0,2,2,31,31,11,0,0,21.6943359375,0,1,7,3,2,1,7,1,23,1,1,27,1,0,31,11,0,0,n-10-02.pdf
0,0,2,2,27,27,8,0,0,40.8134765625,0,1,3,2,2,1,3,2,11,1,1,19,1,0,27,12,0,0,rr-04-44.pdf
0,0,2,2,27,27,9,1,0,85.0986328125,0,1,2,4,2,1,2,1,18,1,1,24,1,0,27,11,0,0,26haley.pdf
0,0,2,2,55,55,26,0,0,70.49609375,0,1,9,3,2,1,9,1,47,1,1,56,1,1,55,12,0,0,ceas-pia.pdf
0,0,2,2,45,45,14,0,0,81.0322265625,0,1,6,2,2,1,6,2,17,1,1,46,1,0,45,11,0,0,n-04-37.pdf
0,0,3,0,39,39,30,0,0,40.7412109375,0,0,6,3,3,1,0,3,7,1,3,0,2,0,39,11,0,0,114704f.pdf
0,0,3,0,55,55,49,0,0,71.087890625,0,0,2,3,3,0,8,3,28,0,3,4,1,0,55,22,0,0,f5713sa_accessible.pdf
0,0,1,1,6,6,2,0,0,65.8623046875,0,0,1,1,1,1,1,0,2,1,1,1,0,0,6,12,1,0,bracandy.pdf
0,0,2,2,2841,2841,11,1,0,322.33984375,0,1,6,2,2,1,6,2,1213,1,1,22,1,0,2841,12,0,0,rp-02-13.pdf
0,0,2,2,38,38,17,1,0,25.9560546875,0,1,1,3,2,1,1,1,24,1,1,30,1,0,38,10,0,0,n1219a.pdf
0,0,2,2,67,67,23,0,0,56.1650390625,0,1,20,3,2,1,20,1,16,2,1,40,1,0,67,12,0,0,rp-11-48.pdf
0,0,1,1,94,94,7,0,0,22.5537109375,0,0,2,1,1,2,2,1,69,2,1,25,1,0,94,13,0,0,112700mem.pdf
0,0,2,2,98,98,45,0,0,142.458984375,0,1,32,3,2,1,32,1,50,1,1,62,1,1,98,11,0,0,n-04-50.pdf
0,0,1,1,41,41,8,0,0,56.560546875,0,0,3,1,1,1,3,1,44,1,1,55,0,4,41,13,0,0,70fr41650.pdf
0,0,2,2,11,11,3,0,0,27.369140625,0,1,1,2,2,1,1,2,4,1,1,0,0,0,11,12,1,0,calpolys.pdf
0,0,2,2,40,40,20,0,0,115.5029296875,0,1,2,3,2,1,2,1,25,1,1,43,1,0,40,16,0,0,cp120_korean.pdf
0,0,2,2,122,122,89,0,0,87.4375,0,1,4,3,2,1,4,1,82,1,1,60,1,0,122,17,0,0,cp14i_english.pdf
0,0,2,2,40,40,13,0,0,123.9462890625,0,1,2,2,2,1,2,2,15,1,1,32,0,0,40,13,0,0,64fr71659.pdf
0,0,2,2,156,156,49,0,0,88.232421875,0,1,46,2,2,1,46,1,9,1,1,56,1,0,156,11,0,0,n-11-34.pdf
0,0,3,3,162,162,28,0,0,242.298828125,0,0,1,3,3,2,2,2,162,2,2,70,2,14,162,17,0,0,atomic_online.pdf
0,0,2,2,105,105,18,0,0,153.0546875,0,0,4,2,2,2,9,2,120,2,2,63,1,17,105,13,0,0,76fr60774.pdf
0,0,3,0,56,56,46,0,0,95.7294921875,0,0,6,5,3,0,6,3,35,0,3,6,2,0,56,24,0,0,f1099sa11_accessible.pdf
0,0,4,4,108,108,13,0,0,38.4443359375,0,0,3,4,4,4,6,3,85,4,3,47,2,0,108,22,0,0,us_spain_agreement.pdf
0,0,3,0,46,46,41,0,0,363.9921875,0,0,2,3,3,1,2,3,22,1,3,2,4,0,46,11,0,0,p3524cn.pdf
0,0,1,0,25,25,22,0,0,41.8466796875,0,1,1,3,1,0,0,1,6,0,1,0,1,0,25,12,0,0,11ebsnap.pdf
0,0,2,2,165,165,19,1,0,68.814453125,0,1,3,2,2,1,3,1,146,1,1,34,1,0,165,12,0,0,n2011_23.pdf
1,2,4,4,257,257,46,0,0,97.59765625,0,0,2,5,4,3,17,11,305,3,3,80,3,17,257,20,0,1,fw8ce_accessible.pdf
0,0,1,1,6,6,2,0,0,88.279296875,0,0,1,1,1,1,1,0,2,1,1,1,0,0,6,12,1,0,concordu.pdf
0,0,3,3,39,39,14,0,0,22.5556640625,0,0,2,3,3,2,3,2,24,2,2,34,2,0,39,13,0,0,aod200801.pdf
0,0,2,2,41,41,14,1,0,32.013671875,0,1,5,2,2,1,5,2,9,1,1,12,1,0,41,7,0,0,030.pdf
0,0,2,0,31,31,28,0,0,141.62890625,0,1,1,2,2,0,2,2,10,0,2,1,1,0,31,20,0,0,berkley_networks.pdf
0,0,3,0,284,284,276,0,0,187.4736328125,0,0,4,3,3,0,220,3,242,0,3,80,1,0,284,22,0,0,f8857sp_accessible.pdf
0,0,2,2,11,11,3,0,0,24.0107421875,0,1,1,2,2,1,1,2,4,1,1,0,0,0,11,12,1,0,concomco.pdf
0,0,2,2,1812,1812,47,0,0,403.2373046875,0,1,26,3,2,1,26,2,60,1,1,81,1,24,1812,12,0,0,irb03-36.pdf
0,0,2,2,72,72,28,0,0,60.6767578125,0,1,26,2,2,1,26,1,16,1,1,54,1,0,72,8,0,0,9300.pdf
2,3,1,2,96,96,29,0,0,201.1591796875,0,0,2,3,1,1,2,3,93,1,2,59,1,22,96,20,0,1,f8838_accessible.pdf
0,0,2,2,42,42,17,0,0,39.6748046875,0,1,5,3,2,1,5,1,38,1,1,41,1,1,42,14,0,0,uscert-pia.pdf
0,0,3,3,167,167,23,1,0,81.9345703125,0,0,2,3,3,2,4,2,154,2,2,50,2,0,167,12,0,0,a2012_15.pdf
0,0,2,2,116,116,8,1,0,46.73046875,0,1,4,2,2,1,4,2,113,1,1,12,1,0,116,12,0,0,rr-02-78.pdf
0,0,2,2,23,23,8,0,0,16.4462890625,0,1,4,3,2,1,4,1,18,1,1,24,1,0,23,11,0,0,n-08-62.pdf
0,0,2,2,20,20,5,0,0,10.5810546875,0,1,3,2,2,1,3,1,9,1,1,13,1,0,20,11,0,0,n-04-63.pdf
0,0,2,2,33,33,8,0,0,14.572265625,0,1,6,2,2,1,6,1,13,1,1,36,1,0,33,12,0,0,rr-07-12.pdf
0,0,1,1,160,160,19,0,0,120.0166015625,0,0,19,1,1,1,19,1,61,1,1,161,0,0,160,12,0,0,irb96-09.pdf
0,0,2,2,86,86,11,1,0,73.9384765625,0,1,4,2,2,1,4,2,82,1,1,36,1,0,86,10,0,0,n-03-6.pdf
0,0,2,2,87,87,25,0,0,51.8583984375,0,1,17,3,2,1,17,1,84,1,1,35,1,10,87,11,0,0,n-12-31.pdf
0,0,1,1,6,6,2,0,0,72.4599609375,0,0,1,1,1,1,1,0,2,1,1,1,0,0,6,12,1,0,academov.pdf
0,0,1,1,6,6,2,0,0,87.2138671875,0,0,1,1,1,1,1,0,2,1,1,1,0,0,6,12,1,0,bluebeat.pdf
0,0,2,2,33,33,9,0,0,23.22265625,0,1,6,2,2,1,6,1,11,1,1,26,1,0,33,11,0,0,n-07-84.pdf
0,0,2,2,110,110,37,0,0,148.64453125,0,1,2,2,2,1,2,1,91,1,1,70,6,0,110,11,0,0,p4808sp.pdf
0,0,2,2,41,41,29,0,0,92.19921875,0,1,1,2,2,1,2,1,42,1,1,5,1,0,41,16,0,0,americansong.pdf
0,0,3,0,92,92,86,0,0,104.8857421875,0,0,2,3,3,0,38,3,66,0,3,14,1,0,92,23,0,0,f1040sei_accessible.pdf
0,0,2,2,50,50,23,0,0,42.5751953125,0,1,5,3,2,1,5,1,38,1,1,53,1,1,50,18,0,0,e-trak_vdp-pia.pdf
1,2,2,2,246,246,50,0,0,81.384765625,0,1,2,2,2,1,32,5,271,1,1,61,1,32,246,23,0,1,f14039sp_accessible.pdf
0,0,2,2,31,31,8,0,0,13.2734375,0,1,5,2,2,1,5,1,15,1,1,33,1,0,31,12,0,0,rr-12-02.pdf
0,0,2,2,11,11,3,0,0,27.408203125,0,1,1,2,2,1,1,2,4,1,1,0,0,0,11,12,1,0,amdocltd.pdf
0,0,2,2,138,138,24,0,0,186.1689453125,0,1,1,2,2,1,2,1,101,1,1,57,1,2,138,13,0,0,animal_ny.pdf
0,0,1,1,115,115,29,0,0,135.990234375,0,0,29,1,1,1,29,1,25,1,1,85,0,0,115,12,0,0,98eounrl.pdf
0,0,2,2,78,78,10,1,0,56.0078125,0,1,5,2,2,1,5,2,68,1,1,21,1,0,78,12,0,0,rr-02-82.pdf
0,0,2,2,12,12,4,0,0,20.8896484375,0,1,1,2,2,1,1,2,5,1,1,0,1,0,12,12,1,0,butlrcrc.pdf
0,0,2,2,45,45,14,0,0,65.5986328125,0,1,8,2,2,1,8,2,13,1,1,32,1,0,45,12,0,0,rr-04-20.pdf
0,0,2,2,46,46,13,0,0,25.7646484375,0,1,10,2,2,1,10,1,13,1,1,41,1,0,46,12,0,0,rr-05-53.pdf
0,0,2,2,56,56,16,0,0,28.9326171875,0,1,13,2,2,1,13,1,11,1,1,33,1,0,56,12,0,0,rp-07-23.pdf
0,0,1,1,6,6,2,0,0,77.537109375,0,0,1,1,1,1,1,0,2,1,1,1,0,0,6,12,1,0,bytehost.pdf
0,0,2,2,224,224,17,0,0,104.423828125,0,1,1,2,2,1,2,1,205,1,1,22,1,2,224,16,0,0,capitol_hill.pdf
0,0,1,1,6,6,2,0,0,72.455078125,0,0,1,1,1,1,1,0,2,1,1,1,0,0,6,12,1,0,auganllc.pdf
0,0,2,0,55,55,49,0,0,41.66796875,0,0,2,3,2,0,24,2,37,0,2,0,2,0,55,10,0,0,f13775.pdf
0,0,3,0,50,50,43,0,0,74.0537109375,0,0,3,3,3,0,3,3,25,0,3,3,1,0,50,20,0,0,f5884_accessible.pdf
0,0,1,1,6,6,2,0,0,81.0869140625,0,0,1,1,1,1,1,0,2,1,1,1,0,0,6,12,1,0,chentsui.pdf
0,0,2,2,33,33,8,1,0,16.31640625,0,1,7,2,2,1,7,2,9,1,1,21,0,0,33,12,0,0,rp-01-24.pdf
0,0,2,2,37,37,9,0,0,20.2158203125,0,1,6,2,2,1,6,1,15,1,1,46,1,0,37,11,0,0,n-11-19.pdf
0,0,2,0,30,30,27,0,0,163.044921875,0,1,1,2,2,0,2,2,10,0,2,1,1,0,30,14,0,0,cloudflare.pdf
0,0,2,2,132,132,77,0,0,230.0068359375,0,1,5,3,2,1,5,1,91,1,1,148,1,1,132,15,0,0,cp59_korean.pdf
0,0,4,0,45,45,39,0,0,67.078125,0,0,1,5,4,0,2,4,27,0,4,2,3,0,45,12,0,0,f1120fm1.pdf
0,0,2,2,66,66,22,0,0,66.396484375,0,1,7,3,2,1,7,1,41,1,1,88,1,0,66,21,0,0,10sprbulfidincpan.pdf
0,0,2,2,19,19,4,1,0,10.7470703125,0,1,3,2,2,1,3,2,8,1,1,9,0,0,19,21,0,0,qiattachargentina.pdf
0,0,2,2,32,32,7,1,0,14.287109375,0,1,6,2,2,1,6,2,11,1,1,27,0,0,32,11,0,0,n-01-82.pdf
0,0,2,2,62,62,17,0,0,32.5986328125,0,1,15,2,2,1,15,1,13,1,1,45,1,0,62,11,0,0,n-08-18.pdf
0,0,1,1,6,6,2,0,0,88.53125,0,0,1,1,1,1,1,0,2,1,1,1,0,0,6,12,1,0,brodspir.pdf
0,0,1,1,6,6,2,0,0,77.4013671875,0,0,1,1,1,1,1,0,2,1,1,1,0,0,6,11,1,0,adpholl.pdf
404,404,3,3,687,687,17,0,0,123.740234375,0,0,1,3,3,2,2,2,658,2,2,29,2,223,687,11,0,1,f13424f.pdf
0,0,3,0,44,44,32,0,0,294.7763671875,0,0,1,3,3,0,3,3,18,0,3,14,2,0,44,19,0,0,chris_a_jackson.pdf
0,0,2,2,513,513,470,0,0,158.7080078125,0,1,9,2,2,1,9,2,15,1,1,49,1,0,513,13,0,0,125junger.pdf
0,0,2,0,99,99,94,0,0,104.0537109375,0,1,3,2,2,0,0,2,55,0,2,0,1,0,99,16,0,0,cp12_chinese.pdf
0,0,2,2,39,39,27,0,0,85.3056640625,0,1,1,2,2,1,2,1,40,1,1,5,1,0,39,10,0,0,aphinc.pdf
0,0,2,2,36,36,7,0,0,11.564453125,0,1,1,3,2,1,1,1,14,1,1,16,1,0,36,24,0,0,carney-megan-summary.pdf
0,0,1,1,6,6,2,0,0,72.96875,0,0,1,1,1,1,1,0,2,1,1,1,0,0,6,12,1,0,amasn4ai.pdf
0,0,2,2,34,34,9,0,0,30.0751953125,0,1,6,3,2,1,6,1,17,2,1,46,1,0,34,11,0,0,n-10-59.pdf
0,0,2,2,43,43,19,0,0,41.119140625,0,1,10,3,2,1,10,1,31,1,1,26,1,0,43,12,0,0,rr-05-15.pdf
0,0,1,1,6,6,2,0,0,73.8427734375,0,0,1,1,1,1,1,0,2,1,1,1,0,0,6,11,1,0,avpmgmt.pdf
0,0,1,1,6,6,2,0,0,73.072265625,0,0,1,1,1,1,1,0,2,1,1,1,0,0,6,12,1,0,cedrcrkw.pdf
0,0,4,4,115,115,42,0,0,91.9140625,0,0,18,4,4,7,21,3,31,7,3,58,3,0,115,11,0,0,093801f.pdf
0,0,1,1,8,8,1,0,0,1.728515625,0,0,1,1,1,1,1,1,4,1,1,7,0,0,8,25,1,0,purepdf_phraseexample.pdf
0,0,2,2,32,32,20,0,0,80.7978515625,0,1,1,2,2,1,2,1,33,1,1,5,1,0,32,18,0,0,califphysician.pdf
0,0,2,2,11,11,3,0,0,27.4853515625,0,1,1,2,2,1,1,2,4,1,1,0,0,0,11,12,1,0,clarmckc.pdf
0,0,2,2,241,241,12,1,0,40.5849609375,0,1,9,2,2,1,9,2,210,1,1,13,1,0,241,12,0,0,rr-04-56.pdf
0,0,1,1,23,23,5,0,0,37.4755859375,0,0,2,1,1,1,2,1,20,1,1,35,0,0,23,13,0,0,66fr58180.pdf
0,0,2,2,33,33,8,0,0,16.41796875,0,1,6,2,2,1,6,1,13,1,1,36,1,0,33,12,0,0,rp-06-13.pdf
0,0,2,2,46,46,13,0,0,31.5419921875,0,1,7,3,2,1,7,1,30,1,1,38,1,0,46,12,0,0,rr-08-37.pdf
0,0,2,2,11,11,3,0,0,25.8291015625,0,1,1,2,2,1,1,2,4,1,1,0,0,0,11,12,1,0,comptcnr.pdf
0,0,1,1,6,6,2,0,0,75.181640625,0,0,1,1,1,1,1,0,2,1,1,1,0,0,6,12,1,0,bancsois.pdf
2,3,3,3,661,661,359,0,0,360.9658203125,0,0,2,3,3,2,341,2,409,2,2,355,2,264,661,9,0,1,f6088.pdf
0,0,2,2,132,132,21,0,0,171.048828125,0,1,1,2,2,1,2,1,107,1,1,44,1,4,132,14,0,0,cool_story.pdf
0,0,2,2,29,29,17,0,0,82.1259765625,0,1,1,2,2,1,2,1,28,1,1,5,1,0,29,11,0,0,cgadvis.pdf
0,0,2,2,39,39,13,0,0,124.03515625,0,1,2,2,2,1,2,2,13,1,1,30,0,0,39,13,0,0,64fr67187.pdf
0,0,3,0,295,295,287,0,0,173.9775390625,0,0,4,3,3,0,235,3,260,0,3,81,1,0,295,20,0,0,f8867_accessible.pdf
0,0,2,2,120,120,82,0,0,188.373046875,0,1,4,3,2,1,4,1,83,1,1,93,1,0,120,15,0,0,cp14_korean.pdf
0,0,1,1,6,6,2,0,0,79.4814453125,0,0,1,1,1,1,1,0,2,1,1,1,0,0,6,12,1,0,acanbara.pdf
0,0,2,0,31,31,28,0,0,187.4990234375,0,1,1,2,2,0,2,2,9,0,2,1,1,0,31,20,0,0,childrens_health.pdf
0,0,2,2,38,38,5,0,0,19.04296875,0,1,2,2,2,1,2,2,18,1,1,36,1,0,38,7,0,0,153.pdf
0,0,2,2,11,11,3,0,0,32.115234375,0,1,1,2,2,1,1,2,4,1,1,0,0,0,11,12,1,0,broadcom.pdf
0,0,2,2,191,191,24,0,0,220.388671875,0,1,1,2,2,1,2,1,162,1,1,57,1,3,191,20,0,0,alt_distribution.pdf
0,0,2,2,41,41,8,0,0,49.478515625,0,1,4,3,2,1,4,1,26,2,1,65,1,1,41,11,0,0,n-11-07.pdf
0,0,2,2,44,44,13,0,0,36.1044921875,0,1,5,2,2,0,5,2,14,0,1,30,0,0,44,12,0,0,63fr2142.pdf
0,0,2,2,11,11,3,0,0,25.8173828125,0,1,1,2,2,1,1,2,4,1,1,0,0,0,11,8,1,0,cafh.pdf
0,0,2,2,85,85,25,0,0,136.5302734375,0,0,17,2,2,2,17,2,34,2,2,77,1,0,85,13,0,0,73fr31399.pdf
0,0,2,2,86,86,56,0,0,67.2080078125,0,1,3,3,2,1,3,1,58,1,1,69,1,0,86,17,0,0,cp22a_spanish.pdf
0,0,4,0,50,50,35,0,0,62.2568359375,0,0,11,4,4,2,0,4,10,2,4,0,3,0,50,11,0,0,112701f.pdf
0,0,1,1,6,6,2,0,0,73.9892578125,0,0,1,1,1,1,1,0,2,1,1,1,0,0,6,12,1,0,ampdmobl.pdf
0,0,2,2,43,43,16,0,0,36.265625,0,1,1,3,2,1,1,1,33,1,1,74,1,1,43,19,0,0,sdc_survey_2011.pdf
0,0,1,1,6,6,2,0,0,85.474609375,0,0,1,1,1,1,1,0,2,1,1,1,0,0,6,12,1,0,audiogon.pdf
0,0,2,2,118,118,42,0,0,271.9677734375,0,1,27,2,2,1,27,1,20,1,1,67,1,0,118,12,0,0,04spintr.pdf
0,0,2,2,23,23,8,0,0,14.8515625,0,1,4,3,2,1,4,1,18,1,1,24,1,0,23,11,0,0,n-08-44.pdf
0,0,2,2,45,45,13,0,0,30.1708984375,0,1,9,2,2,1,9,1,14,1,1,39,1,0,45,38,0,0,factoring_of_receivables_atg_final.pdf
0,0,2,2,28,28,9,0,0,18.5869140625,0,1,5,3,2,1,5,1,20,1,1,15,1,0,28,12,0,0,rr-09-25.pdf
0,0,2,2,52,52,20,0,0,48.7861328125,0,1,14,3,2,1,14,1,31,1,1,34,1,0,52,12,0,0,rp-08-67.pdf
0,0,1,0,21,21,16,0,0,41.185546875,0,1,3,2,1,0,0,1,7,0,1,0,1,0,21,30,0,0,irsac_2011_renewal_charter.pdf
0,0,3,0,136,136,126,0,0,302.748046875,0,0,6,3,3,0,84,3,106,0,3,31,1,0,136,20,0,0,f5316_accessible.pdf
0,0,2,2,64,64,17,0,0,31.20703125,0,1,15,2,2,1,15,1,15,1,1,55,1,0,64,12,0,0,rp-08-41.pdf
2,3,2,4,385,385,193,0,0,135.9150390625,0,0,3,6,2,2,168,6,477,2,5,104,2,141,385,20,0,1,f8872_accessible.pdf
0,0,2,2,22,22,6,0,0,14.3095703125,0,1,3,3,2,1,3,1,11,2,1,13,1,0,22,11,0,0,n-10-87.pdf
0,0,3,0,60,60,53,0,0,108.8232421875,0,0,3,3,3,0,6,3,28,0,3,4,1,0,60,20,0,0,f3468_accessible.pdf
0,0,2,0,32,32,29,0,0,171.125,0,1,1,2,2,0,2,2,9,0,2,1,1,0,32,10,0,0,airbnb.pdf
0,0,4,6,652,652,135,0,0,330.4189453125,0,0,3,7,4,3,93,6,1011,3,5,237,3,420,651,9,0,0,f2555.pdf
0,0,1,1,6,6,2,0,0,75.5927734375,0,0,1,1,1,1,1,0,2,1,1,1,0,0,6,12,1,0,buchancs.pdf
0,0,2,2,24,24,10,0,0,36.501953125,0,1,2,2,2,0,4,1,15,1,1,23,1,0,24,18,0,0,cp120a_english.pdf
0,0,2,2,154,154,94,0,0,221.4296875,0,1,4,3,2,1,4,1,112,1,1,152,1,2,154,16,0,0,cp59_russian.pdf
0,0,2,2,24,24,4,0,0,15.228515625,0,1,2,2,2,1,2,2,17,1,1,30,1,0,24,7,0,0,147.pdf
0,0,1,1,21,21,5,0,0,122.2880859375,0,0,2,1,1,1,2,1,11,1,1,30,0,0,21,13,0,0,65fr60690.pdf
0,0,2,2,30,30,18,0,0,78.4638671875,0,1,1,2,2,1,2,1,29,1,1,5,1,0,30,12,0,0,begtrilc.pdf
0,0,2,2,101,101,30,0,0,60.166015625,0,1,28,2,2,1,28,2,10,1,1,38,0,0,101,11,0,0,rp99-39.pdf
0,0,1,1,19,19,5,0,0,58.326171875,0,0,1,1,1,1,1,1,13,1,1,17,0,0,19,15,0,0,seaeq040401.pdf
1,2,2,2,493,493,55,1,0,307.4921875,0,1,2,2,2,1,29,8,524,1,1,91,1,67,493,20,0,1,f8330_accessible.pdf
0,0,2,2,130,130,22,0,0,173.9716796875,0,0,8,2,2,2,13,2,152,2,2,67,1,25,130,13,0,0,76fr59953.pdf
0,0,2,2,52,52,14,1,0,29.755859375,0,1,12,2,2,1,12,2,10,1,1,27,0,0,52,12,0,0,rp-01-59.pdf
0,0,2,2,26,26,5,1,0,11.1796875,0,1,4,2,2,1,4,2,11,1,1,25,0,0,26,11,0,0,n-01-51.pdf
0,0,2,2,42,42,16,0,0,42.1572265625,0,1,6,3,2,1,6,1,39,1,1,54,1,1,42,11,0,0,aur-pia.pdf
0,0,2,2,31,31,9,0,0,13.306640625,0,1,1,2,2,1,1,2,14,1,1,24,0,0,31,13,0,0,63fr35984.pdf
2,3,1,2,121,121,53,0,0,263.0869140625,0,0,2,3,1,1,24,3,122,1,2,73,1,22,121,20,0,1,f8896_accessible.pdf
0,0,2,2,36,36,13,0,0,42.09765625,0,1,7,3,2,1,7,1,27,1,1,50,1,0,36,20,0,0,brigham-young-33.pdf
0,0,2,2,100,100,29,0,0,87.228515625,0,1,16,3,2,1,16,1,92,1,1,69,1,10,100,12,0,0,n-08-108.pdf
0,0,1,0,129,129,108,0,0,91.6669921875,0,0,9,2,1,0,54,1,113,0,1,14,1,0,129,12,0,0,fw2gu_11.pdf
0,0,2,2,47,47,10,0,0,32.6240234375,0,1,7,3,2,1,7,1,21,2,1,37,1,0,47,12,0,0,rr-10-16.pdf
0,0,3,0,106,106,98,0,0,124.015625,0,0,4,3,3,0,43,3,67,0,3,17,1,0,106,22,0,0,f943xpr_accessible.pdf
0,0,2,2,62,62,28,0,0,59.75390625,0,1,8,3,2,1,8,1,49,1,1,75,1,1,62,12,0,0,atfr-pia.pdf
0,0,1,1,6,6,2,0,0,76.30078125,0,0,1,1,1,1,1,0,2,1,1,1,0,0,6,12,1,0,cevirmli.pdf
0,0,2,2,24,24,12,0,0,87.4150390625,0,1,1,2,2,1,2,1,23,1,1,5,1,0,24,10,0,0,barhap.pdf
0,0,2,0,34,34,31,0,0,164.771484375,0,1,1,2,2,0,2,2,10,0,2,1,1,0,34,21,0,0,abbey_restaurants.pdf
0,0,3,4,303,303,41,0,0,142.6083984375,0,0,1,4,3,2,13,3,482,2,2,89,2,212,302,11,0,0,f941prb.pdf
0,0,1,0,49,49,27,0,0,39.4697265625,0,0,6,3,1,0,0,1,67,0,1,15,1,0,49,13,0,0,f1098e_11.pdf
0,0,1,1,6,6,2,0,0,68.8623046875,0,0,1,1,1,1,1,0,2,1,1,1,0,0,6,11,1,0,alphatn.pdf
0,0,3,3,160,160,21,0,0,88.0654296875,0,0,2,3,3,2,4,2,135,2,2,39,2,0,160,13,0,0,rp2011_15.pdf
0,0,2,2,40,40,8,1,0,18.294921875,0,1,7,2,2,1,7,2,16,1,1,42,0,1,40,11,0,0,rr02-45.pdf
0,0,2,2,56,56,15,0,0,40.767578125,0,1,10,3,2,1,10,1,24,2,1,53,1,0,56,12,0,0,rp-11-18.pdf
0,0,1,1,16,16,2,0,0,322.255859375,0,0,1,1,1,1,1,1,3,1,1,0,0,0,16,27,0,0,purepdf_imagebitmapdata.pdf
0,0,2,2,53,53,41,0,0,122.306640625,0,1,1,2,2,1,2,1,52,1,1,5,1,0,53,10,0,0,ashoka.pdf
0,0,2,2,29,29,5,0,0,17.236328125,0,1,3,2,2,1,3,2,20,1,1,38,1,0,29,12,0,0,113nandy.pdf
1,1,4,0,94,94,85,0,0,278.3203125,0,0,4,4,4,0,49,4,62,0,4,27,3,0,94,20,0,1,f8849_accessible.pdf
0,0,2,2,155,155,51,0,0,92.7138671875,0,1,37,2,2,1,37,1,28,1,1,124,1,0,155,13,0,0,ea-1_0509.pdf
0,0,2,2,21,21,8,0,0,14.58984375,0,1,4,3,2,1,4,1,16,1,1,14,1,0,21,12,0,0,rp-06-37.pdf
0,0,2,2,90,90,10,1,0,66.8955078125,0,1,3,2,2,1,3,2,73,1,1,37,1,0,90,11,0,0,a-02-17.pdf
0,0,1,1,38,38,11,0,0,63.134765625,0,0,5,1,1,1,5,1,33,1,1,53,0,0,38,13,0,0,75fr13306.pdf
1,1,3,3,63,63,17,0,0,37.53125,0,0,1,3,3,2,14,2,55,2,2,35,2,13,63,11,0,1,f13586a.pdf
0,0,1,1,6,6,2,0,0,80.1904296875,0,0,1,1,1,1,1,0,2,1,1,1,0,0,6,12,1,0,clikcmrc.pdf
0,0,2,0,77,77,60,0,0,144.541015625,0,1,15,2,2,0,0,2,32,0,2,15,1,0,77,32,0,0,PETUNJUK_PROGRAM_DV_2013_Ind.pdf
0,0,2,2,32,32,8,0,0,19.8447265625,0,1,5,2,2,1,5,1,13,1,1,35,1,0,32,12,0,0,rp-09-43.pdf
0,0,2,2,24,24,9,0,0,19.23046875,0,1,4,3,2,1,4,1,18,1,1,24,1,0,24,12,0,0,rr-06-44.pdf
0,0,1,1,8,8,2,0,0,22.3466796875,0,0,1,1,1,1,1,1,5,1,1,9,0,0,8,22,1,0,purepdf_textrender.pdf
0,0,2,2,149,149,17,0,0,93.4013671875,0,1,1,2,2,1,2,1,128,1,1,22,1,2,149,12,0,0,atomicme.pdf
0,0,3,3,80,80,25,0,0,135.9208984375,0,0,2,4,3,2,4,2,94,2,2,60,2,12,80,16,0,0,BusinessVisa.pdf
0,0,2,2,39,39,13,0,0,123.8466796875,0,1,2,2,2,1,2,2,13,1,1,30,0,0,39,13,0,0,65fr41508.pdf
0,0,1,0,31,31,19,0,0,28.4990234375,0,0,2,1,1,0,0,1,17,0,1,8,1,0,31,12,0,0,p3067esp.pdf
0,0,4,0,114,114,75,0,0,73.8388671875,0,0,6,6,4,0,31,4,114,0,4,35,3,2,114,10,0,0,f1099g.pdf
0,0,1,1,7,7,1,0,0,1.2548828125,0,0,1,1,1,1,1,1,4,1,1,3,0,1,7,26,1,0,purepdf_helloworldgoto.pdf
0,0,2,4,188,188,57,0,0,203.076171875,0,0,47,6,2,2,94,5,204,2,5,157,2,1,188,24,0,0,2004ComplianceReport.pdf
0,0,2,0,232,232,46,0,0,102.8154296875,0,0,2,2,2,1,12,2,53,1,2,91,2,0,232,11,0,0,f1041sd.pdf
0,0,1,1,52,52,13,0,0,24.34765625,0,0,13,1,1,1,13,1,10,1,1,34,0,0,52,12,0,0,rr-03-29.pdf
0,0,2,2,23,23,8,0,0,14.849609375,0,1,4,3,2,1,4,1,18,1,1,14,1,0,23,11,0,0,n-06-17.pdf
0,0,1,0,54,54,51,0,0,318.6044921875,0,1,1,2,1,0,3,1,8,0,1,1,1,0,54,9,0,0,p4849.pdf
0,0,1,1,6,6,1,0,0,1.2275390625,0,0,1,1,1,1,1,1,2,1,1,3,0,0,6,32,1,0,purepdf_chunkhorizontalscale.pdf
0,0,2,2,20,20,5,0,0,17.7197265625,0,1,2,3,2,1,2,1,11,2,1,12,1,0,20,12,0,0,rr-10-17.pdf
0,0,2,2,33,33,12,0,0,27.0908203125,0,1,8,3,2,1,8,1,24,1,1,28,1,0,33,11,0,0,n-09-81.pdf
0,0,5,0,137,137,99,0,0,94.44140625,0,0,4,5,5,2,52,5,80,2,5,28,4,0,137,9,0,0,f8805.pdf
0,0,2,2,11,11,3,0,0,30.712890625,0,1,1,2,2,1,1,2,4,1,1,0,0,0,11,12,1,0,bdymedia.pdf
0,0,2,2,44,44,32,0,0,94.763671875,0,1,1,2,2,1,2,1,45,1,1,5,1,0,44,12,0,0,colejuan.pdf
0,0,1,1,6,6,2,0,0,77.4755859375,0,0,1,1,1,1,1,0,2,1,1,1,0,0,6,12,1,0,ck12foun.pdf
0,0,1,1,6,6,2,0,0,75.66796875,0,0,1,1,1,1,1,0,2,1,1,1,0,0,6,12,1,0,att+holb.pdf
0,0,1,1,115,115,44,0,0,90.0546875,0,0,14,2,1,1,14,1,76,1,1,119,1,0,115,32,0,0,Copyright_Law_Administration.pdf
0,0,2,2,329,329,61,0,0,404.57421875,0,1,39,3,2,1,39,1,75,1,1,107,1,24,329,12,0,0,irb05-03.pdf
0,0,2,2,94,94,26,0,0,45.2939453125,0,1,24,2,2,1,24,2,16,1,1,59,1,0,94,11,0,0,043102f.pdf
0,0,1,1,50,50,12,0,0,58.3349609375,0,0,11,1,1,1,12,1,9,1,1,23,0,0,50,11,0,0,n-99-44.pdf
0,0,2,2,31,31,19,0,0,78.0322265625,0,1,1,2,2,1,2,1,30,1,1,5,1,0,31,12,0,0,bapstapt.pdf
0,0,2,2,16,16,5,0,0,29.9697265625,0,1,2,2,2,1,2,2,5,1,1,0,0,0,16,12,0,0,clrcwldw.pdf
0,0,1,1,9,9,4,0,0,20.59375,0,0,1,1,1,1,1,1,11,1,1,0,1,0,9,11,1,0,cbsradi.pdf
0,0,2,2,24,24,12,0,0,84.5556640625,0,1,1,2,2,1,2,1,23,1,1,5,1,0,24,12,0,0,bmcsftwr.pdf
0,0,2,2,24,24,7,0,0,36.4189453125,0,1,3,2,2,1,3,2,9,1,1,11,1,0,24,12,0,0,n-04-17..pdf
0,0,1,1,31,31,17,0,0,84.78515625,0,0,1,1,1,1,4,1,30,2,1,5,1,2,31,14,0,0,capgazette.pdf
0,0,2,2,89,89,25,0,0,45.703125,0,1,23,2,2,1,23,1,15,1,1,63,1,0,89,12,0,0,n-06-109.pdf
0,0,2,2,27,27,7,0,0,17.7177734375,0,1,4,2,2,1,4,1,11,1,1,24,1,0,27,11,0,0,a-08-18.pdf
0,0,4,0,47,47,40,0,0,60.80078125,0,0,1,5,4,0,2,4,31,0,4,2,3,0,47,8,0,0,fw11.pdf
0,0,2,2,11,11,3,0,0,29.099609375,0,1,1,2,2,1,1,2,4,1,1,0,0,0,11,12,1,0,ashfrdcm.pdf
0,0,2,2,51,51,17,0,0,318.7861328125,0,0,1,2,2,2,2,2,32,2,2,99,3,0,51,25,0,0,Japanese_CNAstatement.pdf
0,0,3,0,102,102,93,0,0,101.1806640625,0,0,5,3,3,0,50,3,74,0,3,20,2,0,102,9,0,0,f8300.pdf
0,0,3,0,60,60,54,0,0,73.6630859375,0,0,2,3,3,0,8,3,33,0,3,4,1,0,60,21,0,0,f8879s_accessible.pdf
0,0,1,1,6,6,2,0,0,79.7626953125,0,0,1,1,1,1,1,0,2,1,1,1,0,0,6,13,1,0,compennsy.pdf
0,0,2,2,35,35,10,0,0,16.6767578125,0,1,2,2,2,1,2,2,15,1,1,27,0,0,35,13,0,0,64fr62977.pdf
0,0,2,2,26,26,14,0,0,79.4833984375,0,1,1,2,2,1,2,1,27,1,1,5,1,0,26,11,0,0,adailca.pdf
0,0,2,2,28,28,16,0,0,77.009765625,0,1,1,2,2,1,2,1,27,1,1,5,1,0,28,12,0,0,alphaent.pdf
0,0,1,1,6,6,2,0,0,73.1357421875,0,0,1,1,1,1,1,0,2,1,1,1,0,0,6,12,1,0,a2ztchrs.pdf
0,0,2,2,11,11,3,0,0,25.1611328125,0,1,1,2,2,1,1,2,4,1,1,0,0,0,11,11,1,0,commtel.pdf
0,0,3,0,52,52,45,0,0,65.19140625,0,0,3,3,3,0,12,3,33,0,3,8,2,0,52,9,0,0,f8831.pdf
0,0,2,2,26,26,7,0,0,14.986328125,0,1,5,2,2,1,5,1,9,1,1,15,1,0,26,11,0,0,n-06-03.pdf
0,0,2,2,18,18,5,0,0,31.2646484375,0,1,1,2,2,1,1,2,9,1,1,9,1,0,18,11,0,0,n-04-16.pdf
0,0,2,0,13,13,10,0,0,14.5830078125,0,1,1,2,2,0,0,2,5,0,2,0,1,0,13,21,1,0,20110112-M-Saylor.pdf
0,0,2,2,129,129,23,0,0,140.59765625,0,1,4,2,2,1,6,1,34,1,1,60,1,1,129,12,0,0,i1120sph.pdf
0,0,2,2,28,28,16,0,0,77.2763671875,0,1,1,2,2,1,2,1,27,1,1,5,1,0,28,11,0,0,bejdunh.pdf
0,0,2,2,165,165,30,0,0,139.8369140625,0,1,5,2,2,1,9,1,52,1,1,91,1,1,165,9,0,0,i2441.pdf
0,0,2,2,25,25,8,0,0,15.51953125,0,1,4,3,2,1,4,1,20,1,1,24,1,0,25,11,0,0,n-08-47.pdf
0,0,1,1,6,6,2,0,0,79.388671875,0,0,1,1,1,1,1,0,2,1,1,1,0,0,6,13,1,0,cdnetwokt.pdf
0,0,2,2,523,523,17,1,0,146.822265625,0,1,8,2,2,1,8,2,473,1,1,50,1,0,523,12,0,0,n-05-101.pdf
0,0,2,0,34,34,31,0,0,193.7666015625,0,1,1,2,2,0,2,2,10,0,2,1,1,0,34,12,0,0,chick_rx.pdf
0,0,2,2,279,279,20,0,0,152.873046875,0,1,1,2,2,1,2,1,250,1,1,28,1,1,279,19,0,0,catastrophic_pt.pdf
0,0,3,0,81,81,71,0,0,123.697265625,0,0,6,3,3,0,30,3,53,0,3,14,1,0,81,21,0,0,f1099c_accessible.pdf
0,0,2,2,47,47,13,0,0,35.4951171875,0,1,10,2,2,1,10,1,13,1,1,40,1,0,47,11,0,0,n-09-26.pdf
0,0,1,1,40,40,8,0,0,27.103515625,0,0,7,1,1,1,7,1,20,1,1,49,1,0,40,11,0,0,062201f.pdf
2,3,3,3,225,225,55,0,0,306.00390625,0,0,6,3,3,2,36,2,199,2,2,94,2,123,225,8,0,1,f11c.pdf
0,0,3,0,59,59,53,0,0,73.5224609375,0,0,2,3,3,0,8,3,32,0,3,4,1,0,59,27,0,0,f8879-i-2011-00-00--acc.pdf
0,0,1,0,109,109,79,0,0,297.869140625,0,1,28,2,1,0,1,1,4,0,1,1,1,0,109,9,0,0,p1582.pdf
0,0,2,2,67,67,20,0,0,31.7529296875,0,1,18,2,2,1,18,1,9,1,1,28,1,0,67,12,0,0,rp-07-13.pdf
0,0,3,0,78,78,72,0,0,78.5419921875,0,0,2,3,3,0,25,3,50,0,3,9,1,0,78,22,0,0,f8879eo_accessible.pdf
0,0,2,0,36,36,33,0,0,202.0859375,0,1,1,2,2,0,2,2,10,0,2,1,1,0,36,12,0,0,bellazon.pdf
0,0,2,0,62,62,54,0,0,387.9501953125,0,1,6,4,2,0,6,2,29,0,2,6,1,0,62,50,0,0,Pamphlet-Russian-Double-Sided-Printing-Version.pdf
0,0,2,2,26,26,7,0,0,23.3486328125,0,1,4,3,2,1,4,1,13,2,1,24,1,0,26,11,0,0,n-10-67.pdf
0,0,2,2,133,133,31,0,0,168.455078125,0,1,4,2,2,1,8,1,69,1,1,134,1,0,133,12,0,0,i9465fsp.pdf
0,0,2,2,204,204,31,0,0,153.298828125,0,1,6,2,2,1,10,1,64,1,1,92,1,7,204,9,0,0,i8027.pdf
0,0,2,2,68,68,23,0,0,66.00390625,0,1,19,3,2,1,19,1,23,2,1,49,1,2,68,11,0,0,n-10-85.pdf
0,0,2,0,15,15,12,0,0,25.6943359375,0,1,1,2,2,0,0,2,6,0,2,1,1,0,15,25,0,0,20101107-A-Stankrauff.pdf
0,0,1,1,24,24,5,0,0,13.66796875,0,0,5,1,1,1,5,1,7,1,1,11,0,0,24,11,0,0,n-98-55.pdf
0,0,2,2,29,29,17,0,0,85.2841796875,0,1,1,2,2,1,2,1,28,1,1,5,1,0,29,12,0,0,asampoil.pdf
0,0,4,0,51,51,44,0,0,71.08203125,0,0,2,5,4,0,3,4,30,0,4,3,3,0,51,11,0,0,f1040sj.pdf
0,0,3,0,61,61,55,0,0,83.345703125,0,0,2,3,3,0,8,3,33,0,3,4,1,0,61,20,0,0,f8917_accessible.pdf
0,0,2,2,47,47,13,0,0,22.302734375,0,1,10,2,2,1,11,2,10,1,1,22,0,0,47,12,0,0,rp-00-22.pdf
0,0,2,0,37,37,34,0,0,153.349609375,0,1,1,2,2,0,2,2,10,0,2,1,1,0,37,18,0,0,command_trends.pdf
0,0,2,2,11,11,3,0,0,25.275390625,0,1,1,2,2,1,1,2,4,1,1,0,0,0,11,12,1,0,brandbgt.pdf
0,0,2,2,12,12,4,0,0,25.3701171875,0,1,1,2,2,1,1,2,5,1,1,0,1,0,12,12,1,0,calprime.pdf
0,0,1,1,6,6,2,0,0,73.4423828125,0,0,1,1,1,1,1,0,2,1,1,1,0,0,6,11,1,0,asiowsh.pdf
0,0,2,2,25,25,6,0,0,10.640625,0,1,4,2,2,1,4,1,11,1,1,24,1,0,25,13,0,0,rr-04-106.pdf
0,0,2,2,61,61,36,0,0,48.044921875,0,1,1,3,2,1,1,1,39,1,1,57,1,0,61,17,0,0,cp01h_english.pdf
0,0,2,2,70,70,20,0,0,43.2998046875,0,1,16,2,2,1,16,1,15,1,1,57,1,0,70,12,0,0,rr-10-31.pdf
0,0,2,2,57,57,6,1,0,50.52734375,0,1,2,2,2,1,2,2,56,1,1,10,1,0,57,11,0,0,n-03-72.pdf
0,0,2,2,28,28,8,0,0,25.4375,0,1,4,2,2,1,4,2,10,1,1,14,1,0,28,12,0,0,rr-03-71.pdf
0,1,2,2,828,828,35,0,0,353.1298828125,0,1,4,2,2,1,20,1,810,1,1,67,1,760,828,9,0,0,f706a.pdf
0,0,2,2,48,48,22,0,0,30.61328125,0,1,1,3,2,1,5,1,38,1,1,49,1,0,48,17,0,0,cp32a_english.pdf
0,0,1,1,6,6,2,0,0,72.7890625,0,0,1,1,1,1,1,0,2,1,1,1,0,0,6,11,1,0,calsula.pdf
0,0,2,2,92,92,41,0,0,77.6240234375,0,1,31,3,2,1,31,6,52,1,1,75,1,0,92,12,0,0,rp-08-59.pdf
0,0,1,1,6,6,2,0,0,78.1748046875,0,0,1,1,1,1,1,0,2,1,1,1,0,0,6,12,1,0,cefmedem.pdf
0,0,4,0,37,37,31,0,0,51.154296875,0,0,1,5,4,0,2,4,29,0,4,2,3,0,37,10,0,0,f8027t.pdf
0,0,2,2,66,66,22,0,0,229.3544921875,0,0,11,3,2,1,11,3,63,1,3,74,0,1,66,43,0,0,20110124-Society-of-American-Archivists.pdf
0,0,4,6,37,37,12,0,0,60.9453125,0,0,2,9,4,4,4,7,44,4,7,15,3,2,37,11,0,0,a-07-62.pdf
0,0,1,1,19,19,5,1,0,52.5625,0,0,1,1,1,1,1,1,8,1,1,17,0,1,19,20,0,0,Brian_Brzezinski.pdf
0,0,2,2,11,11,3,0,0,30.453125,0,1,1,2,2,1,1,2,4,1,1,0,0,0,11,10,1,0,chahmo.pdf
0,0,3,0,56,56,48,0,0,67.34375,0,0,2,4,3,0,8,3,31,0,3,2,1,0,56,11,0,0,f12339b.pdf
0,0,2,2,66,66,23,0,0,90.48828125,0,1,10,2,2,1,10,2,13,1,1,34,1,0,66,11,0,0,n-03-19.pdf
0,0,2,2,11,11,3,0,0,26.173828125,0,1,1,2,2,1,1,2,4,1,1,0,0,0,11,12,1,0,brdbrysc.pdf
0,0,2,2,33,33,16,0,0,29.1318359375,0,1,2,3,2,1,2,1,20,1,1,35,1,0,33,9,0,0,dubai.pdf
0,0,2,2,51,51,18,0,0,34.2353515625,0,1,11,3,2,1,11,1,36,1,1,59,1,0,51,11,0,0,n-12-40.pdf
0,0,1,1,48,48,12,0,0,66.9990234375,0,0,8,1,1,1,8,1,25,1,1,51,0,0,48,12,0,0,68fr2011.pdf
0,0,2,2,36,35,23,0,0,100.189453125,0,1,1,2,2,1,2,1,36,1,1,5,1,0,35,20,0,0,arcinternational.pdf
0,0,3,0,145,145,139,0,0,126.19140625,0,0,2,3,3,0,86,3,109,0,3,30,1,0,145,21,0,0,f1040x_accessible.pdf
0,0,2,2,164,164,31,0,0,150.521484375,0,1,7,2,2,1,10,1,50,1,1,89,1,1,164,9,0,0,i3468.pdf
0,0,2,2,11,11,3,0,0,15.1279296875,0,1,1,2,2,1,1,2,4,1,1,0,0,0,11,11,1,0,cmainet.pdf
0,0,1,1,6,6,2,0,0,79.072265625,0,0,1,1,1,1,1,0,2,1,1,1,0,0,6,16,1,0,balmusartinc.pdf
0,0,2,2,26,26,6,0,0,13.2333984375,0,1,3,2,2,1,3,1,13,1,1,33,1,0,26,11,0,0,n-05-06.pdf
0,0,2,2,27,27,6,0,0,11.1904296875,0,1,4,2,2,1,4,1,13,1,1,34,1,0,27,12,0,0,rr-06-61.pdf
0,0,2,2,21,21,6,0,0,32.4638671875,0,1,2,2,2,1,2,2,9,1,1,10,1,0,21,11,0,0,a-04-52.pdf
0,0,2,2,32,32,8,0,0,30.0986328125,0,1,2,2,2,1,2,2,16,1,1,23,1,0,32,10,0,0,118bsa.pdf
0,0,2,2,44,44,15,0,0,30.7705078125,0,1,10,3,2,1,10,1,33,1,1,40,1,1,44,11,0,0,n-06-41.pdf
0,0,3,0,36,36,28,0,0,36.478515625,0,0,5,3,3,1,0,3,7,1,3,0,2,0,36,11,0,0,115101f.pdf
0,0,4,0,63,63,55,0,0,82.46484375,0,0,3,4,4,0,3,4,28,0,4,3,2,0,63,20,0,0,f8844_accessible.pdf
0,0,1,1,36,36,9,0,0,30.865234375,0,0,9,1,1,1,9,1,7,1,1,15,0,0,36,11,0,0,n-99-27.pdf
0,0,2,2,24,24,12,0,0,92.12109375,0,1,1,2,2,1,2,1,23,1,1,5,1,0,24,12,0,0,buyseasi.pdf
0,0,2,2,22,22,8,0,0,19.7275390625,0,1,3,3,2,1,3,1,17,1,1,23,1,0,22,35,0,0,qiattachment_cyprus_kyc_rev2010.pdf
0,0,2,2,11,11,3,0,0,23.1201171875,0,1,1,2,2,1,1,2,4,1,1,0,0,0,11,10,1,0,assehc.pdf
0,0,2,2,25,25,13,0,0,77.150390625,0,1,1,2,2,1,2,1,24,1,1,5,1,0,25,11,0,0,bizzyin.pdf
0,0,1,1,9,9,4,0,0,28.220703125,0,0,1,1,1,1,1,1,11,1,1,0,1,0,9,11,1,0,commtlc.pdf
0,0,2,2,12,12,4,0,0,22.5986328125,0,1,1,2,2,1,1,2,5,1,1,0,1,0,12,12,1,0,cathclve.pdf
0,0,1,1,418,418,63,0,0,205.9287109375,0,0,56,1,1,1,57,1,299,6,1,124,1,60,418,11,0,0,atgnmtc.pdf
0,0,2,2,43,43,17,0,0,43.8564453125,0,1,6,3,2,1,6,1,38,1,1,44,1,1,43,11,0,0,ais-pia.pdf
0,0,2,2,103,103,30,0,0,55.7412109375,0,1,27,2,2,1,27,1,15,1,1,67,1,0,103,11,0,0,n-10-15.pdf
0,0,2,2,85,85,45,0,0,194.5732421875,0,1,2,3,2,1,2,1,68,1,1,127,2,0,85,9,0,0,p4535.pdf
0,0,2,2,11,11,3,0,0,24.2880859375,0,1,1,2,2,1,1,2,4,1,1,0,0,0,11,10,1,0,conlin.pdf
0,0,1,1,6,6,2,0,0,73.26171875,0,0,1,1,1,1,1,0,2,1,1,1,0,0,6,12,1,0,columbul.pdf
0,0,3,4,40,40,13,0,0,33.6318359375,0,0,6,6,3,2,6,4,35,2,4,56,2,0,40,20,0,0,esop_tar3_120909.pdf
0,0,3,0,64,64,56,0,0,113.4375,0,0,4,3,3,0,7,3,28,0,3,5,1,0,64,10,0,0,f1041a.pdf
0,0,2,2,55,55,22,0,0,45.287109375,0,1,3,2,2,1,3,1,39,1,1,59,1,0,55,9,0,0,i8594.pdf
0,0,2,0,20,20,17,0,0,32.8037109375,0,1,1,2,2,0,6,2,11,0,2,1,2,0,20,28,0,0,Envelope_Address_Example.pdf
0,0,3,0,140,140,132,0,0,94.419921875,0,0,4,3,3,0,97,3,111,0,3,35,1,0,140,10,0,0,f14157.pdf
0,0,2,2,25,25,5,1,0,11.349609375,0,1,3,2,2,1,3,2,12,1,1,25,0,0,25,12,0,0,rr-01-06.pdf
0,0,2,2,11,11,3,0,0,26.658203125,0,1,1,2,2,1,1,2,4,1,1,0,0,0,11,12,1,0,amspecta.pdf
0,0,2,2,11,11,3,0,0,31.7021484375,0,1,1,2,2,1,1,2,4,1,1,0,0,0,11,12,1,0,audiomkr.pdf
0,0,1,1,23,23,3,0,0,25.77734375,0,0,3,1,1,1,3,1,14,1,1,30,0,0,23,13,0,0,64fr36574.pdf
0,0,3,0,108,108,97,0,0,78.0185546875,0,0,7,5,3,0,60,3,83,0,3,19,3,0,108,20,0,0,f3921_accessible.pdf
0,0,2,4,428,428,49,0,0,186.765625,0,0,34,6,2,2,34,5,478,2,5,79,2,45,428,26,0,0,inplan_roth_phoneforum.pdf
0,0,2,2,38,38,15,0,0,39.45703125,0,1,5,3,2,1,5,1,30,1,1,38,1,1,38,12,0,0,cawr-pia.pdf
0,0,1,1,167,167,51,0,0,81.958984375,0,0,51,1,1,1,51,1,6,1,1,55,0,0,167,11,0,0,n-98-31.pdf
0,0,2,2,25,25,7,0,0,13.9345703125,0,1,3,3,2,1,3,1,21,1,1,33,1,0,25,12,0,0,rp-09-10.pdf
0,0,3,0,278,278,272,0,0,203.7255859375,0,0,2,3,3,0,214,3,236,0,3,108,1,0,278,11,0,0,f940pra.pdf
0,0,2,2,53,53,24,0,0,65.2275390625,0,1,7,3,2,1,7,1,44,1,1,54,1,1,53,13,0,0,rccms-pia.pdf
0,0,2,2,83,83,34,0,0,295.515625,0,1,1,2,2,1,3,2,60,1,1,113,4,2,83,12,0,0,09ebsnap.pdf
0,0,1,1,6,6,2,0,0,83.3623046875,0,0,1,1,1,1,1,0,2,1,1,1,0,0,6,12,1,0,cavalier.pdf
0,0,2,2,484,484,48,0,0,267.21484375,0,1,18,3,2,1,24,1,181,1,1,112,1,97,484,14,0,0,i1099gi_11.pdf
0,0,1,1,6,6,2,0,0,86.3271484375,0,0,1,1,1,1,1,0,2,1,1,1,0,0,6,12,1,0,confcomm.pdf
0,0,1,1,69,69,19,0,0,108.8095703125,0,0,15,1,1,1,15,1,24,1,1,56,0,0,69,12,0,0,69fr3606.pdf
0,0,2,2,11,11,3,0,0,27.86328125,0,1,1,2,2,1,1,2,4,1,1,0,0,0,11,10,1,0,cgysol.pdf
0,0,1,1,18,18,3,0,0,13.6328125,0,0,1,1,1,1,1,1,7,1,1,17,0,0,18,23,0,0,blueKey-wireless-08.pdf
0,0,3,3,54,54,23,0,0,28.34375,0,0,3,3,3,4,5,2,22,4,2,32,2,0,54,11,0,0,100901f.pdf
0,0,3,0,58,58,52,0,0,77.6689453125,0,0,2,3,3,0,8,3,31,0,3,4,1,0,58,19,0,0,fw7a_accessible.pdf
0,0,1,1,6,6,2,0,0,70.0673828125,0,0,1,1,1,1,1,0,2,1,1,1,0,0,6,12,1,0,careypal.pdf
0,0,2,2,27,27,15,0,0,92.70703125,0,1,1,2,2,1,2,1,26,1,1,5,1,0,27,12,0,0,corcodec.pdf
0,0,2,0,15,15,12,0,0,31.7431640625,0,1,1,2,2,0,0,2,6,0,2,1,1,0,15,15,0,0,Beth_Dixson.pdf
0,0,1,1,50,50,13,0,0,21.935546875,0,0,13,1,1,1,13,1,7,1,1,19,0,0,50,11,0,0,n-98-25.pdf
0,0,1,1,6,6,2,0,0,90.1044921875,0,0,1,1,1,1,1,0,2,1,1,1,0,0,6,12,1,0,advidcom.pdf
0,0,2,2,11,11,3,0,0,22.423828125,0,1,1,2,2,1,1,2,4,1,1,0,0,0,11,10,1,0,ccmich.pdf
0,0,3,0,50,50,44,0,0,59.45703125,0,0,2,3,3,0,8,3,28,0,3,4,1,0,50,20,0,0,f8899_accessible.pdf
0,0,2,2,36,36,24,0,0,85.830078125,0,1,1,2,2,1,2,1,35,1,1,5,1,0,36,15,0,0,coinstarinc.pdf
0,0,3,0,118,118,112,0,0,87.5849609375,0,0,2,3,3,0,68,3,89,0,3,24,1,0,118,20,0,0,f8379_accessible.pdf
0,0,4,0,65,65,58,0,0,99.2998046875,0,0,2,5,4,0,9,4,38,0,4,5,3,0,65,9,0,0,f5329.pdf
0,0,2,2,38,38,11,0,0,25.546875,0,1,3,2,2,1,3,2,16,1,1,28,0,0,38,13,0,0,63fr71167.pdf
0,0,3,3,81,81,21,0,0,115.6982421875,0,0,1,3,3,2,2,2,62,2,2,28,2,2,81,18,0,0,berkley_edu_nj.pdf
0,0,2,2,149,149,41,0,0,86.568359375,0,1,39,2,2,1,39,2,21,1,1,71,1,0,149,7,0,0,162.pdf
0,0,2,2,34,34,11,0,0,36.4169921875,0,1,8,3,2,1,8,1,13,2,1,28,1,0,34,11,0,0,n-10-64.pdf
0,0,2,2,26,26,14,0,0,76.1552734375,0,1,1,2,2,1,2,1,25,1,1,5,1,0,26,12,0,0,carmalan.pdf
0,0,2,2,169,169,53,1,0,162.6220703125,0,1,45,2,2,1,45,2,19,1,1,66,0,0,169,11,0,0,n-01-66.pdf
0,0,2,2,11,11,3,0,0,26.7958984375,0,1,1,2,2,1,1,2,4,1,1,0,0,0,11,12,1,0,chromlif.pdf
0,0,2,2,229,229,16,1,0,67.7509765625,0,1,5,2,2,1,5,2,168,1,1,13,1,0,229,11,0,0,a-04-46.pdf
0,0,4,0,196,196,187,0,0,116.76953125,0,0,4,5,4,0,143,4,170,0,4,51,3,0,196,9,0,0,f8823.pdf
0,0,2,2,25,25,13,0,0,80.8154296875,0,1,1,2,2,1,2,1,24,1,1,5,1,0,25,13,0,0,allenbrad.pdf
0,0,2,0,36,36,33,0,0,169.423828125,0,1,1,2,2,0,1,2,9,0,2,1,1,0,36,22,0,0,central_nm_college.pdf
0,0,2,0,30,30,27,0,0,175.505859375,0,1,1,2,2,0,2,2,10,0,2,1,1,0,30,14,0,0,bend_cable.pdf
0,0,2,2,12,12,4,0,0,21.5625,0,1,1,2,2,1,1,2,5,1,1,0,1,0,12,10,1,0,adhost.pdf
0,0,2,2,11,11,3,0,0,25.4814453125,0,1,1,2,2,1,1,2,4,1,1,0,0,0,11,12,1,0,bartnccc.pdf
0,0,3,6,106,106,20,3,0,346.8984375,0,0,4,9,3,4,4,8,99,4,8,68,3,5,106,9,0,0,p4573.pdf
0,0,2,2,49,49,20,0,0,56.66796875,0,1,7,3,2,1,7,1,42,1,1,56,1,1,49,11,0,0,pmf-pia.pdf
0,0,2,2,221,221,41,0,0,185.162109375,0,1,7,3,2,1,13,1,78,1,1,137,1,1,221,9,0,0,i2210.pdf
0,0,3,0,39,39,32,0,0,47.2958984375,0,0,2,5,3,1,3,3,18,1,3,3,2,0,39,10,0,0,f8160t.pdf
0,0,3,0,21,21,16,0,0,24.4970703125,0,0,2,3,3,1,0,3,8,1,3,0,2,0,21,13,0,0,aod201101.pdf
0,0,2,2,36,36,24,0,0,82.9228515625,0,1,1,2,2,1,2,1,37,1,1,5,1,0,36,17,0,0,americanation.pdf
0,0,1,1,56,56,16,0,0,80.1220703125,0,0,8,1,1,1,8,1,34,1,1,76,0,0,56,13,0,0,69fr34578.pdf
0,0,1,1,6,6,2,0,0,89.197265625,0,0,1,1,1,1,1,0,2,1,1,1,0,0,6,12,1,0,cmgdabhc.pdf
0,0,2,2,125,125,80,0,0,131.951171875,0,1,3,3,2,1,3,1,85,1,1,112,1,0,125,16,0,0,cp10_spanish.pdf
0,0,1,1,6,6,1,0,0,1.4267578125,0,0,1,1,1,1,1,1,2,1,1,3,0,0,6,29,1,0,purepdf_columntextexample.pdf
0,0,2,2,34,34,9,0,0,23.8076171875,0,1,4,3,2,1,4,1,29,1,1,44,1,1,34,12,0,0,rp-09-36.pdf
0,0,2,2,35,35,7,0,0,21.5166015625,0,1,5,2,2,1,5,2,20,1,1,40,1,0,35,14,0,0,072perlman.pdf
0,0,2,2,30,30,10,0,0,17.904296875,0,1,2,3,2,1,2,1,26,1,1,48,1,0,30,27,0,0,ceaccreditorapplication.pdf
0,0,4,0,62,62,54,0,0,105.767578125,0,0,2,4,4,0,5,4,36,0,4,3,1,0,62,11,0,0,f8582cr.pdf
0,0,2,2,60,60,28,0,0,35.0009765625,0,0,5,2,2,4,7,2,17,4,2,27,2,0,60,11,0,0,092102f.pdf
0,0,2,2,122,122,37,0,0,101.6884765625,0,1,35,2,2,1,35,1,11,1,1,55,1,0,122,12,0,0,rp-11-35.pdf
0,0,2,2,33,33,10,0,0,20.4765625,0,1,6,3,2,1,6,1,26,1,1,46,1,0,33,11,0,0,n-08-46.pdf
0,0,2,2,18,18,4,0,0,11.0595703125,0,1,1,3,2,1,1,1,11,2,1,11,1,0,18,11,0,0,n-10-74.pdf
0,0,2,2,194,194,20,0,0,45.1357421875,0,1,3,2,2,1,3,1,175,1,1,44,1,1,194,17,0,0,cams-ardi-pia.pdf
0,0,2,2,59,59,8,1,0,61.0302734375,0,1,2,2,2,1,2,2,58,1,1,26,1,1,59,11,0,0,a-02-31.pdf
0,0,2,2,26,26,7,0,0,11.25390625,0,1,5,2,2,1,5,1,9,1,1,15,1,0,26,13,0,0,rp-07-18_.pdf
0,0,1,1,20,20,4,0,0,32.822265625,0,0,1,1,1,1,1,1,20,1,1,34,0,0,20,12,0,0,69fr5196.pdf
0,0,2,2,24,24,9,0,0,18.1962890625,0,1,4,3,2,1,4,1,18,1,1,24,1,0,24,12,0,0,rr-06-24.pdf
0,0,3,0,59,59,53,0,0,151.2099609375,0,0,2,3,3,0,7,3,29,0,3,5,1,0,59,20,0,0,f8928_accessible.pdf
0,0,2,2,48,48,9,1,0,54.177734375,0,1,2,2,2,1,2,1,36,1,1,18,1,0,48,12,0,0,19butler.pdf
0,0,2,2,36,36,9,0,0,16.2119140625,0,1,7,2,2,1,7,1,13,1,1,37,1,0,36,11,0,0,n-08-26.pdf
0,0,1,1,21,21,3,0,0,20.1552734375,0,0,1,1,1,1,1,1,4,1,1,9,0,0,21,18,0,0,Chris_Wahlberg.pdf
0,0,2,2,62,62,28,0,0,60.6201171875,0,1,20,3,2,1,20,1,34,1,1,30,1,0,62,11,0,0,n-06-67.pdf
0,0,1,1,6,6,2,0,0,80.3369140625,0,0,1,1,1,1,1,0,2,1,1,1,0,0,6,12,1,0,beprecis.pdf
0,0,2,0,48,48,44,0,0,297.212890625,0,1,2,2,2,0,2,2,15,0,2,2,7,0,48,11,0,0,p4591ru.pdf
0,0,2,2,73,73,20,0,0,69.9541015625,0,1,8,3,2,1,8,1,52,1,1,51,1,2,73,16,0,0,5-dan-pescod.pdf
0,0,2,2,61,61,26,0,0,74.392578125,0,1,11,3,2,1,11,1,40,1,1,64,1,1,61,11,0,0,ams-pia.pdf
0,0,2,0,48,48,43,0,0,46.171875,0,1,3,2,2,0,3,2,12,0,2,3,1,0,48,10,0,0,hhs568.pdf
0,0,2,2,111,111,41,0,0,65.7880859375,0,1,6,5,2,1,6,1,91,1,1,117,1,2,111,23,0,0,f1098e11_accessible.pdf
0,0,2,2,55,55,26,0,0,87.8037109375,0,1,4,3,2,1,4,1,33,1,1,66,1,1,55,11,0,0,n-09-88.pdf
0,0,2,2,31,31,8,0,0,22.771484375,0,1,4,3,2,1,4,1,17,2,1,24,1,1,31,11,0,0,n-11-92.pdf
0,0,3,4,71,71,26,0,0,78.5927734375,0,0,17,6,3,2,18,4,53,2,4,78,2,1,71,37,0,0,hybridplans_phoneforum_transcript.pdf
0,0,2,2,21,21,8,0,0,84.6904296875,0,1,2,2,2,1,2,1,9,1,1,0,1,0,21,55,0,0,memorandum_on_routing_of_voluntary_disclosure_cases.pdf
0,0,2,0,31,31,28,0,0,144.2490234375,0,1,1,2,2,0,2,2,10,0,2,1,1,0,31,16,0,0,carbon_games.pdf
0,0,2,0,33,33,30,0,0,159.5947265625,0,1,1,2,2,0,2,2,10,0,2,1,1,0,33,13,0,0,blackhawk.pdf
0,0,2,2,138,138,26,0,0,120.1689453125,0,1,4,2,2,1,7,1,41,1,1,70,1,0,138,12,0,0,i1098_11.pdf
0,0,4,0,124,124,97,0,0,93.4677734375,0,0,8,5,4,1,56,4,84,1,4,32,3,0,124,9,0,0,f2439.pdf
0,0,2,2,229,229,69,0,0,231.31640625,0,1,62,2,2,1,62,1,29,1,1,167,1,0,229,11,0,0,a-05-27.pdf
0,0,2,2,230,230,34,0,0,179.189453125,0,1,8,2,2,1,12,1,55,1,1,105,1,0,230,10,0,0,i990sc.pdf
0,0,2,2,65,65,17,0,0,41.08984375,0,1,13,2,2,1,13,1,21,1,1,76,1,0,65,25,0,0,041413sirius-xm-radio.pdf
0,0,2,2,32,32,14,0,0,21.0771484375,0,1,3,3,2,1,3,1,20,1,1,33,1,0,32,11,0,0,n-04-62.pdf
0,0,1,1,146,146,41,0,0,140.572265625,0,0,41,1,1,1,41,1,18,1,1,76,0,0,146,7,0,0,npc.pdf
0,0,2,2,22,22,6,0,0,13.3427734375,0,1,1,3,2,1,1,1,20,1,1,21,1,1,22,11,0,0,a-06-25.pdf
0,0,1,1,144,144,39,0,0,247.94921875,0,0,39,1,1,1,39,1,19,1,1,81,0,0,144,12,0,0,98pfctar.pdf
0,0,2,2,38,38,9,0,0,29.431640625,0,1,4,2,2,1,4,1,23,1,1,74,1,0,38,12,0,0,n-11-100.pdf
0,0,1,1,27,27,7,0,0,50.5380859375,0,0,2,1,1,1,2,1,26,1,1,48,0,0,27,13,0,0,70fr15368.pdf
0,0,2,2,11,11,3,0,0,26.7568359375,0,1,1,2,2,1,1,2,4,1,1,0,0,0,11,12,1,0,coachnet.pdf
0,0,4,0,85,85,74,0,0,79.7841796875,0,0,6,7,4,0,31,4,60,0,4,15,3,0,85,10,0,0,f1098e.pdf
0,1,4,4,131,131,62,0,0,195.9345703125,0,0,2,4,4,3,45,3,116,3,3,57,3,36,131,11,0,0,f1066sq.pdf
2,3,1,2,416,416,210,0,0,315.451171875,0,0,2,3,1,1,181,3,522,1,2,93,1,148,416,20,0,1,f8283_accessible.pdf
0,0,2,2,163,163,29,0,0,165.4990234375,0,1,5,2,2,1,7,1,55,1,1,86,1,5,163,15,0,0,i4684--2010.pdf
0,0,2,2,53,53,16,0,0,64.7958984375,0,1,11,2,2,1,11,2,11,1,1,27,1,0,53,12,0,0,rp-03-84.pdf
0,0,3,0,40,40,34,0,0,108.6162109375,0,0,2,3,3,0,3,3,25,0,3,3,1,0,40,25,0,0,f8906_2011-00-00--acc.pdf
0,0,5,8,178,178,49,0,0,112.1787109375,0,0,2,11,5,4,21,9,256,4,8,83,4,90,177,9,0,0,f4466.pdf
0,0,2,2,153,153,17,1,0,77.037109375,0,1,11,2,2,1,11,2,115,1,1,35,1,1,153,11,0,0,rp02-68.pdf
0,0,1,1,6,6,2,0,0,76.955078125,0,0,1,1,1,1,1,0,2,1,1,1,0,0,6,12,1,0,conroolc.pdf
0,0,2,2,54,54,25,0,0,81.96875,0,1,4,3,2,1,4,1,34,1,1,63,1,1,54,11,0,0,n-12-24.pdf
0,0,2,2,64,64,20,0,0,40.8427734375,0,1,12,2,2,1,12,2,9,1,1,20,0,0,64,11,0,0,n-00-20.pdf
0,0,2,2,47,47,15,0,0,82.376953125,0,1,6,2,2,1,6,2,19,1,1,48,1,0,47,11,0,0,n-04-39.pdf
0,0,2,2,76,76,20,1,0,49.8671875,0,1,18,2,2,1,18,2,15,1,1,47,0,0,76,11,0,0,rr-01-4.pdf
0,0,2,2,11,11,3,0,0,24.9775390625,0,1,1,2,2,1,1,2,4,1,1,0,0,0,11,12,1,0,convltel.pdf
0,0,2,2,33,33,5,0,0,10.59765625,0,1,1,2,2,0,1,2,32,1,1,10,1,0,33,7,0,0,298.pdf
0,0,3,0,89,89,82,0,0,97.029296875,0,0,3,3,3,0,33,3,56,0,3,13,1,0,89,20,0,0,f8945_accessible.pdf
0,1,2,4,245,245,124,0,0,125.7998046875,0,0,2,4,2,2,101,3,304,2,3,89,2,78,244,9,0,0,f8886.pdf
0,0,2,2,43,43,20,0,0,77.546875,0,1,1,2,2,1,1,1,23,1,1,59,1,0,43,58,0,0,20110131-Lizabeth-Wilson-Univ.-of-Washington-Libraries.pdf
0,0,3,3,133,133,26,0,0,145.5595703125,0,0,4,3,3,2,7,2,61,2,2,81,2,8,133,7,0,0,iw9.pdf
0,0,2,2,11,11,3,0,0,29.12109375,0,1,1,2,2,1,1,2,4,1,1,0,0,0,11,12,1,0,comutpth.pdf
0,0,2,2,11,11,3,0,0,32.3349609375,0,1,1,2,2,1,1,2,4,1,1,0,0,0,11,12,1,0,cincypst.pdf
0,0,2,2,25,25,13,0,0,80.9609375,0,1,1,2,2,1,2,1,24,1,1,5,1,0,25,11,0,0,centamp.pdf
0,0,2,2,202,202,22,1,0,100.7666015625,0,1,15,2,2,1,15,2,152,1,1,47,1,1,202,11,0,0,n-04-12.pdf
0,0,2,2,86,86,49,0,0,147.03125,0,1,13,3,2,1,13,1,33,1,1,34,1,0,86,12,0,0,rp-09-24.pdf
0,0,2,2,23,23,11,0,0,83.029296875,0,1,1,2,2,1,2,1,22,1,1,5,1,0,23,15,0,0,americanmed.pdf
0,0,1,1,6,6,2,0,0,77.43359375,0,0,1,1,1,1,1,0,2,1,1,1,0,0,6,12,1,0,comdcllc.pdf
1,2,2,2,129,129,52,0,0,106.2109375,0,1,6,3,2,1,27,1,145,1,1,75,1,32,129,23,0,1,f5304sim_accessible.pdf
0,0,3,0,71,71,66,0,0,247.4140625,0,0,1,3,3,0,29,3,49,0,3,10,1,0,71,20,0,0,f8940_accessible.pdf
0,0,2,2,12,12,4,0,0,16.6220703125,0,1,1,2,2,1,1,2,5,1,1,0,1,0,12,12,1,0,chartrvt.pdf
0,0,2,2,11,11,3,0,0,23.4501953125,0,1,1,2,2,1,1,2,4,1,1,0,0,0,11,12,1,0,clickman.pdf
0,0,2,2,34,34,22,0,0,87.3642578125,0,1,1,2,2,1,2,1,35,1,1,5,1,0,34,13,0,0,alt12apps.pdf
0,0,1,0,31,31,29,0,0,155.87109375,0,0,4,1,1,1,3,1,10,1,1,2,0,0,31,8,0,0,i843.pdf
0,0,2,2,163,163,11,1,0,65.34765625,0,1,7,2,2,1,7,2,110,1,1,15,1,0,163,13,0,0,rr-03-106.pdf
0,0,1,1,6,6,2,0,0,77.7197265625,0,0,1,1,1,1,1,0,2,1,1,1,0,0,6,12,1,0,bankrate.pdf
0,0,2,2,173,173,29,0,0,163.5400390625,0,1,8,2,2,1,11,1,50,1,1,85,1,4,173,7,0,0,iw7.pdf
0,0,2,2,37,37,25,0,0,85.89453125,0,1,1,2,2,1,2,1,36,1,1,5,1,0,37,12,0,0,bikenews.pdf
0,0,1,1,71,71,19,0,0,43.25390625,0,0,19,1,1,1,19,1,10,1,1,31,0,0,71,12,0,0,rp-99-13.pdf
0,0,5,0,100,100,89,0,0,113.3974609375,0,0,4,6,5,0,33,5,65,0,5,17,4,0,100,10,0,0,f944pr.pdf
0,0,2,2,120,120,78,0,0,71.7939453125,0,1,3,3,2,1,3,1,81,1,1,99,1,0,120,16,0,0,cp12_spanish.pdf
0,0,2,2,118,118,26,0,0,142.6142578125,0,1,4,2,2,1,6,1,46,1,1,77,1,2,118,11,0,0,i1120fs.pdf
0,0,1,0,59,59,40,0,0,47.900390625,0,0,6,3,1,0,0,1,66,0,1,14,1,0,59,15,0,0,f1099ptr_11.pdf
0,0,2,2,12,12,5,0,0,281.736328125,0,1,1,2,2,1,0,1,9,1,1,0,1,1,12,29,1,0,3D_MarklandKlaschka_LMH_1.pdf
0,0,2,2,222,222,13,1,0,106.7919921875,0,1,7,2,2,1,7,2,165,1,1,31,1,0,222,12,0,0,rr-04-58.pdf
0,0,3,0,73,73,67,0,0,100.109375,0,0,2,3,3,0,20,3,43,0,3,8,1,0,73,22,0,0,f1040sb_accessible.pdf
0,0,2,2,29,29,17,1,0,71.23828125,0,1,4,2,2,1,4,1,12,1,1,20,1,0,29,16,0,0,carney-megan.pdf
0,0,3,0,56,56,50,0,0,94.3310546875,0,0,2,3,3,0,5,3,27,0,3,3,1,0,56,22,0,0,f8582cr_accessible.pdf
0,0,1,1,6,6,2,0,0,77.1435546875,0,0,1,1,1,1,1,0,2,1,1,1,0,0,6,12,1,0,AmerMktg.pdf
0,0,2,2,169,169,55,0,0,186.9658203125,0,1,35,3,2,1,35,2,46,1,1,95,1,0,169,12,0,0,p3--2002.pdf
0,0,1,1,6,6,2,0,0,76.728515625,0,0,1,1,1,1,1,0,2,1,1,1,0,0,6,12,1,0,amiestre.pdf
0,0,1,1,31,31,8,0,0,48.8349609375,0,0,4,1,1,1,4,1,22,1,1,39,1,0,31,13,0,0,67fr38003.pdf
0,0,1,1,101,101,20,0,0,262.8525390625,0,0,10,1,1,1,10,1,23,1,1,82,0,0,101,9,0,0,adler.pdf
0,0,2,2,29,29,11,0,0,19.8583984375,0,1,7,3,2,1,7,1,21,1,1,27,1,0,29,11,0,0,n-06-76.pdf
0,0,2,2,45,45,30,0,0,101.8046875,0,1,2,2,2,1,3,1,50,1,1,5,1,0,45,11,0,0,beedoci.pdf
0,0,2,2,46,46,12,1,0,25.4970703125,0,1,10,2,2,1,10,2,12,1,1,32,0,0,46,11,0,0,n-01-68.pdf
0,0,2,2,26,26,12,0,0,15.0048828125,0,1,1,3,2,1,1,1,15,1,1,25,1,0,26,21,0,0,sl_local_contacts.pdf
0,0,2,2,117,117,35,0,0,60.359375,0,1,31,2,2,1,31,1,17,1,1,74,1,0,117,12,0,0,rp-05-67.pdf
0,0,2,2,48,48,19,0,0,25.9912109375,0,1,4,2,2,1,6,1,19,1,1,34,1,0,48,11,0,0,084201f.pdf
0,0,2,0,30,30,27,0,0,101.5888671875,0,1,1,2,2,0,2,2,10,0,2,1,1,0,30,12,0,0,acil_org.pdf
0,0,3,3,33,33,9,1,0,21.486328125,0,0,6,3,3,2,6,2,12,2,2,16,2,0,33,9,0,0,clark.pdf
0,0,3,0,96,96,86,0,0,208.154296875,0,0,6,3,3,0,26,3,53,0,3,14,1,0,96,20,0,0,f5695_accessible.pdf
0,0,3,0,230,230,218,0,0,278.7314453125,0,0,8,3,3,0,125,3,147,0,3,47,1,0,230,11,0,0,f1120pc.pdf
0,0,3,0,85,85,79,0,0,95.8330078125,0,0,2,3,3,0,29,3,54,0,3,11,1,0,85,19,0,0,f943_accessible.pdf
0,0,2,2,24,24,9,0,0,19.1083984375,0,1,4,3,2,1,4,1,18,1,1,24,1,0,24,12,0,0,rr-06-35.pdf
0,0,2,2,31,31,9,0,0,13.658203125,0,1,1,2,2,1,1,2,14,1,1,24,0,0,31,13,0,0,63fr65567.pdf
0,0,2,2,33,33,10,0,0,46.5087890625,0,1,5,2,2,1,5,2,11,1,1,21,1,0,33,12,0,0,rp-03-45.pdf
0,0,2,2,112,112,73,0,0,66.701171875,0,1,2,3,2,0,9,1,76,1,1,73,1,0,112,17,0,0,cp13a_english.pdf
0,0,2,2,17,17,6,0,0,13.4560546875,0,1,2,3,2,1,2,1,14,1,1,12,1,0,17,11,0,0,n-04-65.pdf
0,0,1,1,87,87,26,0,0,48.8447265625,0,0,22,1,1,1,23,1,9,1,1,32,0,0,87,12,0,0,rp-98-55.pdf
0,0,2,2,27,27,8,0,0,42.9970703125,0,1,4,2,2,1,4,2,9,1,1,12,1,0,27,12,0,0,rp-04-33.pdf
0,0,4,6,1520,1520,129,0,0,366.3017578125,0,0,47,9,4,3,94,7,1345,3,7,205,3,12,1520,31,0,0,epcrs_phoneforum_correction.pdf
0,0,2,0,84,84,70,0,0,283.021484375,0,1,12,2,2,0,1,2,13,0,2,1,1,0,84,23,0,0,ReadingOrder-French.pdf
0,0,2,2,75,75,22,0,0,37.1748046875,0,1,20,2,2,1,20,1,11,1,1,40,1,0,75,11,0,0,n-05-21.pdf
0,0,3,0,115,115,109,0,0,91.2783203125,0,0,2,3,3,0,67,3,88,0,3,23,1,0,115,22,0,0,f9465fs_accessible.pdf
0,0,2,2,92,92,18,2,0,33.794921875,0,0,1,2,2,2,2,2,62,2,2,44,2,6,92,37,0,0,tree_minorities_clinical_research.pdf
0,0,2,2,29,29,17,0,0,78.556640625,0,1,1,2,2,1,2,1,30,1,1,5,1,0,29,11,0,0,bacatel.pdf
0,0,2,2,78,78,38,0,0,64.4267578125,0,1,3,3,2,0,12,1,59,1,1,65,1,0,78,17,0,0,cp771_spanish.pdf
0,0,4,4,356,356,29,0,0,86.5712890625,0,0,6,4,4,3,7,3,337,5,3,29,3,0,356,13,0,0,26usc7611.pdf
0,0,1,1,6,6,2,0,0,72.5126953125,0,0,1,1,1,1,1,0,2,1,1,1,0,0,6,12,1,0,canarywl.pdf
0,0,2,2,81,81,50,0,0,176.380859375,0,1,2,3,2,1,2,1,56,1,1,81,1,0,81,17,0,0,cp21b_chinese.pdf
0,0,2,2,27,27,15,0,0,71.453125,0,1,1,2,2,1,2,1,28,1,1,5,1,0,27,15,0,0,barbarjerry.pdf
0,0,2,2,27,27,15,0,0,98.21875,0,1,1,2,2,1,2,1,26,1,1,5,1,0,27,12,0,0,abundant.pdf
0,0,2,2,35,35,16,0,0,33.564453125,0,1,1,3,2,1,1,1,23,1,1,51,1,0,35,25,0,0,2012_sdc_agenda_final.pdf
0,0,1,0,23,23,22,0,0,19.90625,0,0,3,1,1,0,0,1,4,0,1,0,1,0,23,11,0,0,12-0023.pdf
0,0,5,0,56,56,49,0,0,74.78125,0,0,1,6,5,0,5,5,35,0,5,3,4,0,56,11,0,0,f706gsd.pdf
0,0,2,2,33,33,21,0,0,85.9013671875,0,1,1,2,2,1,2,1,32,1,1,5,1,0,33,12,0,0,askforit.pdf
0,0,3,0,188,188,180,0,0,223.71875,0,0,4,3,3,0,109,3,131,0,3,39,1,0,188,9,0,0,f990t.pdf
0,0,2,0,69,69,62,0,0,195.185546875,0,1,5,2,2,0,7,2,27,0,2,5,1,0,69,11,0,0,circ07d.pdf
0,0,2,2,63,63,15,0,0,39.1337890625,0,1,12,3,2,1,12,1,22,2,1,32,1,0,63,12,0,0,rp-11-24.pdf
0,0,4,4,96,96,17,0,0,58.615234375,0,0,3,4,4,3,3,4,71,3,3,36,3,24,96,13,0,0,67fr15414.pdf
0,0,1,1,6,6,2,0,0,74.2509765625,0,0,1,1,1,1,1,0,2,1,1,1,0,0,6,11,1,0,aditall.pdf
0,0,2,2,59,59,14,0,0,34.4580078125,0,1,9,3,2,1,9,1,40,1,1,39,1,1,59,12,0,0,rp-08-51.pdf
5,5,2,2,4448,4448,2063,1,0,1828.37890625,0,1,175,2,2,1,1984,2,7082,1,1,1601,8,1749,4448,26,0,1,RichContentorFlash (5).pdf
0,0,2,2,23,23,11,0,0,73.1669921875,0,1,1,2,2,1,2,1,22,1,1,5,1,0,23,13,0,0,adstrucll.pdf
0,0,2,2,98,98,42,0,0,82.4248046875,0,1,8,5,2,1,8,1,89,1,1,115,1,2,98,23,0,0,f1099m11_accessible.pdf
0,0,2,2,364,364,55,0,0,228.4375,0,1,14,2,2,1,20,1,653,1,1,148,2,113,364,9,0,0,spr10.pdf
0,0,2,2,43,43,18,0,0,66.1875,0,1,3,2,2,1,3,1,33,1,1,57,1,0,43,13,0,0,70fr16306.pdf
0,0,2,2,42,42,12,0,0,22.658203125,0,1,9,2,2,1,9,1,11,1,1,29,1,0,42,11,0,0,n-07-45.pdf
0,0,2,2,23,23,11,0,0,69.576171875,0,1,1,2,2,1,2,1,22,1,1,5,1,0,23,13,0,0,attapoint.pdf
0,0,2,2,269,269,16,1,0,131.98828125,0,1,7,2,2,1,7,2,241,1,1,55,1,0,269,12,0,0,rp-03-41.pdf
0,0,2,2,44,44,11,1,0,78.4755859375,0,1,2,2,2,1,2,1,25,2,1,34,1,0,44,13,0,0,23ditmore.pdf
0,0,2,2,11,11,3,0,0,27.6201171875,0,1,1,2,2,1,1,2,4,1,1,0,0,0,11,12,1,0,cbdmedia.pdf
0,0,2,2,11,11,3,0,0,28.1025390625,0,1,1,2,2,1,1,2,4,1,1,0,0,0,11,12,1,0,carerbld.pdf
0,0,2,2,121,121,29,0,0,142.3408203125,0,1,3,2,2,1,7,1,58,1,1,132,1,0,121,9,0,0,i9465.pdf
0,0,2,2,35,35,13,0,0,36.02734375,0,1,4,3,2,1,4,1,29,1,1,37,1,1,35,15,0,0,pioneer-pia.pdf
0,0,2,2,60,60,16,0,0,47.7275390625,0,1,12,2,2,1,12,1,19,1,1,65,1,0,60,11,0,0,a-07-18.pdf
0,0,2,2,147,147,22,0,0,148.533203125,0,1,5,2,2,1,6,1,33,1,1,61,1,1,147,12,0,0,i706gsd1.pdf
0,0,2,2,36,36,11,0,0,22.6533203125,0,1,6,3,2,1,6,1,29,1,1,36,1,1,36,12,0,0,rp-12-27.pdf
0,0,2,2,62,62,15,0,0,29.421875,0,1,13,2,2,1,13,2,18,1,1,55,1,0,62,13,0,0,20040301f.pdf
0,0,5,0,128,128,118,0,0,277.4921875,0,0,2,5,5,2,83,5,99,2,5,25,4,0,128,8,0,0,f966.pdf
0,0,2,2,54,54,16,0,0,28.20703125,0,1,11,2,2,1,11,1,19,1,1,37,1,0,54,12,0,0,rr-08-27.pdf
0,0,2,2,54,54,25,0,0,86.6923828125,0,1,4,3,2,1,4,1,33,1,1,66,1,1,54,11,0,0,n-09-20.pdf
0,0,1,1,6,6,2,0,0,74.4072265625,0,0,1,1,1,1,1,0,2,1,1,1,0,0,6,13,1,0,citmedlaw.pdf
0,0,6,0,319,319,312,0,0,137.974609375,0,0,1,6,6,0,257,6,284,0,6,131,3,0,319,27,0,0,eval_401k_questionnaire.pdf
0,0,1,1,29,29,8,0,0,45.4619140625,0,0,1,1,1,1,1,1,29,1,1,55,0,0,29,13,0,0,73fr40203.pdf
0,0,1,1,42,42,8,0,0,85.5927734375,0,0,3,1,1,1,3,1,14,1,1,35,0,0,42,22,0,0,Christopher_Pavsek.pdf
0,0,1,1,6,6,2,0,0,78.544921875,0,0,1,1,1,1,1,0,2,1,1,1,0,0,6,12,1,0,advcompy.pdf
0,0,2,2,130,130,24,0,0,175.0,0,1,1,2,2,1,2,1,92,1,1,57,1,2,130,14,0,0,acord_corp.pdf
0,0,2,2,11,11,3,0,0,25.77734375,0,1,1,2,2,1,1,2,4,1,1,0,0,0,11,12,1,0,akslcnet.pdf
0,0,2,0,31,31,28,0,0,149.828125,0,1,1,2,2,0,2,2,10,0,2,1,1,0,31,12,0,0,billtech.pdf
2,3,2,2,378,378,214,0,0,286.5390625,0,0,2,2,2,2,197,2,342,2,2,156,2,106,378,9,0,1,f8898.pdf
0,0,1,1,6,6,2,0,0,75.013671875,0,0,1,1,1,1,1,0,2,1,1,1,0,0,6,12,1,0,comspdaz.pdf
0,0,3,0,17,17,13,0,0,16.2275390625,0,0,1,3,3,1,1,3,11,1,3,1,2,0,17,10,0,0,ffc103.pdf
0,0,2,2,25,25,9,0,0,17.234375,0,1,5,3,2,1,5,1,19,1,1,25,1,0,25,11,0,0,n-06-10.pdf
0,0,2,2,11,11,3,0,0,27.203125,0,1,1,2,2,1,1,2,4,1,1,0,0,0,11,11,1,0,cnbcinc.pdf
0,0,3,0,60,60,54,0,0,122.3759765625,0,0,2,3,3,0,2,3,24,0,3,2,1,0,60,20,0,0,f4797_accessible.pdf
0,0,2,2,11,11,3,0,0,24.9296875,0,1,1,2,2,1,1,2,4,1,1,0,0,0,11,12,1,0,clubtool.pdf
0,0,2,2,83,83,9,1,0,46.775390625,0,1,5,2,2,1,5,2,70,1,1,13,1,0,83,11,0,0,n-04-38.pdf
0,1,3,3,155,155,49,0,0,268.533203125,0,0,2,3,3,2,30,2,138,2,2,92,2,67,155,9,0,0,f8330.pdf
0,0,2,2,142,142,24,0,0,130.9599609375,0,1,18,3,2,1,18,1,60,2,1,91,1,0,142,12,0,0,rp-11-42.pdf
0,0,2,2,11,11,3,0,0,31.4443359375,0,1,1,2,2,1,1,2,4,1,1,0,0,0,11,12,1,0,clicmrks.pdf
0,0,3,0,63,63,57,0,0,75.5615234375,0,0,2,3,3,0,17,3,38,0,3,7,1,0,63,20,0,0,f2032_accessible.pdf
0,0,1,1,47,47,12,0,0,21.9951171875,0,0,12,1,1,1,12,1,7,1,1,18,0,0,47,11,0,0,rp97-57.pdf
0,0,2,2,199,199,20,1,0,133.3017578125,0,1,2,2,2,1,2,2,165,1,1,52,1,1,199,12,0,0,ir02-123.pdf
0,0,1,1,6,6,2,0,0,71.9931640625,0,0,1,1,1,1,1,0,2,1,1,1,0,0,6,12,1,0,captainu.pdf
0,0,2,2,44,44,12,0,0,26.33984375,0,1,9,2,2,1,9,1,13,1,1,39,1,0,44,12,0,0,rr-07-67.pdf
0,0,2,2,39,39,12,0,0,69.3701171875,0,1,6,2,2,1,6,2,13,1,1,30,1,0,39,11,0,0,n-04-45.pdf
0,0,1,1,6,6,2,0,0,82.05859375,0,0,1,1,1,1,1,0,2,1,1,1,0,0,6,12,1,0,bdwthprd.pdf
0,0,2,2,27,27,15,0,0,70.064453125,0,1,1,2,2,1,2,1,26,1,1,5,1,0,27,15,0,0,comcastspot.pdf
0,0,4,0,109,109,65,0,0,75.3896484375,0,0,3,7,4,0,22,4,122,0,4,30,3,5,109,9,0,0,fw3pr.pdf
0,0,2,2,11,11,4,0,0,64.240234375,0,0,1,3,2,1,1,3,9,1,3,10,0,0,11,22,1,0,Christopher_Flores.pdf
0,0,2,0,33,33,30,0,0,141.4189453125,0,1,1,2,2,0,2,2,10,0,2,1,1,0,33,11,0,0,contour.pdf
0,0,2,2,70,70,28,0,0,228.08203125,0,1,15,2,2,1,15,1,25,1,1,78,1,0,70,29,0,0,american-foundation-blind.pdf
0,0,2,0,88,88,85,0,0,231.044921875,0,1,1,2,2,0,1,2,96,0,2,1,2,0,88,46,0,0,Consular Notification Statement -- English.pdf
0,0,1,1,6,6,2,0,0,71.61328125,0,0,1,1,1,1,1,0,2,1,1,1,0,0,6,10,1,0,bropty.pdf
0,0,4,4,152,152,65,0,0,224.31640625,0,0,2,5,4,3,8,3,117,3,3,180,3,0,152,12,0,0,p4346fvn.pdf
0,0,2,2,282,282,14,0,0,47.9638671875,0,1,5,2,2,1,5,1,282,1,1,45,1,1,282,12,0,0,isdm-pia.pdf
0,0,2,2,12,12,4,0,0,21.74609375,0,1,1,2,2,1,1,2,5,1,1,0,1,0,12,12,1,0,bytetaxi.pdf
0,0,1,1,6,6,2,0,0,60.4462890625,0,0,1,1,1,1,1,0,2,1,1,1,0,0,6,13,1,0,allfscinc.pdf
0,0,1,1,20,20,4,0,0,28.39453125,0,0,1,1,1,1,1,1,20,1,1,34,0,0,20,13,0,0,68fr58054.pdf
0,0,2,2,34,34,15,0,0,50.7431640625,0,1,1,2,2,1,1,1,29,1,1,47,1,0,34,13,0,0,70fr46891.pdf
0,0,2,2,12,12,4,0,0,26.6767578125,0,1,1,2,2,1,1,2,5,1,1,0,1,0,12,12,1,0,amarilct.pdf
0,0,2,2,60,60,27,0,0,31.091796875,0,1,6,2,2,1,8,1,18,1,1,35,1,0,60,11,0,0,084601f.pdf
0,0,2,2,76,76,38,0,0,69.9287109375,0,1,3,3,2,0,13,1,58,1,1,65,1,0,76,16,0,0,cp23_english.pdf
0,0,2,2,48,48,16,0,0,44.5908203125,0,1,3,2,2,1,3,2,25,1,1,38,1,0,48,13,0,0,66fr34372.pdf
0,0,2,2,37,37,10,0,0,20.3076171875,0,1,4,3,2,1,4,1,33,1,1,52,1,1,37,11,0,0,n-10-63.pdf
0,0,2,2,130,130,86,0,0,60.9130859375,0,1,4,2,2,1,15,1,91,1,1,78,1,0,130,16,0,0,cp19_english.pdf
0,0,2,2,578,578,54,0,0,321.3193359375,0,1,23,3,2,1,28,1,103,1,1,145,1,15,578,9,0,0,i990t.pdf
0,0,2,2,26,26,14,0,0,79.654296875,0,1,1,2,2,1,2,1,25,1,1,5,1,0,26,12,0,0,catmacar.pdf
0,0,2,2,11,11,3,0,0,22.923828125,0,1,1,2,2,1,1,2,4,1,1,0,0,0,11,12,1,0,condydca.pdf
0,0,2,2,186,186,63,0,0,120.158203125,0,1,2,3,2,1,47,2,237,1,1,111,1,72,186,8,0,0,fw3c.pdf
0,0,2,2,11,11,3,0,0,24.3515625,0,1,1,2,2,1,1,2,4,1,1,0,0,0,11,12,1,0,ceescptr.pdf
0,0,2,2,147,147,27,0,0,134.8564453125,0,1,6,2,2,1,8,1,37,1,1,71,1,0,147,11,0,0,i1120fh.pdf
0,0,2,2,28,28,16,0,0,82.6259765625,0,1,1,2,2,1,2,1,29,1,1,5,1,0,28,14,0,0,blackstone.pdf
0,0,1,1,6,6,2,0,0,61.267578125,0,0,1,1,1,1,1,0,2,1,1,1,0,0,6,12,1,0,abebkeup.pdf
0,0,1,2,37,37,16,0,0,24.42578125,0,0,1,3,1,1,1,2,22,1,2,41,1,0,37,36,0,0,GrantsGov_reg_process_flow_chart.pdf
0,0,2,2,11,11,3,0,0,30.24609375,0,1,1,2,2,1,1,2,4,1,1,0,0,0,11,12,1,0,colsmnry.pdf
0,0,2,2,151,151,22,0,0,131.01953125,0,1,3,2,2,1,5,1,61,1,1,68,1,12,151,9,0,0,i8850.pdf
0,0,2,2,43,43,16,0,0,39.904296875,0,1,5,3,2,1,5,1,40,1,1,51,1,1,43,16,0,0,qtdg_cpp-pia.pdf
0,0,2,2,12,12,4,0,0,20.365234375,0,1,1,2,2,1,1,2,5,1,1,0,1,0,12,12,1,0,brngbyer.pdf
0,0,2,2,11,11,3,0,0,26.1552734375,0,1,1,2,2,1,1,2,4,1,1,0,0,0,11,12,1,0,bradlyuv.pdf
0,0,2,2,62,62,17,0,0,32.025390625,0,1,15,2,2,1,15,1,13,1,1,45,1,0,62,11,0,0,n-06-69.pdf
0,0,1,1,6,6,2,0,0,70.177734375,0,0,1,1,1,1,1,0,2,1,1,1,0,0,6,12,1,0,britpath.pdf
0,0,2,2,92,92,28,0,0,93.1474609375,0,1,13,3,2,1,13,1,47,1,1,112,1,0,92,19,0,0,10sprbulgifts07.pdf
0,0,2,2,47,47,35,0,0,139.3916015625,0,1,1,2,2,1,2,1,48,1,1,5,1,0,47,15,0,0,cityoptical.pdf
0,0,2,2,73,73,21,0,0,39.8427734375,0,1,18,2,2,1,18,1,15,1,1,51,1,0,73,11,0,0,a-10-75.pdf
0,0,2,2,55,55,16,1,0,36.8994140625,0,1,7,2,2,1,7,2,17,1,1,37,0,0,55,10,0,0,n-02-4.pdf
0,0,2,2,49,49,15,0,0,74.5263671875,0,0,7,2,2,2,7,2,35,2,2,55,1,0,49,13,0,0,74fr34796.pdf
0,0,2,2,78,78,34,0,0,130.0185546875,0,1,7,3,2,1,7,1,47,1,1,78,1,1,78,16,0,0,itin-rts-pia.pdf
0,0,2,2,71,71,46,0,0,146.119140625,0,1,14,3,2,1,14,1,26,1,1,24,1,0,71,12,0,0,n-08-107.pdf
0,0,1,1,18,18,11,0,0,137.2900390625,0,0,2,1,1,1,2,1,8,1,1,0,0,0,18,11,0,0,1233028.pdf
0,0,3,0,120,120,112,0,0,149.4052734375,0,0,4,3,3,0,52,3,75,0,3,20,1,0,120,20,0,0,f1066_accessible.pdf
0,0,2,2,35,35,10,0,0,20.4853515625,0,1,2,2,2,0,2,2,15,0,1,27,0,0,35,12,0,0,63fr5405.pdf
0,1,3,3,196,196,86,0,0,243.029296875,0,0,2,4,3,2,64,3,191,2,2,90,2,67,196,9,0,0,f8816.pdf
0,0,2,2,28,28,5,1,0,15.0078125,0,1,4,2,2,1,4,2,13,1,1,32,0,0,28,11,0,0,n-00-56.pdf
0,0,2,2,146,146,27,0,0,143.05078125,0,1,3,2,2,1,6,1,47,1,1,85,1,0,146,10,0,0,i990sg.pdf
0,0,2,2,11,11,3,0,0,24.169921875,0,1,1,2,2,1,1,2,4,1,1,0,0,0,11,9,1,0,asnet.pdf
0,0,2,2,29,29,8,0,0,22.1943359375,0,1,4,3,2,1,4,1,16,2,1,35,1,0,29,12,0,0,rr-10-15.pdf
0,0,2,2,33,33,21,0,0,98.92578125,0,1,1,2,2,1,2,1,34,1,1,5,1,0,33,11,0,0,biobofc.pdf
0,0,3,3,122,122,23,0,0,110.4404296875,0,0,2,3,3,2,4,2,39,2,2,59,2,1,122,12,0,0,i1041sk1.pdf
0,0,2,2,86,86,25,0,0,67.46875,0,1,20,2,2,1,20,1,19,1,1,73,1,0,86,12,0,0,rp-07-35.pdf
0,0,1,1,6,6,2,0,0,80.5234375,0,0,1,1,1,1,1,0,2,1,1,1,0,0,6,12,1,0,brkmedia.pdf
0,0,4,0,131,131,119,0,0,167.65625,0,0,7,4,4,0,58,4,85,0,4,24,2,0,131,20,0,0,f8832_accessible.pdf
0,0,2,2,139,139,26,0,0,142.1513671875,0,1,4,2,2,1,6,1,42,1,1,77,1,0,139,9,0,0,i8829.pdf
0,0,3,0,233,233,225,0,0,174.0625,0,0,4,3,3,0,178,3,202,0,3,4,1,0,233,22,0,0,f109612_accessible.pdf
0,0,1,1,6,6,2,0,0,78.76171875,0,0,1,1,1,1,1,0,2,1,1,1,0,0,6,12,1,0,blakftel.pdf
0,0,2,2,12,12,4,0,0,22.62890625,0,1,1,2,2,1,1,2,5,1,1,0,1,0,12,12,1,0,advcmcnn.pdf
0,0,2,2,24,24,6,0,0,15.7958984375,0,1,3,3,2,1,3,1,13,2,1,23,1,0,24,11,0,0,n-11-37.pdf
0,0,2,2,37,37,11,0,0,21.03125,0,1,8,2,2,1,8,1,9,1,1,18,1,0,37,11,0,0,n-07-90.pdf
0,0,2,2,45,45,12,0,0,25.236328125,0,1,7,3,2,1,7,1,28,1,1,28,1,0,45,12,0,0,rp-09-13.pdf
0,0,5,0,626,626,608,0,0,287.517578125,0,0,5,6,5,0,528,5,560,0,5,354,4,0,626,10,0,0,f990sr.pdf
0,0,3,0,52,52,46,0,0,68.0078125,0,0,2,3,3,0,8,3,29,0,3,4,1,0,52,20,0,0,f3491_accessible.pdf
0,0,1,1,18,18,2,0,0,21.111328125,0,0,2,1,1,1,2,1,13,1,1,27,0,0,18,13,0,0,64fr12902.pdf
0,0,1,1,6,6,2,0,0,82.99609375,0,0,1,1,1,1,1,0,2,1,1,1,0,0,6,11,1,0,acsflap.pdf
0,0,2,2,246,246,76,0,0,144.66796875,0,1,73,2,2,1,73,1,15,1,1,113,1,0,246,11,0,0,n-05-64.pdf
0,0,1,1,6,6,2,0,0,79.64453125,0,0,1,1,1,1,1,0,2,1,1,1,0,0,6,14,1,0,amercardfd.pdf
0,0,2,2,21,21,6,0,0,45.5966796875,0,1,2,2,2,1,2,2,9,1,1,10,1,0,21,12,0,0,rp-03-32.pdf
0,0,2,0,129,129,126,0,0,264.5458984375,0,1,1,2,2,0,105,2,116,0,2,1,1,0,129,21,0,0,ContractAppendixG.pdf
0,0,3,0,143,143,137,0,0,127.2666015625,0,0,2,3,3,0,89,3,109,0,3,31,1,0,143,22,0,0,f1120nd_accessible.pdf
0,0,3,0,105,105,100,0,0,73.3486328125,0,0,1,3,3,0,64,3,83,0,3,22,1,0,105,23,0,0,f843_accessible.pdf.pdf
0,0,3,0,48,48,42,0,0,65.7958984375,0,0,2,3,3,0,2,3,22,0,3,2,1,0,48,19,0,0,f972_accessible.pdf
0,0,1,1,6,6,2,0,0,68.1337890625,0,0,1,1,1,1,1,0,2,1,1,1,0,0,6,12,1,0,chatrcom.pdf
0,0,1,1,17,17,3,0,0,14.484375,0,0,3,1,1,1,3,1,6,1,1,7,0,0,17,12,0,0,not97-62.pdf
0,0,2,2,53,53,16,0,0,71.83984375,0,1,11,2,2,1,11,2,11,1,1,27,1,0,53,11,0,0,n-03-79.pdf
0,0,1,1,6,6,2,0,0,72.1494140625,0,0,1,1,1,1,1,0,2,1,1,1,0,0,6,12,1,0,chinprtl.pdf
0,0,2,2,47,47,13,0,0,17.060546875,0,1,12,2,2,1,12,2,7,1,1,16,0,0,47,12,0,0,rr-00-15.pdf
0,0,1,1,46,46,10,0,0,30.6357421875,0,0,10,1,1,1,10,1,16,1,1,45,0,0,46,9,0,0,04alm.pdf
0,0,2,2,11,11,3,0,0,30.9384765625,0,1,1,2,2,1,1,2,4,1,1,0,0,0,11,12,1,0,busnsbyd.pdf
2,3,1,2,157,157,53,0,0,64.9521484375,0,0,4,3,1,1,40,3,194,1,2,77,1,44,157,23,0,1,f12153sp_accessible.pdf
0,0,2,2,855,855,31,2,0,251.302734375,0,0,8,2,2,2,16,2,872,2,2,38,2,66,855,17,0,0,tree_glossary.pdf
0,0,2,2,11,11,3,0,0,27.3330078125,0,1,1,2,2,1,1,2,4,1,1,0,0,0,11,12,1,0,apollolb.pdf
0,0,1,1,6,6,2,0,0,79.7412109375,0,0,1,1,1,1,1,0,2,1,1,1,0,0,6,12,1,0,airtapco.pdf
0,0,2,2,27,27,7,0,0,15.294921875,0,1,4,2,2,1,4,1,11,1,1,24,1,0,27,12,0,0,n-11-101.pdf
0,0,1,1,6,6,2,0,0,68.58203125,0,0,1,1,1,1,1,0,2,1,1,1,0,0,6,10,1,0,boxnet.pdf
0,0,4,0,50,50,44,0,0,70.65625,0,0,1,5,4,0,2,4,30,0,4,2,3,0,50,11,0,0,f1120sd.pdf
0,0,2,2,24,24,12,0,0,75.2177734375,0,1,1,2,2,1,2,1,23,1,1,5,1,0,24,14,0,0,appitalinc.pdf
0,0,1,1,6,6,2,0,0,79.4169921875,0,0,1,1,1,1,1,0,2,1,1,1,0,0,6,12,1,0,amerwell.pdf
0,0,2,2,21,21,6,0,0,10.439453125,0,1,2,3,2,1,2,1,18,1,1,22,1,0,21,11,0,0,n-08-83.pdf
0,0,3,0,233,233,166,0,0,156.8427734375,0,0,2,3,3,2,116,3,172,2,3,165,3,0,233,9,0,0,f1040.pdf
0,0,2,2,33,33,10,0,0,52.0947265625,0,1,5,2,2,1,5,2,11,1,1,21,1,0,33,12,0,0,rp-04-12.pdf
0,0,2,2,37,37,25,0,0,96.576171875,0,1,1,2,2,1,2,1,38,1,1,5,1,0,37,12,0,0,brighmid.pdf
0,0,2,2,28,28,9,0,0,18.8740234375,0,1,4,3,2,1,4,1,23,1,1,45,1,0,28,11,0,0,n-08-43.pdf
0,0,2,2,42,42,13,1,0,20.0712890625,0,1,5,2,2,1,5,2,9,1,1,19,0,0,42,12,0,0,rr-02-46.pdf
2,3,2,2,160,160,87,0,0,239.7294921875,0,0,1,2,2,2,70,2,147,2,2,97,2,37,160,10,0,1,f8886t.pdf
0,0,2,2,11,11,3,0,0,30.1865234375,0,1,1,2,2,1,1,2,4,1,1,0,0,0,11,12,1,0,anywrcom.pdf
0,0,2,2,119,119,47,0,0,89.373046875,0,1,39,3,2,1,39,1,61,1,1,69,1,6,119,11,0,0,n-05-10.pdf
0,0,1,0,62,62,57,1,0,260.3173828125,0,1,2,2,1,0,2,1,33,0,1,2,7,0,62,9,0,0,p4482.pdf
0,0,4,0,68,68,61,0,0,87.68359375,0,0,2,5,4,0,15,4,44,0,4,7,3,0,68,9,0,0,f8404.pdf
0,0,2,2,109,109,22,0,0,138.5908203125,0,1,3,2,2,1,3,1,93,1,1,23,1,0,109,41,0,0,2011_ovdi_field_directive_memo_signed.pdf
0,0,2,2,22,22,5,0,0,10.8408203125,0,1,3,2,2,1,3,1,11,1,1,23,1,0,22,13,0,0,rr-04-107.pdf
0,0,2,2,46,46,26,0,0,35.1982421875,0,1,1,3,2,1,1,1,29,1,1,34,1,0,46,18,0,0,cp2005_english.pdf
0,0,3,0,58,58,52,0,0,75.2177734375,0,0,2,3,3,0,14,3,34,0,3,6,1,0,58,20,0,0,f8655_accessible.pdf
0,0,2,2,29,29,17,0,0,120.1376953125,0,1,1,2,2,1,2,1,28,1,1,5,1,0,29,12,0,0,akgmellc.pdf
0,0,2,2,11,11,3,0,0,30.7958984375,0,1,1,2,2,1,1,2,4,1,1,0,0,0,11,12,1,0,aughmpub.pdf
0,0,2,2,46,46,17,0,0,38.142578125,0,1,1,3,2,1,1,1,36,1,1,74,1,1,46,25,0,0,2012_sdc_survey_final.pdf
0,0,2,2,11,11,3,0,0,37.037109375,0,1,1,2,2,1,1,2,4,1,1,0,0,0,11,12,1,0,alcanalm.pdf
0,0,4,0,77,77,71,0,0,65.4931640625,0,0,1,5,4,0,38,4,62,0,4,26,3,0,77,11,0,0,f1065sc.pdf
0,0,3,3,49,49,20,0,0,184.4609375,0,0,2,3,3,2,2,2,30,2,2,81,2,0,49,9,0,0,p4524.pdf
0,0,1,1,6,6,2,0,0,74.7822265625,0,0,1,1,1,1,1,0,2,1,1,1,0,0,6,12,1,0,askbecol.pdf
0,0,1,1,6,6,2,0,0,77.248046875,0,0,1,1,1,1,1,0,2,1,1,1,0,0,6,12,1,0,blurbinc.pdf
0,0,2,0,263,263,256,0,0,173.7958984375,0,0,4,3,2,1,206,2,214,1,2,70,2,0,263,17,0,0,vc_appendix_f.pdf
0,0,2,2,131,131,26,0,0,235.6376953125,0,1,1,2,2,1,2,1,103,1,1,68,1,6,131,14,0,0,ava_living.pdf
0,0,2,2,134,134,24,0,0,189.388671875,0,1,1,2,2,1,2,1,92,1,1,57,1,2,134,14,0,0,atherotech.pdf
0,0,2,2,11,11,3,0,0,24.3916015625,0,1,1,2,2,1,1,2,4,1,1,0,0,0,11,12,1,0,appgenss.pdf
0,0,2,2,84,84,10,1,0,60.91796875,0,1,3,2,2,1,3,2,68,1,1,35,1,0,84,11,0,0,n-02-64.pdf
0,0,6,0,206,206,188,0,0,141.6650390625,0,0,5,6,6,0,143,6,171,0,6,81,5,0,206,9,0,0,f4461.pdf
0,0,2,2,36,36,24,0,0,83.58203125,0,1,1,2,2,1,2,1,37,1,1,5,1,0,36,14,0,0,allbritton.pdf
0,0,1,1,9,9,4,0,0,24.5302734375,0,0,1,1,1,1,1,1,11,1,1,0,1,0,9,12,1,0,bellefai.pdf
0,0,2,2,11,11,3,0,0,24.8935546875,0,1,1,2,2,1,1,2,4,1,1,0,0,0,11,11,1,0,biopass.pdf
0,0,2,2,46,46,34,0,0,109.4677734375,0,1,1,2,2,1,2,1,45,1,1,5,1,0,46,12,0,0,cafepres.pdf
0,0,2,2,16,16,5,0,0,31.185546875,0,1,2,2,2,1,2,2,5,1,1,0,0,0,16,12,0,0,blumnisi.pdf
0,0,1,1,6,6,2,0,0,75.8056640625,0,0,1,1,1,1,1,0,2,1,1,1,0,0,6,12,1,0,carhotwo.pdf
0,0,2,2,11,11,3,0,0,27.7451171875,0,1,1,2,2,1,1,2,4,1,1,0,0,0,11,12,1,0,clearsta.pdf
0,0,2,2,31,31,8,0,0,15.3955078125,0,1,6,2,2,1,6,1,11,1,1,26,1,0,31,12,0,0,rr-07-42.pdf
0,0,2,2,194,194,54,0,0,127.9462890625,0,1,36,3,2,0,36,1,138,0,1,103,1,0,194,39,0,0,hybridplans_phoneforum_presentation.pdf
0,0,2,2,227,227,34,0,0,186.8291015625,0,1,8,3,2,1,13,1,87,1,1,138,1,5,227,9,0,0,i2106.pdf
0,0,2,0,119,119,111,0,0,206.908203125,0,0,4,3,2,0,49,2,74,0,2,35,1,0,119,20,0,0,f2210_accessible.pdf
0,0,1,1,22,22,4,0,0,32.1865234375,0,0,1,1,1,1,1,1,21,1,1,36,0,0,22,13,0,0,68fr67045.pdf
1,0,2,2,28,28,16,0,0,82.2841796875,0,1,1,2,2,1,2,1,27,1,1,5,1,0,28,14,0,0,assocapart.pdf
0,0,3,3,298,298,19,0,0,69.6357421875,0,0,5,3,3,2,10,2,281,2,2,49,2,2,298,16,0,0,lmsb-swc-pia.pdf
0,0,4,0,81,81,72,0,0,92.75390625,0,0,4,5,4,0,29,4,58,0,4,21,3,0,81,11,0,0,f2106ez.pdf
0,0,2,2,11,11,3,0,0,27.09375,0,1,1,2,2,1,1,2,4,1,1,0,0,0,11,11,1,0,binsmth.pdf
0,0,3,0,152,152,140,0,0,287.73828125,0,0,8,3,3,0,41,3,63,0,3,19,1,0,152,20,0,0,f1118_accessible.pdf
0,0,2,2,11,11,3,0,0,25.546875,0,1,1,2,2,1,1,2,4,1,1,0,0,0,11,12,1,0,arabhors.pdf
1,2,2,2,431,431,25,0,0,89.1220703125,0,1,5,2,2,1,12,22,440,2,1,56,1,59,431,20,0,1,f8935_accessible.pdf
0,0,2,2,50,50,18,0,0,108.6982421875,0,1,2,2,2,1,2,2,19,1,1,44,1,0,50,11,0,0,n-03-49.pdf
0,0,3,0,45,45,40,0,0,59.4375,0,0,1,3,3,0,1,3,22,0,3,1,1,0,45,22,0,0,f1065sd_accessible.pdf
0,0,1,1,33,33,8,0,0,13.720703125,0,0,8,1,1,1,8,1,7,1,1,14,0,0,33,12,0,0,not97-65.pdf
0,0,2,2,37,37,11,0,0,30.3056640625,0,1,8,3,2,1,8,1,13,2,1,18,1,0,37,12,0,0,rp-11-12.pdf
0,0,2,2,29,29,8,0,0,14.48828125,0,1,6,2,2,1,6,1,9,1,1,16,1,0,29,12,0,0,rr-05-59.pdf
0,0,2,2,40,40,12,0,0,71.189453125,0,1,1,3,2,1,1,1,33,1,1,96,1,0,40,51,0,0,effective_with_the_2013_enrollment_examination2.pdf
0,0,5,0,102,102,92,0,0,111.9033203125,0,0,4,6,5,0,38,5,73,0,5,22,4,0,102,9,0,0,f6252.pdf
0,0,3,3,381,381,254,0,0,182.4267578125,0,0,1,3,3,2,241,2,359,2,2,191,2,88,381,11,0,0,f6317pr.pdf
0,0,2,2,33,33,16,0,0,47.5380859375,0,1,1,3,2,1,1,1,22,1,1,25,1,1,33,25,0,0,20101207-C-Diaz-Ayala.pdf
0,0,1,1,75,75,17,0,0,58.783203125,0,0,17,1,1,1,17,1,26,1,1,73,0,0,75,10,0,0,lvyirm.pdf
0,0,2,2,54,54,42,0,0,124.3544921875,0,1,1,2,2,1,2,1,53,1,1,5,1,0,54,14,0,0,civicenter.pdf
0,0,1,1,6,6,2,0,0,77.8056640625,0,0,1,1,1,1,1,0,2,1,1,1,0,0,6,12,1,0,buiaresu.pdf
0,0,2,2,57,57,16,0,0,32.4775390625,0,1,14,2,2,1,14,1,11,1,1,34,1,0,57,11,0,0,n-08-27.pdf
0,0,2,2,29,29,17,0,0,76.6416015625,0,1,1,2,2,1,2,1,30,1,1,5,1,0,29,11,0,0,bayarea.pdf
0,0,3,0,181,181,169,0,0,167.8916015625,0,0,8,3,3,0,113,3,135,0,3,43,1,0,181,21,0,0,f1042s_accessible.pdf
0,0,4,6,269,269,94,0,0,127.05859375,0,0,1,7,4,3,64,6,368,3,5,140,3,120,268,10,0,0,f8038t.pdf
0,0,1,1,6,6,2,0,0,76.3134765625,0,0,1,1,1,1,1,0,2,1,1,1,0,0,6,12,1,0,bvwebtie.pdf
0,0,1,1,6,6,2,0,0,71.916015625,0,0,1,1,1,1,1,0,2,1,1,1,0,0,6,12,1,0,apcowrld.pdf
0,0,2,0,33,33,30,0,0,110.2353515625,0,1,1,2,2,0,2,2,10,0,2,1,1,0,33,15,0,0,askedoutinc.pdf
0,0,1,1,55,55,15,0,0,22.84765625,0,0,13,1,1,1,14,1,7,1,1,21,0,0,55,11,0,0,n-98-35.pdf
0,0,2,2,49,49,14,0,0,87.75390625,0,0,1,2,2,2,2,2,31,2,2,81,3,0,49,35,0,0,CNA Fax Sheet_ArrestOrDetention.pdf
0,0,2,0,75,75,57,0,0,279.96484375,0,1,16,2,2,0,16,2,55,0,2,16,1,0,75,24,0,0,DV_2013_instructions.pdf
0,0,2,2,45,45,12,0,0,24.59765625,0,1,10,2,2,1,10,1,13,1,1,40,1,0,45,11,0,0,n-12-15.pdf
0,0,1,1,12,12,6,0,0,223.578125,0,0,3,1,1,1,3,0,4,1,1,3,0,0,12,12,1,0,blkftcom.pdf
0,0,2,2,30,30,7,0,0,21.2685546875,0,1,4,3,2,1,4,1,17,2,1,44,1,0,30,12,0,0,rr-11-04.pdf
0,0,3,3,135,135,17,0,0,34.978515625,0,0,1,3,3,2,2,2,122,2,2,56,2,0,135,19,0,0,p1075_section10.pdf
0,0,2,2,44,44,11,0,0,23.166015625,0,1,7,3,2,1,7,1,29,1,1,27,1,0,44,12,0,0,rp-08-43.pdf
0,0,1,1,9,9,4,0,0,121.4912109375,0,0,2,1,1,1,2,0,3,1,1,2,0,0,9,10,1,0,bidfly.pdf
0,0,2,2,28,28,16,0,0,93.6845703125,0,1,1,2,2,1,2,1,27,1,1,5,1,0,28,12,0,0,areyouto.pdf
0,0,2,0,28,28,25,0,0,108.9033203125,0,1,1,2,2,0,2,2,10,0,2,1,1,0,28,11,0,0,apx_inc.pdf
0,0,2,2,67,67,27,0,0,63.26953125,0,1,11,3,2,1,11,1,45,1,1,72,1,2,67,20,0,0,ig_wo-25-0612-01.pdf
0,0,2,2,11,11,3,0,0,26.76171875,0,1,1,2,2,1,1,2,4,1,1,0,0,0,11,12,1,0,borealac.pdf
0,0,5,0,185,185,176,0,0,134.9013671875,0,0,4,6,5,0,119,5,148,0,5,79,4,0,185,10,0,0,f990sc.pdf
0,0,2,2,31,31,19,0,0,84.4921875,0,1,1,2,2,1,2,1,32,1,1,5,1,0,31,12,0,0,buzamoto.pdf
0,0,2,2,24,24,4,0,0,14.017578125,0,1,2,2,2,1,2,2,17,1,1,30,1,0,24,7,0,0,121.pdf
0,0,1,1,6,6,2,0,0,75.240234375,0,0,1,1,1,1,1,0,2,1,1,1,0,0,6,12,1,0,all4btca.pdf
0,0,1,1,6,6,2,0,0,88.6962890625,0,0,1,1,1,1,1,0,2,1,1,1,0,0,6,12,1,0,carezeni.pdf
0,0,2,2,11,11,3,0,0,14.8388671875,0,1,1,2,2,1,1,2,4,1,1,0,0,0,11,8,1,0,arpa.pdf
0,0,2,2,182,182,28,0,0,60.5302734375,0,1,6,4,2,1,6,8,196,1,1,85,1,2,182,25,0,0,f5498esa11_accessible.pdf
0,0,2,2,31,31,11,0,0,20.9453125,0,1,7,3,2,1,7,1,23,1,1,27,1,0,31,11,0,0,n-11-74.pdf
0,0,1,0,142,142,121,0,0,67.6640625,0,0,3,2,1,0,84,1,140,0,1,14,1,0,142,12,0,0,fw3ss_11.pdf
0,0,2,2,60,60,15,0,0,38.1279296875,0,1,8,3,2,1,8,1,51,1,1,38,1,4,60,25,0,0,18-christopher-friend.pdf
0,0,2,0,29,29,24,0,0,31.3623046875,0,0,1,3,2,0,1,2,15,0,2,1,1,0,29,11,0,0,f13424i.pdf
2,3,1,2,109,109,39,0,0,45.880859375,0,0,2,3,1,1,17,2,98,1,2,66,1,11,109,21,0,1,f5305s_accessible.pdf
0,0,2,2,102,102,31,0,0,51.322265625,0,1,27,2,2,1,27,1,15,1,1,55,1,0,102,12,0,0,rp-10-51.pdf
0,0,2,2,44,44,12,1,0,17.9873046875,0,1,3,2,2,1,3,2,16,1,1,39,0,0,44,11,0,0,n-00-60.pdf
0,0,2,2,53,53,14,0,0,25.9794921875,0,1,11,2,2,1,11,1,21,1,1,40,1,0,53,12,0,0,rr-09-37.pdf
0,0,1,1,28,28,6,0,0,25.5107421875,0,0,6,1,1,1,6,1,8,1,1,14,0,0,28,11,0,0,n-98-50.pdf
0,0,3,0,81,81,75,0,0,93.9287109375,0,0,2,3,3,0,29,3,52,0,3,11,1,0,81,20,0,0,f8824_accessible.pdf
0,0,2,2,16,16,5,0,0,49.052734375,0,1,2,2,2,1,2,2,5,1,1,0,0,0,16,12,0,0,adtelcom.pdf
0,0,1,1,6,6,2,0,0,75.9169921875,0,0,1,1,1,1,1,0,2,1,1,1,0,0,6,13,1,0,alecommin.pdf
0,0,2,2,96,96,9,1,0,45.076171875,0,1,4,2,2,1,4,2,80,1,1,20,1,0,96,12,0,0,rr-02-71.pdf
0,0,2,2,28,28,16,0,0,92.5751953125,0,1,1,2,2,1,2,1,27,1,1,5,1,0,28,12,0,0,besbuyll.pdf
0,0,2,2,34,34,22,0,0,81.3310546875,0,1,1,2,2,1,2,1,35,1,1,5,1,0,34,14,0,0,concertwin.pdf
3,3,3,3,99,99,45,0,0,229.3408203125,0,0,1,3,3,2,27,2,86,2,2,75,2,16,99,10,0,1,f8283v.pdf
0,0,2,2,36,36,9,0,0,17.720703125,0,1,5,3,2,1,5,1,24,1,1,15,1,0,36,12,0,0,rp-09-15.pdf
2,3,3,3,81,81,28,0,0,170.7685546875,0,0,1,3,3,2,12,2,63,2,2,49,2,12,81,9,0,1,f8881.pdf
0,0,2,2,92,92,50,0,0,114.43359375,0,1,24,3,2,1,24,1,44,1,1,62,1,0,92,12,0,0,rp-10-50.pdf
0,0,3,0,65,65,59,0,0,85.5478515625,0,0,2,3,3,0,14,3,38,0,3,6,1,0,65,20,0,0,f8404_accessible.pdf
0,0,1,1,9,9,4,0,0,133.7763671875,0,0,2,1,1,1,2,0,3,1,1,2,0,0,9,10,1,0,aptrat.pdf
0,0,2,2,75,75,32,0,0,68.650390625,0,1,16,3,2,1,16,1,42,1,1,66,1,5,75,17,0,0,audible-magic.pdf
0,0,2,2,630,630,45,0,0,268.669921875,0,1,20,2,2,1,24,1,308,1,1,106,1,218,630,13,0,0,i1099r_11.pdf
0,0,1,1,6,6,2,0,0,62.2900390625,0,0,1,1,1,1,1,0,2,1,1,1,0,0,6,13,1,0,cirshainc.pdf
0,0,2,0,325,325,317,0,0,393.4814453125,0,0,4,3,2,0,273,2,288,0,2,4,2,0,325,12,0,0,f13614cp.pdf
0,0,2,2,12,12,4,0,0,17.0703125,0,1,1,2,2,1,1,2,5,1,1,0,1,0,12,12,1,0,chrfibks.pdf
0,0,2,2,235,235,27,0,0,171.5419921875,0,1,7,2,2,1,9,1,98,1,1,80,1,29,235,9,0,0,i8886.pdf
0,0,2,2,25,25,13,0,0,87.1201171875,0,1,1,2,2,1,2,1,24,1,1,5,1,0,25,12,0,0,boardhst.pdf
0,0,1,1,58,58,19,0,0,66.1435546875,0,0,7,1,1,1,7,1,29,1,1,47,1,2,58,29,0,0,fed_reg_peer_rev_20040115.pdf
0,0,2,2,46,46,12,0,0,28.6240234375,0,1,9,2,2,1,9,1,15,1,1,49,1,0,46,11,0,0,n-09-65.pdf
0,0,2,0,37,37,34,0,0,156.6474609375,0,1,1,2,2,0,2,2,10,0,2,1,1,0,37,14,0,0,absio_corp.pdf
0,0,2,2,51,51,7,0,0,15.1005859375,0,1,2,2,2,0,2,2,66,1,1,8,1,0,51,7,0,0,305.pdf
0,0,1,1,21,21,4,0,0,14.1826171875,0,0,4,1,1,1,4,1,7,1,1,10,0,0,21,12,0,0,rp-98-53.pdf
0,0,2,2,299,299,92,1,0,196.205078125,0,1,90,2,2,1,90,2,16,1,1,116,0,0,299,12,0,0,rp-01-17.pdf
0,0,2,2,20,20,8,0,0,69.619140625,0,1,1,2,2,1,2,1,19,1,1,5,1,0,20,11,0,0,claimch.pdf
0,0,2,0,110,110,84,0,0,160.609375,0,1,24,3,2,0,24,2,25,0,2,24,3,0,110,18,0,0,11pfdomwinbull.pdf
0,0,2,2,11,11,3,0,0,21.5751953125,0,1,1,2,2,1,1,2,4,1,1,0,0,0,11,10,1,0,cobgrp.pdf
0,0,2,2,23,23,12,1,0,14.98046875,0,1,1,3,2,1,1,1,15,1,1,11,1,0,23,12,0,0,band-sum.pdf
0,0,1,1,6,6,2,0,0,75.171875,0,0,1,1,1,1,1,0,2,1,1,1,0,0,6,12,1,0,alidwast.pdf
0,0,2,2,64,64,17,1,0,35.5244140625,0,1,16,2,2,1,16,2,11,1,1,37,0,0,64,12,0,0,rp-00-38.pdf
0,0,2,2,50,50,16,0,0,88.818359375,0,1,7,2,2,1,7,2,19,1,1,49,1,0,50,11,0,0,n-04-28.pdf
0,0,2,0,39,39,36,0,0,209.244140625,0,1,1,2,2,0,2,2,10,0,2,1,1,0,39,13,0,0,ade_cloud.pdf
0,0,2,2,119,119,24,0,0,204.7744140625,0,1,1,2,2,1,2,1,80,1,1,57,1,1,119,21,0,0,bluebeam_software.pdf
0,0,3,0,57,57,50,0,0,75.1875,0,0,3,4,3,0,6,3,31,0,3,4,2,0,57,9,0,0,f2438.pdf
0,0,2,2,24,24,7,0,0,40.9052734375,0,1,2,2,2,1,2,6,11,1,1,18,1,0,24,11,0,0,a-03-46.pdf
0,0,2,0,15,15,12,0,0,10.5791015625,0,1,1,2,2,0,1,3,7,0,2,1,1,0,15,18,0,0,Cameron_Miller.pdf
0,0,1,1,40,40,8,0,0,55.630859375,0,0,8,1,1,1,8,1,17,1,1,43,0,0,40,12,0,0,96eochar.pdf
0,0,2,2,22,22,10,0,0,80.0380859375,0,1,1,2,2,1,2,1,21,1,1,5,1,0,22,13,0,0,ameracade.pdf
0,0,3,0,61,61,56,0,0,66.970703125,0,0,1,3,3,1,18,3,42,1,3,12,3,0,61,11,0,0,f1040sm.pdf
0,0,2,2,21,21,4,1,0,11.146484375,0,1,3,2,2,1,3,2,9,1,1,17,0,0,21,14,0,0,estoniaweb.pdf
0,0,2,0,47,47,40,0,0,59.56640625,0,0,3,3,2,0,9,2,23,0,2,7,1,0,47,9,0,0,f8654.pdf
0,0,4,0,52,52,43,0,0,199.80859375,0,0,1,4,4,2,15,4,28,2,4,2,3,0,52,9,0,0,f8927.pdf
0,0,2,2,36,36,8,0,0,32.51171875,0,1,4,2,2,1,4,1,19,1,1,65,1,0,36,11,0,0,n-08-17.pdf
0,0,2,2,51,51,14,0,0,24.958984375,0,1,12,2,2,1,12,2,9,1,1,20,0,0,51,11,0,0,rp99-50.pdf
0,0,2,2,11,11,3,0,0,23.482421875,0,1,1,2,2,1,1,2,4,1,1,0,0,0,11,11,1,0,colknow.pdf
0,0,2,2,72,72,28,0,0,53.4267578125,0,1,21,3,2,1,21,1,46,1,1,54,1,1,72,12,0,0,n-08-115.pdf
0,0,1,1,24,24,4,0,0,34.0537109375,0,0,1,1,1,1,1,1,22,1,1,39,0,0,24,12,0,0,69fr8822.pdf
0,0,2,2,125,125,84,0,0,128.380859375,0,1,4,3,2,1,4,1,84,1,1,104,1,0,125,17,0,0,cp714_spanish.pdf
0,0,1,1,46,46,32,0,0,64.7705078125,0,0,1,1,1,1,1,1,49,1,1,21,1,0,46,26,0,0,author-services-inc-01.pdf
0,0,2,2,39,39,27,0,0,91.4404296875,0,1,1,2,2,1,2,1,40,1,1,5,1,0,39,11,0,0,bidclek.pdf
0,0,1,1,44,44,11,0,0,17.08984375,0,0,10,1,1,1,11,1,8,1,1,20,0,0,44,12,0,0,rp-98-20.pdf
0,0,2,2,128,128,93,0,0,72.703125,0,1,4,3,2,1,4,1,85,1,1,55,1,0,128,16,0,0,cp08_spanish.pdf
0,0,3,0,80,80,72,0,0,90.9033203125,0,0,4,3,3,0,25,3,49,0,3,11,1,0,80,21,0,0,f1127a_accessible.pdf
0,0,2,2,167,167,43,0,0,166.712890625,0,1,28,2,2,1,28,2,51,1,1,127,1,0,167,12,0,0,compmewo.pdf
0,0,4,6,991,991,124,0,0,324.4951171875,0,0,47,9,4,3,94,7,868,3,7,174,3,10,991,35,0,0,esop_dl_phoneforum_presentation.pdf
0,0,3,0,106,106,99,0,0,114.6376953125,0,0,3,3,3,0,45,3,66,0,3,19,1,0,106,22,0,0,f706gst_accessible.pdf
0,0,2,2,11,11,3,0,0,27.185546875,0,1,1,2,2,1,1,2,4,1,1,0,0,0,11,11,1,0,coolcom.pdf
0,0,1,1,28,28,6,0,0,19.4267578125,0,0,5,1,1,1,5,1,14,1,1,33,1,0,28,11,0,0,052501f.pdf
0,0,2,2,46,46,26,0,0,35.185546875,0,1,1,3,2,1,1,1,29,1,1,34,1,0,46,18,0,0,cp2006_english.pdf
0,0,2,2,11,11,3,0,0,24.9150390625,0,1,1,2,2,1,1,2,4,1,1,0,0,0,11,10,1,0,amhrst.pdf
0,0,3,3,664,664,36,1,0,298.6943359375,0,0,6,3,3,2,6,9,1022,2,2,113,2,1,664,9,0,0,p1459.pdf
0,0,2,2,44,44,12,0,0,61.658203125,0,1,5,2,2,1,5,1,23,1,1,72,1,0,44,18,0,0,cp297c_english.pdf
0,0,2,2,11,11,3,0,0,31.703125,0,1,1,2,2,1,1,2,4,1,1,0,0,0,11,10,1,0,albhpc.pdf
0,0,2,2,129,129,30,0,0,155.33984375,0,1,6,2,2,1,9,1,51,1,1,88,1,2,129,10,0,0,i990sj.pdf
0,0,4,0,119,119,108,0,0,142.916015625,0,0,6,4,4,0,57,4,82,0,4,23,2,0,119,21,0,0,f1098t_accessible.pdf
0,0,2,2,144,144,24,0,0,208.5595703125,0,1,1,2,2,1,2,1,121,1,1,57,1,6,144,16,0,0,bloomberg_lp.pdf
0,0,2,2,80,80,13,1,0,48.6376953125,0,1,1,2,2,1,1,2,65,1,1,17,1,0,80,11,0,0,n-02-49.pdf
0,0,2,2,11,11,3,0,0,24.7890625,0,1,1,2,2,1,1,2,4,1,1,0,0,0,11,11,1,0,combasx.pdf
0,0,4,0,111,111,70,0,0,75.955078125,0,0,6,6,4,0,28,4,111,0,4,34,3,2,111,12,0,0,f1099oid.pdf
0,0,2,2,44,44,18,0,0,66.142578125,0,1,4,2,2,1,4,1,32,1,1,63,1,0,44,12,0,0,73fr9143.pdf
0,0,2,2,34,34,7,0,0,27.3896484375,0,1,4,2,2,1,4,1,19,1,1,65,1,0,34,11,0,0,n-11-41.pdf
0,0,5,0,119,119,110,0,0,108.6171875,0,0,2,6,5,0,61,5,90,0,5,35,4,0,119,11,0,0,f1120fh.pdf
0,0,2,2,560,560,24,1,0,151.236328125,0,1,17,2,2,1,17,2,347,1,1,49,1,0,560,12,0,0,rp-03-76.pdf
0,0,2,2,51,51,18,0,0,43.236328125,0,1,9,3,2,1,9,1,35,1,1,40,1,1,51,11,0,0,n-10-22.pdf
0,1,4,4,55,55,13,0,0,200.779296875,0,0,1,4,4,3,3,4,49,3,3,58,3,9,55,9,0,0,f8813.pdf
0,0,2,2,40,40,11,0,0,21.703125,0,1,9,2,2,1,9,1,11,1,1,29,1,0,40,11,0,0,n-07-62.pdf
0,0,4,6,129,129,32,0,0,87.712890625,0,0,1,8,4,3,5,6,180,3,5,88,3,62,128,9,0,0,f8915.pdf
0,0,3,3,65,65,26,0,0,60.3544921875,0,0,4,3,3,2,4,2,45,2,2,68,2,0,65,10,0,0,i8038b.pdf
0,0,1,1,9,9,4,0,0,23.73046875,0,0,1,1,1,1,1,1,11,1,1,0,1,0,9,12,1,0,aprilwil.pdf
0,0,2,2,35,35,12,0,0,29.078125,0,1,6,3,2,1,6,1,27,1,1,26,1,1,35,11,0,0,n-06-33.pdf
0,0,2,2,58,58,19,0,0,35.8837890625,0,1,7,2,2,1,7,2,15,1,1,19,1,0,58,7,0,0,iw8.pdf
0,0,2,2,32,32,11,0,0,25.24609375,0,1,6,3,2,1,6,1,24,1,1,46,1,0,32,11,0,0,n-06-44.pdf
0,0,2,2,53,53,12,0,0,33.9365234375,0,1,3,3,2,1,3,1,58,1,1,74,1,5,53,29,0,0,faqs_for_tax_forms_102510.pdf
0,0,2,2,156,156,24,0,0,152.69921875,0,1,5,2,2,1,7,1,42,1,1,70,1,3,156,9,0,0,i2848.pdf
0,0,2,2,128,128,21,0,0,177.5380859375,0,1,1,2,2,1,2,1,97,1,1,44,1,2,128,16,0,0,cookstar_llc.pdf
0,0,2,2,41,41,12,0,0,136.7734375,0,1,1,3,2,1,1,1,29,1,1,46,1,0,41,15,0,0,address_bar.pdf
2,2,1,1,181,181,66,0,0,67.2451171875,0,0,3,1,1,1,65,1,165,1,1,62,1,56,181,9,0,1,f5434.pdf
0,0,5,7,201,201,47,0,0,120.39453125,0,0,1,8,5,4,20,7,311,4,6,104,4,118,200,9,0,0,f6198.pdf
0,0,3,0,89,89,79,0,0,134.0009765625,0,0,6,3,3,0,39,3,61,0,3,17,1,0,89,12,0,0,f1097btc.pdf
0,0,2,2,23,23,5,0,0,13.927734375,0,1,2,2,2,1,2,1,13,1,1,32,1,0,23,12,0,0,rr-04-78.pdf
0,0,2,2,57,57,14,0,0,195.83984375,0,1,6,2,2,1,6,1,43,1,1,72,1,0,57,11,0,0,ar-1886.pdf
0,0,2,0,40,40,37,0,0,223.0048828125,0,1,1,2,2,0,2,2,10,0,2,1,1,0,40,22,0,0,college_west_idaho.pdf
0,0,2,2,475,475,48,0,0,275.4267578125,0,1,14,3,2,1,19,1,66,1,1,107,1,5,475,11,0,0,i1040sd.pdf
0,0,2,2,41,41,10,1,0,25.033203125,0,1,8,2,2,1,8,2,15,1,1,36,1,0,41,7,0,0,043.pdf
0,0,2,2,63,63,17,0,0,34.443359375,0,1,14,2,2,1,14,1,15,1,1,54,1,0,63,11,0,0,n-05-45.pdf
0,0,2,2,189,189,27,0,0,155.78125,0,1,5,2,2,1,8,1,44,1,1,82,1,1,189,10,0,0,i1065x.pdf
0,0,2,2,48,48,35,0,0,109.0751953125,0,1,2,2,2,1,3,1,57,1,1,5,1,0,48,14,0,0,calibremed.pdf
0,0,4,0,52,52,45,0,0,74.515625,0,0,2,5,4,0,3,4,29,0,4,3,3,0,52,9,0,0,f8931.pdf
0,0,3,0,60,60,54,0,0,105.8837890625,0,0,2,3,3,0,2,3,25,0,3,2,1,0,60,22,0,0,f1041sj_accessible.pdf
0,0,2,2,40,40,13,0,0,29.09375,0,1,8,3,2,1,8,1,23,1,1,28,1,0,40,11,0,0,rr-05-6.pdf
0,0,2,2,122,122,25,0,0,189.1259765625,0,1,1,2,2,1,2,1,90,1,1,59,1,3,122,15,0,0,avelist_inc.pdf
0,0,2,2,26,26,14,0,0,72.375,0,1,1,2,2,1,2,1,27,1,1,5,1,0,26,11,0,0,clipcan.pdf
0,0,4,0,263,263,252,0,0,156.9169921875,0,0,6,5,4,0,199,4,226,0,4,106,3,0,263,8,0,0,fss8.pdf
0,0,2,2,78,78,9,1,0,54.3291015625,0,1,4,2,2,1,4,2,70,1,1,20,1,0,78,10,0,0,n-06-6.pdf
0,0,2,2,44,44,15,0,0,21.134765625,0,1,4,2,2,1,5,2,9,1,1,14,0,0,44,11,0,0,a-00-58.pdf
0,0,2,2,31,31,9,0,0,17.65625,0,1,6,2,2,1,6,1,9,1,1,16,1,0,31,12,0,0,rr-05-20.pdf
0,0,2,2,11,11,3,0,0,27.7373046875,0,1,1,2,2,1,1,2,4,1,1,0,0,0,11,10,1,0,confre.pdf
0,0,2,2,20,20,5,0,0,10.64453125,0,1,2,2,2,1,2,1,12,1,1,23,1,0,20,11,0,0,n-09-74.pdf
0,0,2,2,37,37,10,0,0,25.3037109375,0,1,8,2,2,1,8,1,11,1,1,28,1,0,37,12,0,0,rp-05-23.pdf
0,0,3,4,36,36,13,0,0,110.572265625,0,0,3,6,3,3,3,4,32,3,4,47,2,0,36,13,0,0,aod200704.pdf
0,0,2,0,34,34,31,0,0,188.1376953125,0,1,1,2,2,0,2,2,10,0,2,1,1,0,34,20,0,0,christian_invest.pdf
0,0,6,0,654,654,645,0,0,323.2802734375,0,0,3,6,6,0,601,6,616,0,6,17,5,0,654,10,0,0,f720to.pdf
0,0,1,0,73,73,52,0,0,56.8916015625,0,0,3,1,1,0,18,1,76,0,1,20,1,0,73,12,0,0,fw3pr_11.pdf
0,0,2,0,28,28,25,0,0,145.490234375,0,1,1,2,2,0,2,2,10,0,2,1,1,0,28,15,0,0,cloud_party.pdf
0,0,2,2,30,30,7,0,0,13.9638671875,0,1,5,2,2,1,5,1,13,1,1,35,1,0,30,12,0,0,rr-05-25.pdf
0,0,1,1,6,6,2,0,0,75.8017578125,0,0,1,1,1,1,1,0,2,1,1,1,0,0,6,12,1,0,avnetinc.pdf
0,0,2,2,28,28,7,0,0,17.4951171875,0,1,2,3,2,1,2,1,25,1,1,32,1,1,28,11,0,0,n-09-03.pdf
0,0,2,2,11,11,3,0,0,22.94140625,0,1,1,2,2,1,1,2,4,1,1,0,0,0,11,9,1,0,cchst.pdf
0,0,1,1,6,6,2,0,0,73.7451171875,0,0,1,1,1,1,1,0,2,1,1,1,0,0,6,12,1,0,absasoci.pdf
0,0,2,2,12,12,4,0,0,16.6376953125,0,1,1,2,2,1,1,2,5,1,1,0,1,0,12,12,1,0,ccviprch.pdf
0,0,2,2,124,124,83,0,0,179.9208984375,0,1,4,3,2,1,4,1,83,1,1,108,1,0,124,19,0,0,cp14_vietnamese.pdf
0,0,2,2,11,11,3,0,0,29.1865234375,0,1,1,2,2,1,1,2,4,1,1,0,0,0,11,12,1,0,arndlorg.pdf
0,0,2,2,44,44,11,1,0,22.1318359375,0,1,10,2,2,1,10,2,11,1,1,31,0,0,44,11,0,0,rp84_36.pdf
0,0,5,0,55,55,48,0,0,122.365234375,0,0,2,6,5,0,5,5,34,0,5,5,4,0,55,9,0,0,f8906.pdf
0,0,2,2,101,101,32,0,0,292.1474609375,0,1,20,2,2,1,20,2,18,1,1,58,0,0,101,13,0,0,65fr64555.pdf
0,0,2,2,27,27,10,0,0,21.017578125,0,1,4,3,2,1,4,1,21,1,1,35,1,0,27,12,0,0,rr-08-53.pdf
0,0,2,2,38,38,10,0,0,107.296875,0,1,4,2,2,1,4,1,28,1,1,44,1,0,38,11,0,0,ar-1892.pdf
2,3,3,3,84,84,26,0,0,50.869140625,0,0,2,3,3,2,14,2,62,2,2,69,2,10,84,10,0,1,f5305a.pdf
0,0,2,2,45,45,16,0,0,43.177734375,0,1,5,3,2,1,5,1,36,1,1,68,1,1,45,12,0,0,whcs-pia.pdf
0,0,1,1,9,9,4,0,0,182.48828125,0,0,2,1,1,1,2,0,3,1,1,2,0,0,9,10,1,0,cancio.pdf
0,0,4,0,65,65,58,0,0,74.6220703125,0,0,2,5,4,0,15,4,42,0,4,7,3,0,65,9,0,0,f945x.pdf
0,0,2,2,36,36,10,0,0,24.6474609375,0,1,6,2,2,1,6,1,13,1,1,37,1,0,36,11,0,0,n-04-80.pdf
0,0,2,2,194,194,14,1,0,79.203125,0,1,7,2,2,1,7,2,134,1,1,39,1,0,194,11,0,0,n-02-70.pdf
0,0,1,1,6,6,2,0,0,81.361328125,0,0,1,1,1,1,1,0,2,1,1,1,0,0,6,11,1,0,c1media.pdf
2,3,3,3,77,77,25,0,0,174.833984375,0,0,1,3,3,2,8,2,59,2,2,49,2,11,77,8,0,1,f952.pdf
0,0,1,1,6,6,2,0,0,72.177734375,0,0,1,1,1,1,1,0,2,1,1,1,0,0,6,12,1,0,cocacola.pdf
0,0,2,2,60,60,21,0,0,38.75390625,0,1,4,3,2,1,4,1,68,1,1,50,1,7,60,18,0,0,facebook_r-pia.pdf
0,0,3,0,145,145,135,0,0,163.91796875,0,0,6,3,3,0,93,3,115,0,3,35,1,0,145,21,0,0,f1099b_accessible.pdf
0,0,2,2,155,155,67,0,0,161.0205078125,0,1,62,3,2,1,62,1,17,2,1,95,1,0,155,11,0,0,n-10-60.pdf
0,0,2,2,32,32,7,0,0,15.078125,0,1,5,2,2,1,5,1,15,1,1,45,1,0,32,12,0,0,rr-05-60.pdf
0,0,2,2,11,11,3,0,0,21.419921875,0,1,1,2,2,1,1,2,4,1,1,0,0,0,11,11,1,0,cc10llc.pdf
0,0,1,1,6,6,2,0,0,84.345703125,0,0,1,1,1,1,1,0,2,1,1,1,0,0,6,12,1,0,arttribe.pdf
0,0,3,0,71,71,65,0,0,84.5859375,0,0,2,3,3,0,20,3,43,0,3,8,1,0,71,23,0,0,f1041sk1_accessible.pdf
0,0,3,0,110,110,102,0,0,94.4365234375,0,0,4,3,3,0,58,3,80,0,3,22,1,0,110,20,0,0,f2678_accessible.pdf
1,1,3,3,37,37,4,0,0,30.9384765625,0,0,1,3,3,2,1,2,33,2,2,27,2,7,37,9,0,1,f9155.pdf
0,0,1,1,49,49,10,0,0,50.677734375,0,0,10,1,1,1,10,1,19,1,1,52,0,0,49,12,0,0,99chretr.pdf
0,0,4,0,42,42,36,0,0,73.30078125,0,0,2,5,4,0,0,4,28,0,4,0,4,0,42,9,0,0,f8596.pdf
0,0,2,2,31,31,7,0,0,18.7412109375,0,1,5,2,2,1,5,2,10,1,1,11,1,0,31,15,0,0,121mcininch.pdf
0,0,2,2,45,45,12,0,0,34.341796875,0,1,7,2,2,1,7,1,19,1,1,60,1,0,45,11,0,0,n-07-18.pdf
0,0,3,0,64,64,55,0,0,67.869140625,0,0,5,3,3,0,20,3,39,0,3,10,1,0,64,24,0,0,f1098ma11_accessible.pdf
0,0,1,1,274,274,81,0,0,281.8623046875,0,0,81,1,1,1,81,1,17,1,1,115,0,0,274,8,0,0,port.pdf
0,0,3,0,237,237,231,0,0,230.90625,0,0,2,3,3,0,174,3,199,0,3,72,1,0,237,20,0,0,f4562_accessible.pdf
0,0,1,1,6,6,2,0,0,71.77734375,0,0,1,1,1,1,1,0,2,1,1,1,0,0,6,13,1,0,ahrltudde.pdf
0,0,2,2,203,203,23,0,0,163.2431640625,0,1,6,2,2,1,7,1,39,1,1,62,1,4,203,11,0,0,i706gst.pdf
0,0,2,2,16,16,5,0,0,149.4423828125,0,1,2,2,2,1,2,2,5,1,1,0,0,0,16,11,0,0,blumong.pdf
0,0,2,2,54,54,25,0,0,81.9248046875,0,1,4,3,2,1,4,1,34,1,1,63,1,1,54,11,0,0,n-12-28.pdf
0,0,2,2,111,111,23,0,0,138.0703125,0,1,3,2,2,1,5,1,48,1,1,76,1,4,111,9,0,0,i8275.pdf
2,3,1,2,178,178,57,0,0,96.748046875,0,0,4,4,1,1,13,3,166,1,2,129,1,29,178,20,0,1,f8836_accessible.pdf
0,0,1,1,36,36,10,0,0,15.2646484375,0,0,10,1,1,1,10,1,4,1,1,12,0,0,36,12,0,0,rp-98-21.pdf
0,0,2,2,374,374,116,1,0,194.8486328125,0,1,115,2,2,1,115,2,12,1,1,138,0,0,374,12,0,0,1201-518.pdf
0,0,2,2,48,48,13,0,0,25.046875,0,1,10,2,2,1,10,1,15,1,1,51,1,0,48,12,0,0,rr-05-42.pdf
0,0,2,2,203,203,28,0,0,166.8984375,0,1,7,2,2,1,10,1,49,1,1,86,1,3,203,9,0,0,i8697.pdf
0,0,9,0,190,190,173,0,0,155.68359375,0,0,3,9,9,0,95,9,131,0,9,54,8,0,190,10,0,0,f5306a.pdf
0,0,2,2,86,86,25,0,0,65.3134765625,0,1,21,2,2,1,21,1,15,1,1,62,1,0,86,12,0,0,rp-07-37.pdf
0,0,2,0,34,34,31,0,0,190.564453125,0,1,1,2,2,0,2,2,10,0,2,1,1,0,34,24,0,0,center_rights_action.pdf
0,0,2,2,41,41,12,0,0,43.3134765625,0,1,8,3,2,1,8,1,19,2,1,38,1,1,41,11,0,0,n-11-23.pdf
0,0,2,2,11,11,3,0,0,19.73828125,0,1,1,2,2,1,1,2,4,1,1,0,0,0,11,11,1,0,chinatc.pdf
0,0,1,1,30,30,6,0,0,47.865234375,0,0,6,1,1,1,6,1,13,1,1,31,0,0,30,13,0,0,63fr20428.pdf
0,0,7,7,1539,1539,236,0,0,387.99609375,0,0,6,7,7,6,198,14,1893,6,6,79,6,244,1539,11,0,0,f433boi.pdf
0,0,3,0,157,157,141,0,0,112.35546875,0,0,2,4,3,2,99,3,129,2,3,49,3,0,157,9,0,0,f8942.pdf
0,0,1,1,156,156,18,0,0,141.1494140625,0,0,18,1,1,1,18,1,62,1,1,161,0,0,156,12,0,0,irb96-18.pdf
0,0,2,2,37,37,10,0,0,16.96484375,0,1,5,2,2,1,5,1,16,1,1,45,1,0,37,12,0,0,rr-11-02.pdf
0,0,2,2,96,96,28,0,0,40.71875,0,1,24,2,2,1,24,1,19,1,1,73,1,0,96,12,0,0,rp-04-70.pdf
0,0,2,2,44,44,14,0,0,26.6640625,0,1,9,2,2,1,9,1,17,1,1,25,1,0,44,12,0,0,rr-05-35.pdf
0,0,1,1,9,9,4,0,0,138.7880859375,0,0,2,1,1,1,2,0,3,1,1,2,0,0,9,15,1,0,bedfordfree.pdf
0,0,2,2,21,21,5,0,0,13.431640625,0,1,2,2,2,1,2,1,11,1,1,22,1,0,21,11,0,0,n-07-58.pdf
0,0,2,0,29,29,26,0,0,95.3408203125,0,1,1,2,2,0,2,2,10,0,2,1,1,0,29,14,0,0,atomsplash.pdf
0,0,3,0,102,102,93,0,0,176.7177734375,0,0,5,3,3,0,21,3,44,0,3,13,1,0,102,11,0,0,f8804sa.pdf
0,0,2,2,23,23,12,1,0,13.865234375,0,1,1,3,2,1,1,1,15,1,1,11,1,0,23,15,0,0,cameron-sum.pdf
0,0,2,2,24,24,7,0,0,36.849609375,0,1,3,2,2,1,3,2,9,1,1,11,1,0,24,11,0,0,n-02-73.pdf
0,0,2,2,12,12,4,0,0,16.419921875,0,1,1,2,2,1,1,2,5,1,1,0,1,0,12,12,1,0,ccoleasg.pdf
2,3,2,4,175,175,31,0,0,76.1494140625,0,0,2,6,2,2,7,6,171,2,5,53,2,58,175,22,0,1,f5735sp_accessible.pdf
0,0,1,1,6,6,1,0,0,1.3740234375,0,0,1,1,1,1,1,1,3,1,1,3,0,0,6,24,1,0,purepdf_listexample1.pdf
0,0,2,2,180,180,16,1,0,119.666015625,0,1,7,2,2,1,7,2,141,1,1,28,1,0,180,12,0,0,04ludasa.pdf
0,0,4,0,60,60,53,0,0,147.6484375,0,0,2,5,4,0,8,4,35,0,4,6,3,0,60,9,0,0,f8928.pdf
0,0,2,2,65,65,15,0,0,75.0869140625,0,0,7,2,2,2,7,2,60,2,2,55,1,6,65,13,0,0,73fr58073.pdf
0,0,1,0,34,34,33,0,0,94.17578125,0,0,1,1,1,0,1,1,6,0,1,0,1,0,34,12,0,0,actvhost.pdf
0,0,1,1,6,6,2,0,0,79.384765625,0,0,1,1,1,1,1,0,2,1,1,1,0,0,6,12,1,0,brodevel.pdf
0,0,2,2,84,84,31,0,0,67.42578125,0,1,28,3,2,1,28,1,16,2,1,48,1,0,84,12,0,0,rp-11-26.pdf
0,0,2,2,35,35,8,0,0,30.1259765625,0,1,4,2,2,1,4,1,20,1,1,66,1,0,35,11,0,0,n-10-14.pdf
0,0,1,1,6,6,2,0,0,79.791015625,0,0,1,1,1,1,1,0,2,1,1,1,0,0,6,12,1,0,alteleph.pdf
0,0,1,1,38,38,11,0,0,55.3623046875,0,0,2,1,1,1,2,1,33,1,1,67,0,0,38,12,0,0,70fr3069.pdf
0,0,1,1,24,24,4,1,0,21.7490234375,0,0,3,1,1,1,3,1,5,1,1,9,1,0,24,19,0,0,Anthony_Snively.pdf
0,0,2,2,159,159,30,0,0,280.544921875,0,1,1,2,2,1,2,1,119,1,1,83,1,8,159,19,0,0,aetna_insurance.pdf
4,4,3,0,175,175,140,0,0,132.4130859375,0,0,3,3,3,0,96,3,134,2,3,30,3,0,175,10,0,1,f14135.pdf
0,0,2,0,17,17,13,0,0,16.1689453125,0,0,1,3,2,1,1,2,11,1,2,1,2,0,17,10,0,0,ffc110.pdf
0,0,3,0,52,52,46,0,0,123.1953125,0,0,2,3,3,0,4,3,27,0,3,4,1,0,52,20,0,0,f8933_accessible.pdf
0,0,1,1,6,6,2,0,0,79.5703125,0,0,1,1,1,1,1,0,2,1,1,1,0,0,6,12,1,0,bglincom.pdf
0,0,2,2,132,132,89,0,0,73.2470703125,0,1,3,3,2,0,10,1,91,1,1,74,1,0,132,17,0,0,cp12a_english.pdf
0,0,2,2,24,24,12,0,0,76.4287109375,0,1,1,2,2,1,2,1,23,1,1,5,1,0,24,14,0,0,buchananpj.pdf
0,0,2,2,27,27,9,0,0,17.44921875,0,1,5,3,2,1,5,1,21,1,1,25,1,0,27,11,0,0,n-08-88.pdf
0,0,2,2,79,79,25,0,0,102.6220703125,0,1,16,2,2,1,16,2,19,1,1,58,1,0,79,12,0,0,rp-03-35.pdf
0,0,1,1,6,6,1,0,0,1.2119140625,0,0,1,1,1,1,1,1,2,1,1,3,0,0,6,36,1,0,purepdf_pdfptableabsolutecolumns.pdf
0,0,2,2,31,31,19,0,0,97.041015625,0,1,1,2,2,1,2,1,30,1,1,5,1,0,31,11,0,0,acclabs.pdf
0,0,2,2,28,28,7,0,0,13.7744140625,0,1,5,2,2,1,5,1,11,1,1,25,1,0,28,11,0,0,n-11-63.pdf
0,0,2,2,33,33,8,0,0,14.8583984375,0,1,6,2,2,1,6,1,13,1,1,36,1,0,33,12,0,0,rp-07-41.pdf
0,0,2,2,11,11,3,0,0,28.177734375,0,1,1,2,2,1,1,2,4,1,1,0,0,0,11,10,1,0,bright.pdf
0,0,2,2,60,60,27,0,0,121.111328125,0,1,1,3,2,1,1,1,41,1,1,97,1,1,60,15,0,0,ir-09-84_ru.pdf
0,0,2,2,133,133,14,0,0,53.4169921875,0,1,2,2,2,1,2,2,56,1,1,43,1,5,133,12,0,0,67fr5000.pdf
0,0,2,2,23,23,8,0,0,16.3212890625,0,1,4,3,2,1,4,1,18,1,1,14,1,0,23,12,0,0,n-08-100.pdf
0,0,2,2,46,46,32,0,0,96.5166015625,0,1,2,2,2,1,3,1,49,1,1,5,1,0,46,11,0,0,bonnacm.pdf
0,0,1,1,6,6,2,0,0,86.91796875,0,0,1,1,1,1,1,0,2,1,1,1,0,0,6,15,1,0,commtechinc.pdf
0,0,2,2,511,511,33,0,0,99.8828125,0,1,12,2,2,1,12,1,492,1,1,83,1,1,511,11,0,0,ids-pia.pdf
0,0,2,2,127,127,9,1,0,66.8447265625,0,1,2,2,2,1,2,2,93,1,1,34,1,0,127,11,0,0,a-03-03.pdf
0,0,2,2,36,36,14,0,0,85.3779296875,0,1,1,2,2,1,1,1,19,1,1,35,1,0,36,8,0,0,n210.pdf
0,0,2,2,11,11,3,0,0,23.5009765625,0,1,1,2,2,1,1,2,4,1,1,0,0,0,11,12,1,0,autodesk.pdf
0,0,2,2,49,49,21,0,0,321.5517578125,0,1,3,3,2,1,3,1,29,1,1,52,1,0,49,27,0,0,041411jgregg-gautereaux.pdf
0,0,1,1,23,23,5,0,0,17.3037109375,0,0,4,1,1,1,4,1,11,1,1,25,1,0,23,11,0,0,061702f.pdf
0,0,3,0,60,60,52,0,0,87.8193359375,0,0,4,3,3,0,11,3,33,0,3,11,1,0,60,20,0,0,f8864_accessible.pdf
0,0,1,1,35,35,10,0,0,87.4970703125,0,0,4,1,1,1,4,1,16,1,1,35,0,0,35,19,0,0,041411riaa-aaim.pdf
0,0,1,1,6,6,2,0,0,79.2744140625,0,0,1,1,1,1,1,0,2,1,1,1,0,0,6,12,1,0,brandldr.pdf
38,38,3,6,146,146,37,0,0,121.962890625,0,0,2,7,3,3,17,6,174,3,6,33,3,25,145,9,0,1,f4913.pdf
0,0,2,2,73,73,28,0,0,52.43359375,0,1,2,4,2,1,2,1,45,1,1,62,1,0,73,8,0,0,p1sp.pdf
0,0,2,2,125,125,25,0,0,152.85546875,0,1,4,2,2,1,7,1,54,1,1,78,1,5,125,9,0,0,iw9sp.pdf
0,0,3,0,66,66,60,0,0,101.421875,0,0,2,3,3,0,14,3,39,0,3,6,1,0,66,20,0,0,f8812_accessible.pdf
0,0,2,2,61,61,17,0,0,45.3857421875,0,1,14,2,2,1,14,1,13,1,1,44,1,0,61,12,0,0,rp-12-33.pdf
0,0,2,2,173,173,12,1,0,91.8857421875,0,1,4,2,2,1,4,2,155,1,1,38,1,0,173,11,0,0,n-04-23.pdf
0,0,1,1,6,6,2,0,0,73.8564453125,0,0,1,1,1,1,1,0,2,1,1,1,0,0,6,12,1,0,cachenet.pdf
0,0,2,2,21,21,8,0,0,14.6943359375,0,1,4,3,2,1,4,1,16,1,1,14,1,0,21,11,0,0,n-06-73.pdf
0,0,2,2,122,122,35,0,0,91.052734375,0,1,21,3,2,1,21,1,71,1,1,51,1,2,122,36,0,0,election_year_phone_forum_slides.pdf
0,0,2,2,24,24,7,0,0,37.80078125,0,1,3,2,2,1,3,2,9,1,1,11,1,0,24,11,0,0,rr-04-3.pdf
0,0,2,2,59,59,23,0,0,49.2568359375,0,1,17,3,2,1,17,1,37,1,1,57,1,0,59,11,0,0,n-09-90.pdf
0,0,2,2,108,108,7,1,0,43.7236328125,0,1,3,2,2,1,3,2,97,1,1,11,1,0,108,11,0,0,a-02-43.pdf
1,2,4,4,303,303,14,0,0,254.3798828125,0,0,2,4,4,3,3,4,295,3,3,59,3,252,303,11,0,1,f990si1.pdf
0,0,2,0,34,34,30,0,0,109.1845703125,0,1,2,2,2,0,0,2,8,0,2,2,1,0,34,50,0,0,TravelTips forOlderAmericansRevisedJanuary2011.pdf
0,0,2,0,100,100,94,0,0,125.10546875,0,1,4,2,2,0,0,2,54,0,2,0,1,0,100,17,0,0,cp504_chinese.pdf
0,0,2,2,337,337,42,0,0,277.810546875,0,1,14,2,2,1,18,1,83,1,1,124,1,10,337,11,0,0,i1040pr.pdf
0,0,2,2,26,26,6,0,0,17.2333984375,0,1,3,2,2,1,3,1,13,1,1,33,1,0,26,24,0,0,att_japan_securities.pdf
0,0,2,2,47,47,13,0,0,36.75,0,1,10,2,2,1,10,1,13,1,1,40,1,0,47,11,0,0,n-10-50.pdf
0,0,2,2,36,36,10,0,0,20.318359375,0,1,6,3,2,1,6,1,24,1,1,16,1,0,36,12,0,0,rp-06-21.pdf
0,0,4,0,68,68,61,0,0,83.681640625,0,0,2,5,4,0,15,4,45,0,4,7,3,0,68,9,0,0,f8879.pdf
0,0,2,2,56,56,16,0,0,38.412109375,0,1,6,2,2,1,6,2,14,1,1,24,1,0,56,7,0,0,185.pdf
0,0,2,2,36,36,24,0,0,80.3974609375,0,1,1,2,2,1,2,1,37,1,1,5,1,0,36,16,0,0,academicroom.pdf
0,0,2,2,84,84,10,1,0,61.1640625,0,1,4,2,2,1,4,2,69,1,1,28,1,0,84,11,0,0,n-02-77.pdf
0,0,4,0,185,185,179,0,0,119.84375,0,0,2,4,4,0,128,4,152,0,4,65,2,0,185,12,0,0,f9465fsp.pdf
0,0,4,0,111,111,72,0,0,80.1083984375,0,0,6,6,4,0,28,4,111,0,4,34,3,2,111,12,0,0,f1099div.pdf
0,0,3,0,84,84,78,0,0,110.8369140625,0,0,2,3,3,0,41,3,61,0,3,2,1,0,84,20,0,0,fw311_accessible.pdf
0,0,3,0,423,423,43,0,0,125.638671875,0,0,10,3,3,1,10,3,378,1,3,19,2,5,423,11,0,0,121701f.pdf
0,0,2,2,207,207,25,0,0,70.521484375,0,1,2,2,2,1,6,2,271,1,1,35,1,17,207,13,0,0,68fr15972.pdf
0,0,2,2,32,32,20,0,0,90.654296875,0,1,1,2,2,1,2,1,31,1,1,5,1,0,32,12,0,0,committe.pdf
0,0,1,1,71,71,18,0,0,63.3837890625,0,0,18,1,1,1,18,1,16,1,1,53,0,0,71,16,0,0,s_corp_final.pdf
0,0,2,2,11,11,3,0,0,27.0693359375,0,1,1,2,2,1,1,2,4,1,1,0,0,0,11,9,1,0,colgo.pdf
1,0,2,2,115,115,28,0,0,367.263671875,0,1,13,2,2,1,13,1,85,1,1,149,1,0,115,11,0,0,ar-1998.pdf
0,0,2,2,24,24,9,0,0,18.5009765625,0,1,4,3,2,1,4,1,18,1,1,24,1,0,24,12,0,0,rr-06-29.pdf
0,0,2,2,54,54,16,0,0,28.162109375,0,1,11,2,2,1,11,1,19,1,1,37,1,0,54,12,0,0,rr-07-68.pdf
2,2,3,4,106,106,45,0,0,106.2255859375,0,0,1,4,3,2,9,2,82,2,2,45,14,9,105,11,0,1,f656ppv.pdf
0,0,1,1,6,6,2,0,0,76.1220703125,0,0,1,1,1,1,1,0,2,1,1,1,0,0,6,12,1,0,cbfancem.pdf
0,0,2,2,34,34,22,0,0,89.2744140625,0,1,1,2,2,1,2,1,33,1,1,5,1,0,34,12,0,0,blaneinc.pdf
0,0,2,2,11,11,3,0,0,29.21875,0,1,1,2,2,1,1,2,4,1,1,0,0,0,11,12,1,0,champmtg.pdf
0,0,1,1,38,38,7,0,0,49.169921875,0,0,2,1,1,1,2,1,46,1,1,48,0,5,38,13,0,0,73fr47113.pdf
1,1,3,4,328,328,186,0,0,165.2060546875,0,0,4,4,3,2,160,2,273,2,2,110,2,106,327,10,0,1,f13599.pdf
0,0,2,2,11,11,3,0,0,29.404296875,0,1,1,2,2,1,1,2,4,1,1,0,0,0,11,12,1,0,champtel.pdf
0,0,1,1,27,27,7,0,0,122.2548828125,0,0,2,1,1,1,3,1,12,1,1,34,0,0,27,12,0,0,66fr1700.pdf
0,0,2,2,29,29,17,0,0,61.6787109375,0,1,1,2,2,1,2,1,30,1,1,5,1,0,29,11,0,0,aniaboi.pdf
0,0,2,2,110,110,35,0,0,181.2001953125,0,1,26,2,2,1,26,2,19,1,1,68,1,0,110,30,0,0,contingent_liabilities_cip.pdf
0,0,2,2,42,42,20,0,0,43.685546875,0,1,2,3,2,1,2,1,26,1,1,50,1,0,42,17,0,0,cp130_spanish.pdf
0,0,4,0,105,105,97,0,0,101.8759765625,0,0,2,4,4,0,47,4,79,0,4,17,1,0,105,11,0,0,f5500ez.pdf
0,0,2,2,54,54,12,0,0,196.712890625,0,1,5,2,2,1,5,1,42,1,1,71,1,0,54,11,0,0,ar-1870.pdf
0,0,4,0,54,54,46,0,0,77.8212890625,0,0,3,5,4,0,4,4,31,0,4,4,3,0,54,9,0,0,f8844.pdf
0,0,1,1,6,6,2,0,0,78.453125,0,0,1,1,1,1,1,0,2,1,1,1,0,0,6,12,1,0,bgwirles.pdf
0,0,2,2,181,181,19,1,0,99.994140625,0,1,13,2,2,1,13,2,141,1,1,37,1,0,181,12,0,0,rp-02-54.pdf
0,0,1,1,9,9,4,0,0,106.1044921875,0,0,2,1,1,1,2,0,3,1,1,2,0,0,9,12,1,0,armdfrcs.pdf
0,0,2,2,27,27,8,0,0,40.830078125,0,1,3,2,2,1,3,2,11,1,1,19,1,0,27,12,0,0,rr-04-39.pdf
0,0,3,0,74,74,66,0,0,116.0810546875,0,0,4,3,3,0,16,3,40,0,3,8,1,0,74,21,0,0,fw4p12_accessible.pdf
0,0,2,2,33,33,7,0,0,20.01171875,0,1,4,2,2,1,4,1,25,1,1,34,1,3,33,24,0,0,9-steven-m-rothstein.pdf
0,1,2,2,109,109,57,0,0,234.22265625,0,1,2,2,2,1,41,1,98,1,1,79,1,21,109,9,0,0,f8716.pdf
1,2,8,0,135,135,113,0,0,116.515625,0,0,4,8,8,1,45,8,53,1,8,33,11,0,135,21,0,1,f12153_accessible.pdf
0,0,3,0,52,52,47,0,0,133.2587890625,0,0,1,3,3,0,5,3,28,0,3,5,1,0,52,9,0,0,f8910.pdf
0,0,2,2,45,45,8,0,0,43.15234375,0,0,2,2,2,2,2,2,39,2,2,39,2,5,45,12,0,0,67fr4694.pdf
0,0,2,2,30,30,9,0,0,55.8896484375,0,1,2,2,2,1,2,2,15,1,1,34,1,0,30,11,0,0,n-04-36.pdf
0,0,2,2,27,27,15,0,0,85.2490234375,0,1,1,2,2,1,2,1,26,1,1,5,1,0,27,12,0,0,colummet.pdf
0,0,3,0,849,849,97,0,0,196.970703125,0,0,24,3,3,1,24,3,755,1,3,44,2,6,849,11,0,0,121401f.pdf
0,0,2,2,28,28,6,0,0,16.3505859375,0,1,1,3,2,1,1,1,29,1,1,41,1,2,28,55,0,0,"Hacked Email, Real Estate Scams, Otherswoclearances.pdf"
0,0,2,2,126,126,8,1,0,46.1513671875,0,1,4,2,2,1,4,2,116,1,1,12,1,1,126,11,0,0,a-02-27.pdf
0,0,5,0,76,76,67,0,0,92.927734375,0,0,4,6,5,0,17,5,47,0,5,17,4,0,76,9,0,0,f6478.pdf
0,0,2,2,24,24,12,0,0,83.9169921875,0,1,1,2,2,1,2,1,23,1,1,5,1,0,24,11,0,0,caprock.pdf
0,0,2,2,39,39,11,0,0,28.8740234375,0,1,8,2,2,1,9,2,8,1,1,16,0,0,39,12,0,0,rp-99-35.pdf
0,0,2,2,26,26,14,0,0,81.30859375,0,1,1,2,2,1,2,1,25,1,1,5,1,0,26,14,0,0,bareescent.pdf
0,0,3,4,52,52,14,0,0,50.640625,0,0,1,4,3,2,1,3,58,2,2,74,2,7,51,10,0,0,f8453x.pdf
0,0,2,2,50,50,17,1,0,73.861328125,0,1,10,2,2,1,11,1,18,1,1,35,0,0,50,11,0,0,0930029.pdf
0,0,2,2,120,120,20,0,0,193.986328125,0,1,1,2,2,1,2,1,85,1,1,42,1,2,120,13,0,0,cnservers.pdf
0,0,2,2,11,11,3,0,0,30.537109375,0,1,1,2,2,1,1,2,4,1,1,0,0,0,11,12,1,0,bethelcs.pdf
0,0,4,4,137,137,57,0,0,168.4208984375,0,0,2,5,4,3,6,3,105,3,3,171,3,0,137,12,0,0,p4346evn.pdf
0,0,1,1,30,30,4,0,0,14.224609375,0,0,1,1,1,1,1,4,18,1,1,11,1,0,30,22,0,0,Christoph_Wienands.pdf
0,0,2,2,30,30,9,0,0,17.2177734375,0,1,5,3,2,1,5,1,22,1,1,25,1,0,30,12,0,0,rp-11-58.pdf
0,0,2,2,61,61,17,0,0,206.4560546875,0,0,2,3,2,1,2,3,44,1,3,88,0,3,61,27,0,0,VWP-QuickReferenceGuide.pdf
0,0,1,1,6,6,2,0,0,75.609375,0,0,1,1,1,1,1,0,2,1,1,1,0,0,6,12,1,0,chiencoa.pdf
0,0,2,2,63,63,19,0,0,40.296875,0,1,13,3,2,1,13,1,37,1,1,43,1,0,63,12,0,0,rp-10-15.pdf
0,0,2,2,99,99,28,0,0,61.0625,0,1,26,2,2,1,26,2,16,1,1,54,1,0,99,11,0,0,td_9300.pdf
0,0,2,0,280,280,129,0,0,138.1875,0,0,4,2,2,1,90,2,128,1,2,111,2,0,280,9,0,0,f5471.pdf
0,0,1,1,204,204,56,0,0,403.03125,0,0,40,1,1,1,40,3,43,1,1,144,1,0,204,13,0,0,alnet-inc.pdf
0,0,2,2,371,371,42,0,0,204.3896484375,0,1,13,2,2,1,17,1,67,1,1,107,1,7,371,9,0,0,i5227.pdf
0,0,2,0,28,28,25,0,0,133.4345703125,0,1,1,2,2,0,2,2,10,0,2,1,1,0,28,12,0,0,bit_wise.pdf
0,0,1,0,62,62,40,0,0,57.12109375,0,0,8,3,1,0,0,1,70,0,1,15,1,0,62,15,0,0,f1099msc_11.pdf
0,0,2,2,23,23,12,0,0,77.3369140625,0,1,1,2,2,1,2,1,23,1,1,5,1,0,23,14,0,0,cbidistrib.pdf
0,0,1,1,6,6,2,0,0,85.01171875,0,0,1,1,1,1,1,0,2,1,1,1,0,0,6,12,1,0,abousinc.pdf
1,0,2,2,519,519,49,0,0,302.9326171875,0,1,27,2,2,1,29,1,184,1,1,100,1,141,519,12,0,0,i1120sm3.pdf
0,0,2,2,11,11,3,0,0,27.943359375,0,1,1,2,2,1,1,2,4,1,1,0,0,0,11,12,1,0,cntlctol.pdf
0,0,2,2,11,11,3,0,0,33.6611328125,0,1,1,2,2,1,1,2,4,1,1,0,0,0,11,12,1,0,calvcrus.pdf
0,0,2,2,11,11,3,0,0,23.927734375,0,1,1,2,2,1,1,2,4,1,1,0,0,0,11,12,1,0,atomcorp.pdf
0,0,2,2,11,11,3,0,0,27.5576171875,0,1,1,2,2,1,1,2,4,1,1,0,0,0,11,12,1,0,comcd516.pdf
0,0,2,2,291,291,34,0,0,194.1455078125,0,1,11,2,2,1,16,1,60,1,1,88,1,8,291,9,0,0,i944x.pdf
0,0,2,2,209,209,32,0,0,149.79296875,0,1,7,2,2,1,11,1,56,1,1,93,1,3,209,12,0,0,i1099int.pdf
0,0,3,0,55,55,49,0,0,83.3955078125,0,0,2,3,3,0,2,3,26,0,3,2,1,0,55,20,0,0,f4952_accessible.pdf
0,0,2,2,30,30,8,0,0,30.26953125,0,1,5,3,2,1,5,1,15,2,1,35,1,0,30,11,0,0,n-10-51.pdf
0,0,1,1,6,6,2,0,0,74.1728515625,0,0,1,1,1,1,1,0,2,1,1,1,0,0,6,12,1,0,chobabyf.pdf
0,0,2,2,11,11,3,0,0,24.4150390625,0,1,1,2,2,1,1,2,4,1,1,0,0,0,11,10,1,0,baltel.pdf
0,0,2,2,11,11,3,0,0,23.4609375,0,1,1,2,2,1,1,2,4,1,1,0,0,0,11,12,1,0,concsmry.pdf
0,0,4,0,88,88,81,0,0,91.162109375,0,0,2,4,4,0,29,4,52,0,4,11,2,0,88,20,0,0,f8926_accessible.pdf
0,0,3,3,152,152,76,0,0,121.41796875,0,0,20,3,3,4,24,2,20,4,2,46,2,0,152,11,0,0,072101f.pdf
0,0,2,2,35,35,12,0,0,23.96875,0,1,5,3,2,1,5,1,27,1,1,43,1,0,35,12,0,0,rp-12-11.pdf
0,0,2,2,128,128,25,0,0,143.0244140625,0,1,3,3,2,1,5,1,51,1,1,84,1,2,128,11,0,0,i706gsd.pdf
0,0,2,2,60,60,33,0,0,27.169921875,0,1,2,2,2,0,7,1,36,1,1,35,1,0,60,17,0,0,cp567_spanish.pdf
0,0,3,0,57,57,51,0,0,94.5048828125,0,0,2,3,3,0,2,3,25,0,3,2,1,0,57,9,0,0,f6251.pdf
0,0,2,2,36,36,11,1,0,17.5869140625,0,1,3,2,2,1,3,2,9,1,1,17,0,0,36,12,0,0,rr67_284.pdf
0,0,4,0,45,45,38,0,0,66.06640625,0,0,2,5,4,0,3,4,27,0,4,3,3,0,45,10,0,0,f5305b.pdf
0,0,2,2,48,48,21,0,0,51.755859375,0,1,12,3,2,1,12,1,28,1,1,42,1,0,48,11,0,0,n-08-79.pdf
0,0,1,1,6,6,2,0,0,77.0068359375,0,0,1,1,1,1,1,0,2,1,1,1,0,0,6,12,1,0,aaentric.pdf
0,0,2,2,25,25,13,0,0,68.896484375,0,1,1,2,2,1,2,1,24,1,1,5,1,0,25,13,0,0,betteradv.pdf
0,0,2,2,51,51,15,0,0,26.2939453125,0,1,12,2,2,1,12,1,9,1,1,22,1,0,51,12,0,0,rp-07-54.pdf
0,0,1,1,6,6,2,0,0,75.5546875,0,0,1,1,1,1,1,0,2,1,1,1,0,0,6,12,1,0,biznikis.pdf
0,0,2,2,41,41,15,0,0,47.6279296875,0,1,4,3,2,1,4,1,33,1,1,59,1,1,41,12,0,0,hqeo-pia.pdf
0,0,2,2,119,119,39,0,0,144.453125,0,1,23,2,2,1,23,2,26,1,1,51,2,0,119,11,0,0,p4492sp.pdf
0,0,5,0,261,261,252,0,0,163.45703125,0,0,4,6,5,0,194,5,221,0,5,104,4,0,261,10,0,0,f990sa.pdf
0,0,4,0,135,135,128,0,0,110.521484375,0,0,2,5,4,0,81,4,109,0,4,47,3,0,135,15,0,0,f8839--2010.pdf
0,0,2,2,42,42,11,0,0,20.8095703125,0,1,9,2,2,1,9,1,13,1,1,39,1,0,42,11,0,0,n-09-58.pdf
0,0,2,2,347,347,45,0,0,253.8486328125,0,1,19,2,2,1,23,1,77,1,1,113,1,12,347,13,0,0,i1042s_11.pdf
0,0,3,0,191,191,184,0,0,131.1982421875,0,0,3,3,3,0,129,3,149,0,3,45,1,0,191,19,0,0,f926_accessible.pdf
0,0,6,0,48,48,28,0,0,41.880859375,0,0,1,7,6,0,3,6,44,0,6,3,5,6,48,28,0,0,timeline_NIH_transitions.pdf
0,0,2,2,54,54,18,0,0,36.7744140625,0,1,4,2,2,1,4,2,23,1,1,30,1,0,54,10,0,0,i8621a.pdf
0,0,3,0,80,80,55,0,0,91.24609375,0,0,22,3,3,1,0,3,7,1,3,0,2,0,80,10,0,0,11382f.pdf
0,0,2,0,40,40,37,0,0,227.919921875,0,1,1,2,2,0,2,2,10,0,2,1,1,0,40,23,0,0,charlotte_viewpoint.pdf
0,0,2,2,31,31,19,0,0,104.4521484375,0,1,1,2,2,1,2,1,32,1,1,5,1,0,31,18,0,0,comcastcableco.pdf
0,0,2,2,117,117,34,0,0,58.6572265625,0,1,32,2,2,1,32,1,15,1,1,72,1,0,117,12,0,0,rp-06-46.pdf
0,0,2,2,33,33,9,0,0,18.6494140625,0,1,6,2,2,1,6,1,11,1,1,26,1,0,33,11,0,0,n-07-35.pdf
0,0,2,2,11,11,3,0,0,28.91015625,0,1,1,2,2,1,1,2,4,1,1,0,0,0,11,12,1,0,clic2lrn.pdf
0,0,2,2,30,30,7,0,0,21.4072265625,0,1,4,3,2,1,4,1,17,2,1,44,1,0,30,12,0,0,rr-11-13.pdf
0,0,2,2,78,78,19,0,0,223.3798828125,0,0,3,2,2,2,8,2,64,2,2,70,1,3,78,13,0,0,77fr40268.pdf
0,0,3,4,158,158,62,0,0,105.17578125,0,0,2,4,3,2,32,3,186,2,2,152,2,46,157,11,0,0,f1040sl.pdf
1,1,1,1,957,957,411,0,0,262.91015625,0,0,25,1,1,1,409,1,790,1,1,494,1,378,957,9,0,1,k1024.pdf
0,0,2,2,127,127,26,0,0,144.8408203125,0,1,4,2,2,1,6,1,42,1,1,77,1,0,127,11,0,0,i1120fp.pdf
0,0,2,2,68,68,41,0,0,135.6748046875,0,1,2,3,2,1,2,1,45,1,1,73,1,0,68,21,0,0,cp276b_vietnamese.pdf
0,0,2,2,26,26,8,0,0,20.4033203125,0,1,2,3,2,1,2,1,22,1,1,45,1,0,26,34,0,0,qi_trust_attachment_revised_5a.pdf
0,0,2,2,54,54,19,0,0,54.8955078125,0,1,13,3,2,1,13,1,37,1,1,53,1,1,54,10,0,0,n-04-2.pdf
0,0,4,6,45,45,24,0,0,107.9326171875,0,0,1,9,4,3,1,7,38,3,7,51,5,0,45,9,0,0,p4141.pdf
0,0,1,1,58,58,14,0,0,73.3798828125,0,0,7,1,1,1,7,1,46,1,1,64,0,4,58,13,0,0,70fr42286.pdf
0,0,2,2,46,46,15,0,0,31.8994140625,0,1,9,3,2,1,9,1,37,1,1,39,1,2,46,11,0,0,n-11-26.pdf
0,0,1,1,6,6,2,0,0,71.953125,0,0,1,1,1,1,1,0,2,1,1,1,0,0,6,12,1,0,affartis.pdf
0,0,2,2,71,71,16,1,0,47.509765625,0,1,14,2,2,1,14,2,15,1,1,44,0,0,71,12,0,0,rr-01-51.pdf
0,0,2,2,41,41,10,0,0,90.6103515625,0,1,4,2,2,1,4,1,31,1,1,50,1,0,41,11,0,0,ar-1893.pdf
0,0,1,1,6,6,2,0,0,68.3466796875,0,0,1,1,1,1,1,0,2,1,1,1,0,0,6,10,1,0,afinos.pdf
0,0,1,1,9,9,4,0,0,90.494140625,0,0,2,1,1,1,2,0,3,1,1,2,0,0,9,12,1,0,construc.pdf
0,0,2,2,63,63,34,0,0,55.21484375,0,1,1,3,2,1,1,1,42,1,1,70,1,0,63,16,0,0,cp45_spanish.pdf
0,0,2,2,25,25,6,0,0,22.880859375,0,1,3,3,2,1,3,1,15,2,1,13,1,1,25,11,0,0,n-11-11.pdf
0,0,5,0,64,64,57,0,0,96.2783203125,0,0,2,6,5,0,9,5,39,0,5,5,4,0,64,9,0,0,f4970.pdf
0,0,2,2,25,25,7,0,0,16.033203125,0,1,3,2,2,1,3,2,10,1,1,13,1,0,25,13,0,0,rr-03-26_.pdf
0,0,1,1,6,6,2,0,0,74.666015625,0,0,1,1,1,1,1,0,2,1,1,1,0,0,6,12,1,0,berkmisd.pdf
0,0,2,2,51,51,20,0,0,62.73046875,0,1,7,3,2,1,7,1,39,1,1,71,1,1,51,11,0,0,pac-527.pdf
0,0,1,1,26,26,5,0,0,37.3759765625,0,0,2,1,1,1,2,1,22,1,1,40,0,0,26,13,0,0,68fr57814.pdf
0,0,3,0,69,69,62,0,0,156.47265625,0,0,3,4,3,0,15,3,46,0,3,7,2,0,69,9,0,0,f2350.pdf
0,0,2,0,29,29,26,0,0,96.748046875,0,1,1,2,2,0,2,2,10,0,2,1,1,0,29,16,0,0,adv_business.pdf
0,0,2,2,40,40,28,0,0,91.048828125,0,1,1,2,2,1,2,1,41,1,1,5,1,0,40,18,0,0,aeroindustries.pdf
0,0,2,2,37,37,13,0,0,33.98046875,0,1,4,3,2,1,4,1,34,1,1,42,1,1,37,14,0,0,tlcats-pia.pdf
0,0,2,2,11,11,3,0,0,28.501953125,0,1,1,2,2,1,1,2,4,1,1,0,0,0,11,11,1,0,amacped.pdf
0,0,2,2,66,66,6,1,0,49.7890625,0,1,1,2,2,1,1,2,66,1,1,17,1,0,66,11,0,0,n-02-80.pdf
0,0,1,2,61,61,9,0,0,25.8466796875,0,0,4,3,1,1,4,2,38,1,2,45,1,0,61,11,0,0,n-04-74.pdf
0,0,2,2,12,12,4,0,0,16.783203125,0,1,1,2,2,1,1,2,5,1,1,0,1,0,12,12,1,0,cencomce.pdf
0,0,2,2,25,25,7,0,0,14.5419921875,0,1,4,2,2,1,4,1,9,1,1,14,1,0,25,11,0,0,a-11-64.pdf
0,0,2,2,238,238,73,0,0,134.5009765625,0,1,71,2,2,1,71,1,15,1,1,111,1,0,238,11,0,0,n-05-38.pdf
0,0,2,2,84,84,14,1,0,49.44921875,0,1,2,2,2,1,2,2,59,1,1,18,1,0,84,11,0,0,n-02-52.pdf
1,2,2,2,313,313,53,0,0,269.9716796875,0,1,2,2,2,1,30,25,358,1,1,83,1,39,313,20,0,1,f8869_accessible.pdf
0,0,2,2,27,27,15,0,0,93.083984375,0,1,1,2,2,1,2,1,26,1,1,5,1,0,27,12,0,0,blockbus.pdf
0,0,2,2,11,11,3,0,0,23.71484375,0,1,1,2,2,1,1,2,4,1,1,0,0,0,11,13,1,0,cobra1_di.pdf
0,0,2,2,46,46,17,0,0,33.5986328125,0,1,12,3,2,1,12,1,30,1,1,42,1,0,46,11,0,0,n-10-38.pdf
0,0,2,2,22,22,6,0,0,13.2392578125,0,1,2,3,2,1,2,1,24,1,1,12,1,2,22,11,0,0,a-04-87.pdf
0,0,2,2,11,11,3,0,0,25.1728515625,0,1,1,2,2,1,1,2,4,1,1,0,0,0,11,11,1,0,allegis.pdf
0,0,2,2,24,24,12,0,0,73.23828125,0,1,1,2,2,1,2,1,25,1,1,5,1,0,24,9,0,0,bitli.pdf
0,0,2,2,59,59,23,0,0,26.748046875,0,1,1,3,2,1,2,2,41,2,1,79,1,1,59,10,0,0,labels.pdf
0,0,2,2,104,104,11,1,0,61.2548828125,0,1,6,2,2,1,6,2,89,1,1,22,1,0,104,12,0,0,rp-02-23.pdf
0,0,1,1,6,6,2,0,0,76.06640625,0,0,1,1,1,1,1,0,2,1,1,1,0,0,6,12,1,0,conconme.pdf
0,0,2,2,27,27,8,0,0,47.203125,0,1,3,2,2,1,3,2,11,1,1,19,1,0,27,12,0,0,rp-04-21.pdf
0,0,1,1,6,6,2,0,0,78.7724609375,0,0,1,1,1,1,1,0,2,1,1,1,0,0,6,12,1,0,bosgrasp.pdf
0,0,2,2,27,27,7,0,0,15.1865234375,0,1,3,2,2,1,3,1,15,1,1,36,1,0,27,11,0,0,n-12-27.pdf
0,0,2,2,56,56,6,1,0,31.5380859375,0,1,2,2,2,1,2,2,55,1,1,10,1,0,56,11,0,0,a-02-19.pdf
0,0,1,1,6,6,2,0,0,75.173828125,0,0,1,1,1,1,1,0,2,1,1,1,0,0,6,13,1,0,citmedill.pdf
0,0,2,2,69,69,23,0,0,38.3759765625,0,1,4,3,2,1,4,2,36,1,1,56,2,0,69,9,0,0,i8913.pdf
0,0,3,3,66,66,27,0,0,42.556640625,0,0,7,3,3,4,8,2,27,4,2,46,2,0,66,11,0,0,084301f.pdf
0,0,2,2,119,119,24,0,0,183.4833984375,0,1,1,2,2,1,2,1,83,1,1,57,1,2,119,19,0,0,convergint_tech.pdf
0,0,2,0,49,49,40,0,0,36.1318359375,0,1,7,2,2,0,0,2,4,0,2,0,1,0,49,11,0,0,103901f.pdf
0,0,3,4,280,280,67,0,0,130.1884765625,0,0,8,4,3,2,38,3,249,2,2,107,2,142,279,8,0,0,fw2g.pdf
56,57,2,2,516,516,175,1,0,2256.44140625,0,1,8,2,2,1,60,1,481,1,1,225,16,86,516,27,0,1,RichContentorFlash (10).pdf
0,0,2,0,40,40,36,0,0,172.830078125,0,1,2,2,2,0,3,2,13,0,2,2,1,0,40,11,0,0,caltech.pdf
0,0,3,0,93,93,87,0,0,90.021484375,0,0,2,3,3,0,41,3,66,0,3,15,1,0,93,22,0,0,f8453sp_accessible.pdf
0,0,1,1,18,18,2,0,0,19.953125,0,0,2,1,1,1,2,0,12,1,0,27,0,0,18,13,0,0,63fr17142.pdf
0,0,2,2,79,79,13,1,0,48.5498046875,0,1,1,2,2,1,1,2,65,1,1,17,1,0,79,11,0,0,n-02-38.pdf
0,0,2,2,101,101,7,1,0,54.0244140625,0,1,2,2,2,1,2,2,87,1,1,18,1,0,101,11,0,0,n-02-62.pdf
0,0,2,2,41,41,11,0,0,21.8232421875,0,1,8,2,2,1,8,1,13,1,1,38,1,0,41,11,0,0,n-06-96.pdf
0,0,2,2,44,44,10,0,0,105.0615234375,0,1,4,2,2,1,4,1,34,1,1,56,1,0,44,11,0,0,ar-1890.pdf
0,0,2,2,288,288,26,0,0,263.7529296875,0,1,1,2,2,1,2,1,258,1,1,68,1,6,288,17,0,0,clarity_media.pdf
0,0,2,0,122,122,111,0,0,162.1796875,0,1,9,2,2,0,63,2,76,0,2,9,1,0,122,9,0,0,fw2gu.pdf
0,0,2,2,50,50,24,0,0,159.1943359375,0,1,2,3,2,1,2,1,32,1,1,66,1,0,50,16,0,0,cp31_chinese.pdf
0,0,2,2,180,180,16,1,0,88.873046875,0,1,9,2,2,1,9,2,151,1,1,41,1,0,180,12,0,0,rp-02-50.pdf
0,0,3,4,207,207,24,0,0,56.6015625,0,0,6,6,3,2,12,4,186,2,4,40,2,0,207,21,0,0,409a_presentation.pdf
0,0,3,0,80,80,72,0,0,101.646484375,0,0,4,3,3,0,23,3,46,0,3,10,1,0,80,19,0,0,fct1_accessible.pdf
0,0,1,1,6,6,2,0,0,78.052734375,0,0,1,1,1,1,1,0,2,1,1,1,0,0,6,12,1,0,conunneb.pdf
0,0,2,2,26,26,8,0,0,20.7138671875,0,1,5,3,2,1,5,1,11,2,1,15,1,0,26,11,0,0,n-11-56.pdf
0,0,2,2,24,24,12,0,0,96.369140625,0,1,1,2,2,1,2,1,23,1,1,5,1,0,24,13,0,0,avarrsoul.pdf
0,0,3,0,50,50,44,0,0,68.646484375,0,0,2,3,3,0,2,3,23,0,3,2,1,0,50,20,0,0,f8931_accessible.pdf
0,0,2,2,33,33,10,0,0,63.2568359375,0,1,4,2,2,1,4,2,13,1,1,28,1,0,33,12,0,0,rr-04-12.pdf
0,0,3,0,168,168,162,0,0,300.8525390625,0,0,2,3,3,0,117,3,139,0,3,40,1,0,168,20,0,0,f8717_accessible.pdf
6,6,2,2,86,86,11,0,0,125.5302734375,0,1,2,2,2,1,2,2,65,1,1,39,1,37,86,11,0,1,DS-0158.pdf
0,0,2,2,35,35,13,0,0,24.8486328125,0,1,8,3,2,1,8,1,27,1,1,18,1,1,35,11,0,0,a-10-09.pdf
0,0,3,3,72,72,21,0,0,73.849609375,0,0,1,6,3,2,1,3,54,2,2,57,2,5,72,16,0,0,timing_sum06.pdf
0,0,2,2,186,186,32,0,0,195.8818359375,0,1,11,2,2,1,14,1,56,1,1,88,1,5,186,9,0,0,iw7sp.pdf
0,0,3,0,235,235,223,0,0,288.1728515625,0,0,8,3,3,0,152,3,177,0,3,129,1,0,235,9,0,0,f2290.pdf
0,0,2,2,352,352,50,0,0,248.0771484375,0,1,21,2,2,1,26,1,63,1,1,126,1,2,352,9,0,0,i1116.pdf
0,0,2,0,36,36,33,0,0,208.1884765625,0,1,1,2,2,0,2,2,10,0,2,1,1,0,36,24,0,0,contast_professional.pdf
0,0,2,2,47,47,8,0,0,23.5341796875,0,1,4,3,2,1,4,1,35,2,1,14,1,5,47,12,0,0,rp-11-30.pdf
0,0,1,1,386,386,39,0,0,390.376953125,0,0,20,1,1,1,20,1,51,1,1,69,1,15,386,12,0,0,irb06-29.pdf
0,0,1,1,6,6,2,0,0,58.1826171875,0,0,1,1,1,1,1,0,2,1,1,1,0,0,6,12,1,0,cognichk.pdf
0,0,4,0,125,125,110,0,0,236.4501953125,0,0,9,4,4,1,33,4,69,1,4,22,3,0,125,12,0,0,f1040esn.pdf
0,0,2,2,36,36,9,0,0,16.45703125,0,1,7,2,2,1,7,1,14,1,1,37,1,0,36,12,0,0,rr-05-29.pdf
0,0,2,2,32,32,20,0,0,76.603515625,0,1,1,2,2,1,2,1,33,1,1,5,1,0,32,10,0,0,boltic.pdf
0,0,2,2,71,71,22,0,0,123.724609375,0,1,16,2,2,1,16,2,13,1,1,40,1,0,71,55,0,0,finalntawrittentestimony2005jointrra98reviewhearing.pdf
0,0,2,2,53,53,14,0,0,24.580078125,0,1,12,2,2,1,12,1,13,1,1,42,1,0,53,12,0,0,rp-05-18.pdf
0,0,2,2,82,82,23,0,0,227.208984375,0,1,1,2,2,1,2,1,69,1,1,55,1,4,82,11,0,0,advameg.pdf
0,0,2,2,28,28,16,0,0,79.91796875,0,1,1,2,2,1,2,1,27,1,1,5,1,0,28,14,0,0,alacercorp.pdf
2,3,1,2,75,75,27,0,0,194.5478515625,0,0,2,3,1,1,2,2,60,1,2,57,1,9,75,19,0,1,fw9s_accessible.pdf
0,0,2,2,35,35,8,0,0,16.58984375,0,1,6,2,2,1,6,1,15,1,1,46,1,0,35,11,0,0,n-08-19.pdf
0,0,3,4,40,40,15,0,0,37.6298828125,0,0,6,6,3,2,7,4,32,2,4,47,2,0,40,18,0,0,qiattachcanada.pdf
0,0,2,2,28,28,8,0,0,16.25,0,1,5,2,2,1,5,1,9,1,1,15,1,0,28,11,0,0,n-07-54.pdf
0,0,4,4,1348,1348,66,0,0,378.30859375,0,0,14,8,4,4,29,4,1827,6,4,131,4,185,1348,9,0,0,sum08.pdf
0,0,2,2,113,113,10,1,0,79.5673828125,0,1,2,2,2,1,2,2,116,1,1,36,1,0,113,11,0,0,a-04-11.pdf
0,0,2,2,34,34,13,0,0,23.857421875,0,1,7,3,2,1,7,1,25,1,1,35,1,0,34,12,0,0,rp-07-53.pdf
0,0,2,2,28,28,7,0,0,15.5107421875,0,1,2,3,2,1,2,1,25,1,1,32,1,1,28,11,0,0,n-09-42.pdf
0,0,2,2,80,80,17,2,0,28.404296875,0,0,1,2,2,2,2,2,51,2,2,42,2,6,80,30,0,0,tree_women_clinical_trials.pdf
0,0,2,2,24,24,12,0,0,94.89453125,0,1,1,2,2,1,2,1,23,1,1,5,1,0,24,12,0,0,chicazoo.pdf
0,0,2,2,24,24,12,0,0,80.2265625,0,1,1,2,2,1,2,1,23,1,1,5,1,0,24,12,0,0,boengmng.pdf
0,0,2,2,116,116,76,0,0,202.9521484375,0,1,3,3,2,1,3,1,78,1,1,92,1,0,116,16,0,0,cp10_chinese.pdf
0,0,2,2,11,11,3,0,0,15.134765625,0,1,1,2,2,1,1,2,4,1,1,0,0,0,11,11,1,0,baydncc.pdf
0,0,2,2,11,11,3,0,0,30.5732421875,0,1,1,2,2,1,1,2,4,1,1,0,0,0,11,10,1,0,amplex.pdf
0,0,2,0,31,31,28,0,0,138.6767578125,0,1,1,2,2,0,2,2,10,0,2,1,1,0,31,14,0,0,al-monitor.pdf
0,0,2,2,107,107,70,0,0,65.953125,0,1,2,3,2,0,8,1,75,1,1,73,1,0,107,17,0,0,cp13m_english.pdf
0,0,1,1,21,21,12,0,0,237.7607421875,0,0,6,1,1,1,6,0,7,1,1,6,0,0,21,10,0,0,allmed.pdf
0,0,2,2,164,164,64,0,0,121.43359375,0,1,6,3,2,1,48,2,192,1,1,134,1,49,164,11,0,0,f1099sa.pdf
0,0,2,2,21,21,6,0,0,43.822265625,0,1,1,2,2,1,1,2,11,1,1,17,1,0,21,11,0,0,n-03-17.pdf
0,0,1,1,6,6,2,0,0,82.0634765625,0,0,1,1,1,1,1,0,2,1,1,1,0,0,6,12,1,0,calgocom.pdf
0,0,2,2,25,25,6,0,0,14.390625,0,1,5,2,2,1,5,2,8,1,1,11,0,0,25,11,0,0,n-00-32.pdf
0,0,1,1,6,6,2,0,0,77.2490234375,0,0,1,1,1,1,1,0,2,1,1,1,0,0,6,12,1,0,canynbbd.pdf
0,0,2,2,95,95,22,0,0,103.861328125,0,1,2,2,2,1,4,1,36,1,1,59,1,0,95,13,0,0,i1099g_11.pdf
0,0,2,2,12,12,4,0,0,25.3154296875,0,1,1,2,2,1,1,2,5,1,1,0,1,0,12,9,1,0,attws.pdf
0,0,2,2,21,21,6,0,0,43.7490234375,0,1,2,2,2,1,2,2,9,1,1,10,1,0,21,11,0,0,n-03-64.pdf
0,0,2,2,291,291,26,0,0,92.869140625,0,1,3,2,2,1,5,2,452,1,1,41,1,9,291,13,0,0,67fr78176.pdf
0,0,2,2,27,27,9,0,0,18.9306640625,0,1,5,3,2,1,5,1,21,1,1,25,1,0,27,11,0,0,n-09-06.pdf
0,0,1,1,21,21,3,0,0,13.458984375,0,0,1,1,1,1,1,1,4,1,1,9,0,0,21,16,0,0,Alex_Shepard.pdf
0,0,1,0,13,13,10,0,0,790.044921875,0,1,1,2,1,0,0,1,13,0,1,0,1,0,13,23,1,0,3D_OSiCarrauntoohil.pdf
0,0,2,0,35,35,32,0,0,172.43359375,0,1,1,2,2,0,2,2,10,0,2,1,1,0,35,17,0,0,act_not_robot.pdf
0,0,2,2,30,30,18,0,0,89.111328125,0,1,1,2,2,1,2,1,29,1,1,5,1,0,30,14,0,0,bunnomatic.pdf
0,0,2,2,21,21,9,0,0,69.591796875,0,1,1,2,2,1,2,1,20,1,1,5,1,0,21,11,0,0,balcimh.pdf
2,3,1,2,384,384,73,0,0,191.298828125,0,0,8,4,1,1,29,3,558,1,2,107,1,224,384,23,0,1,f5305ase_accessible.pdf
0,0,2,2,116,116,53,0,0,312.1787109375,0,1,1,6,2,1,3,1,93,1,1,71,9,0,116,9,0,0,p4298.pdf
0,0,3,0,83,83,78,0,0,81.6396484375,0,0,1,3,3,0,33,3,55,0,3,13,1,0,83,10,0,0,f1120h.pdf
0,0,2,2,29,29,7,0,0,20.326171875,0,1,3,3,2,1,3,1,16,2,1,23,1,1,29,12,0,0,rp-10-45.pdf
0,0,1,0,79,79,33,0,0,65.2177734375,0,0,9,3,1,1,0,1,90,1,1,50,1,0,79,8,0,0,fw2c.pdf
0,0,2,2,24,24,7,0,0,14.4990234375,0,1,2,3,2,1,2,1,21,1,1,33,1,0,24,11,0,0,a-08-44.pdf
0,0,2,2,11,11,3,0,0,28.4111328125,0,1,1,2,2,1,1,2,4,1,1,0,0,0,11,12,1,0,almostr1.pdf
0,0,2,2,83,83,26,0,0,105.3564453125,0,1,19,2,2,1,19,2,15,1,1,51,1,0,83,12,0,0,rp-04-23.pdf
0,0,2,2,45,45,14,0,0,27.1689453125,0,1,9,3,2,1,9,1,28,1,1,19,1,0,45,12,0,0,rr-08-39.pdf
0,0,2,2,24,24,7,0,0,18.1943359375,0,1,2,3,2,1,2,1,17,1,1,22,1,0,24,11,0,0,n-06-75.pdf
0,0,2,2,79,79,19,0,0,87.8251953125,0,1,1,2,2,1,3,1,63,1,1,24,1,0,79,12,0,0,allband2.pdf
0,0,1,1,6,6,2,0,0,85.4150390625,0,0,1,1,1,1,1,0,2,1,1,1,0,0,6,11,1,0,comcops.pdf
0,0,4,0,101,101,62,0,0,68.498046875,0,0,6,5,4,0,22,4,104,0,4,32,3,2,101,12,0,0,f1099cap.pdf
0,0,2,2,38,38,15,0,0,37.3046875,0,1,5,3,2,1,5,1,34,1,1,33,1,1,38,11,0,0,imf_pia.pdf
0,0,2,2,43,43,7,0,0,47.1142578125,0,0,3,2,2,2,3,2,32,2,2,38,1,4,43,13,0,0,68fr74481.pdf
0,0,2,2,43,43,16,0,0,41.56640625,0,1,5,3,2,1,5,1,37,1,1,54,1,1,43,14,0,0,ibsarl-pia.pdf
0,0,2,2,28,28,7,0,0,21.5185546875,0,1,4,3,2,1,4,1,15,2,1,34,1,0,28,12,0,0,rr-11-14.pdf
0,0,1,1,6,6,2,0,0,68.005859375,0,0,1,1,1,1,1,0,2,1,1,1,0,0,6,11,1,0,choopa1.pdf
0,0,2,2,11,11,3,0,0,26.169921875,0,1,1,2,2,1,1,2,4,1,1,0,0,0,11,12,1,0,brodbdof.pdf
0,0,2,2,28,28,5,1,0,14.7109375,0,1,4,2,2,1,4,2,11,1,1,25,0,0,28,11,0,0,n-00-65.pdf
0,0,2,2,11,11,3,0,0,26.6865234375,0,1,1,2,2,1,1,2,4,1,1,0,0,0,11,12,1,0,ahwatftn.pdf
0,0,1,1,6,6,2,0,0,73.29296875,0,0,1,1,1,1,1,0,2,1,1,1,0,0,6,12,1,0,bunchbll.pdf
3,0,4,0,77,77,70,0,0,397.34375,0,0,2,5,4,2,8,4,39,2,4,2,3,0,77,12,0,0,p4346fcn.pdf
0,0,1,1,6,6,2,0,0,83.4189453125,0,0,1,1,1,1,1,0,2,1,1,1,0,0,6,14,1,0,calcolotar.pdf
0,0,2,2,61,61,17,0,0,32.9169921875,0,1,14,2,2,1,14,1,13,1,1,44,1,0,61,12,0,0,rr-07-32.pdf
0,0,1,1,6,6,2,0,0,97.6328125,0,0,1,1,1,1,1,0,2,1,1,1,0,0,6,12,1,0,ashrgair.pdf
0,0,1,1,11,11,1,0,0,1.6748046875,0,0,1,1,1,1,1,1,2,1,1,0,0,0,11,28,1,0,purepdf_separationcolors.pdf
0,0,2,2,33,33,9,0,0,23.857421875,0,1,6,2,2,1,6,1,11,1,1,26,1,0,33,11,0,0,n-10-65.pdf
0,0,2,2,24,24,5,0,0,76.771484375,0,0,1,3,2,1,1,3,17,1,3,36,0,0,24,15,0,0,Carlos_Gurr.pdf
0,0,2,2,28,28,16,0,0,89.6962890625,0,1,1,2,2,1,2,1,29,1,1,5,1,0,28,10,0,0,bwisgu.pdf
0,0,2,0,27,27,21,0,0,43.3544921875,0,1,4,2,2,0,4,2,4,0,2,4,1,0,27,58,0,0,SIV_Resettlement_Benefits_Election_Form_2010_(English).pdf
0,0,2,2,27,27,8,0,0,55.5029296875,0,1,2,2,2,1,2,2,13,1,1,26,1,0,27,11,0,0,a-03-49.pdf
0,0,1,1,6,6,2,0,0,83.466796875,0,0,1,1,1,1,1,0,2,1,1,1,0,0,6,12,1,0,clscsrvn.pdf
0,0,2,2,26,26,5,1,0,13.8876953125,0,1,4,2,2,1,4,2,15,1,1,25,0,0,26,12,0,0,rr-02-41.pdf
0,0,1,1,6,6,2,0,0,87.2666015625,0,0,1,1,1,1,1,0,2,1,1,1,0,0,6,12,1,0,attendio.pdf
0,0,3,0,34,34,29,0,0,43.8544921875,0,0,1,3,3,0,1,3,20,0,3,1,1,0,34,21,0,0,f8453x_accessible.pdf
0,0,2,2,59,59,20,0,0,67.22265625,0,1,16,3,2,1,16,1,19,2,1,67,1,0,59,12,0,0,rp-10-30.pdf
0,0,1,1,32,32,6,0,0,23.1494140625,0,0,1,1,1,1,1,1,10,1,1,25,0,0,32,11,0,0,Casey_S.pdf
0,0,2,2,81,81,20,0,0,281.69140625,0,1,9,2,2,1,9,1,61,1,1,105,1,0,81,11,0,0,ar-1999.pdf
0,0,1,1,6,6,2,0,0,73.61328125,0,0,1,1,1,1,1,0,2,1,1,1,0,0,6,12,1,0,antetmtv.pdf
0,0,2,2,59,59,18,0,0,61.7197265625,0,1,3,2,2,1,3,2,41,1,1,60,1,2,59,13,0,0,73fr29071.pdf
0,0,2,2,33,33,8,0,0,15.3759765625,0,1,6,2,2,1,6,1,13,1,1,36,1,0,33,11,0,0,n-06-78.pdf
0,0,2,2,19,19,6,0,0,11.224609375,0,1,2,3,2,1,2,1,16,1,1,22,1,0,19,11,0,0,a-12-16.pdf
0,0,1,1,6,6,2,0,0,77.869140625,0,0,1,1,1,1,1,0,2,1,1,1,0,0,6,12,1,0,carbonit.pdf
20,21,3,6,129,129,34,2,0,63.7373046875,0,0,1,7,3,3,20,6,143,3,6,46,3,28,128,10,0,1,f12009.pdf
0,0,2,2,414,414,88,0,0,379.986328125,0,1,33,3,2,1,33,1,81,1,1,101,1,30,414,12,0,0,irb05-04.pdf
0,0,2,2,82,82,33,0,0,49.5634765625,0,1,14,2,2,1,16,1,15,1,1,36,1,0,82,11,0,0,100301f.pdf
0,0,3,4,246,246,68,0,0,139.9794921875,0,0,4,4,3,2,31,3,329,2,2,167,2,115,245,8,0,0,f944.pdf
0,0,2,2,36,36,11,0,0,57.04296875,0,1,6,2,2,1,6,2,11,1,1,22,1,0,36,11,0,0,n-03-24.pdf
0,0,1,1,6,6,2,0,0,59.0205078125,0,0,1,1,1,1,1,0,2,1,1,1,0,0,6,12,1,0,amadnoam.pdf
0,0,2,2,32,32,11,0,0,34.2060546875,0,1,8,3,2,1,8,1,11,2,1,18,1,0,32,11,0,0,n-10-62.pdf
0,0,2,2,46,46,19,0,0,62.0166015625,0,1,3,2,2,1,3,1,33,1,1,60,1,0,46,13,0,0,70fr39341.pdf
0,0,5,0,155,155,147,0,0,192.80859375,0,0,2,5,5,2,115,5,140,2,5,60,4,0,155,21,0,0,f13551_accessible.pdf
0,0,2,2,66,66,23,0,0,85.546875,0,1,7,2,2,1,7,1,45,1,1,64,1,3,66,13,0,0,73fr25627.pdf
0,0,2,2,12,12,4,0,0,16.6533203125,0,1,1,2,2,1,1,2,5,1,1,0,1,0,12,12,1,0,cchcmrtg.pdf
0,0,2,2,25,25,7,0,0,29.1708984375,0,1,3,2,2,1,3,2,10,1,1,13,1,0,25,11,0,0,rr-04-2.pdf
0,0,2,2,91,91,37,0,0,388.513671875,0,1,1,9,2,1,2,1,59,1,1,66,3,0,91,26,0,0,sm_bus_hubzone_expo_dc.pdf
0,0,3,3,45,45,18,0,0,42.6708984375,0,0,4,3,3,2,4,2,24,2,2,51,2,0,45,9,0,0,f5500.pdf
0,0,2,2,47,47,18,0,0,34.8955078125,0,1,14,3,2,1,14,1,30,1,1,44,1,0,47,11,0,0,n-12-39.pdf
0,0,1,1,46,46,10,0,0,34.3134765625,0,0,9,1,1,1,9,1,20,1,1,51,1,0,46,11,0,0,061703f.pdf
0,0,1,1,83,83,26,0,0,364.89453125,0,0,14,1,1,1,16,1,61,1,1,54,1,20,83,13,0,0,Art_Neill.pdf
0,0,1,1,6,6,2,0,0,79.8564453125,0,0,1,1,1,1,1,0,2,1,1,1,0,0,6,12,1,0,contxopt.pdf
0,0,1,1,38,38,15,0,0,47.9150390625,0,0,4,1,1,1,4,1,64,1,1,38,1,0,38,11,0,0,ala-arl.pdf
0,0,2,2,12,12,4,0,0,19.708984375,0,1,1,2,2,1,1,2,5,1,1,0,1,0,12,12,1,0,charcomi.pdf
0,0,2,2,26,26,14,0,0,82.01953125,0,1,1,2,2,1,2,1,25,1,1,5,1,0,26,12,0,0,clearwir.pdf
0,0,1,1,6,6,2,0,0,84.2783203125,0,0,1,1,1,1,1,0,2,1,1,1,0,0,6,12,1,0,abopulin.pdf
0,0,2,2,71,71,7,1,0,49.19921875,0,1,2,2,2,1,2,2,69,1,1,18,1,0,71,12,0,0,rr-03-57.pdf
0,0,2,2,30,30,9,0,0,48.349609375,0,1,4,2,2,1,4,2,11,1,1,20,1,0,30,12,0,0,rp-04-32.pdf
0,0,2,2,109,109,18,0,0,189.095703125,0,1,1,2,2,1,2,1,80,1,1,32,1,2,109,13,0,0,asian_art.pdf
0,0,3,0,57,57,43,0,0,50.18359375,0,0,11,3,3,1,0,3,7,1,3,0,2,0,57,11,0,0,103101f.pdf
0,0,3,3,96,96,34,0,0,43.4072265625,0,0,1,3,3,2,31,2,94,2,2,59,2,29,96,10,0,0,f8796a.pdf
1,1,1,1,568,568,239,0,0,151.720703125,0,0,10,2,1,1,212,1,492,1,1,170,1,206,568,9,0,1,p1244.pdf
0,0,2,2,50,50,16,0,0,193.365234375,0,0,1,2,2,2,2,2,34,2,2,88,3,0,50,22,0,0,Farsi_CNAstatement.pdf
0,0,2,2,45,45,13,0,0,29.5,0,1,8,3,2,1,8,1,29,1,1,28,1,0,45,12,0,0,rr-08-30.pdf
0,0,1,1,6,6,2,0,0,93.8037109375,0,0,1,1,1,1,1,0,2,1,1,1,0,0,6,12,1,0,campexic.pdf
0,0,1,1,6,6,2,0,0,68.763671875,0,0,1,1,1,1,1,0,2,1,1,1,0,0,6,12,1,0,branconl.pdf
0,0,2,2,21,21,9,0,0,75.4814453125,0,1,1,2,2,1,2,1,20,1,1,5,1,0,21,12,0,0,acdczone.pdf
0,0,2,2,131,131,29,0,0,146.05078125,0,1,4,2,2,1,7,1,55,1,1,94,1,2,131,9,0,0,i8930.pdf
2,3,2,4,248,248,91,0,0,83.6494140625,0,0,1,6,2,2,68,6,231,2,5,67,2,55,248,20,0,1,f8866_accessible.pdf
0,0,2,2,42,42,18,0,0,56.5693359375,0,1,2,2,2,1,2,1,32,1,1,56,1,0,42,13,0,0,72fr68198.pdf
0,0,2,2,87,87,25,0,0,39.861328125,0,1,22,2,2,1,22,1,17,1,1,60,1,0,87,12,0,0,rp-09-11.pdf
0,0,3,0,449,449,439,0,0,286.2373046875,0,0,6,3,3,0,369,3,392,0,3,127,1,0,449,20,0,0,f3520_accessible.pdf
2,3,1,2,97,97,34,0,0,164.255859375,0,0,1,3,1,1,10,3,82,1,2,50,1,10,97,20,0,1,f8847_accessible.pdf
0,0,4,0,49,49,43,0,0,65.951171875,0,0,1,5,4,0,7,4,33,0,4,3,3,0,49,9,0,0,f9465.pdf
0,0,1,1,124,124,28,0,0,170.0556640625,0,0,16,1,1,1,16,1,23,1,1,96,0,0,124,19,0,0,consumers_union.pdf
0,0,1,1,7,7,3,0,0,64.5341796875,0,0,1,1,1,1,1,1,5,1,1,0,0,0,7,24,1,0,purepdf_transparency.pdf
0,0,3,0,39,39,33,0,0,52.462890625,0,0,2,3,3,0,2,3,22,0,3,2,1,0,39,20,0,0,f8923_accessible.pdf
0,0,1,1,6,6,2,0,0,53.095703125,0,0,1,1,1,1,1,0,2,1,1,1,0,0,6,12,1,0,avenueip.pdf
0,0,2,2,29,29,17,0,0,74.73828125,0,1,1,2,2,1,2,1,28,1,1,5,1,0,29,12,0,0,ajarprod.pdf
0,0,2,2,27,27,8,0,0,43.158203125,0,1,3,2,2,1,3,2,11,1,1,19,1,0,27,11,0,0,n-02-44.pdf
0,0,3,4,194,194,36,0,0,128.2734375,0,0,20,6,3,2,20,4,247,2,4,59,2,37,194,24,0,0,fy2011_annual_report.pdf
0,0,2,2,113,113,9,1,0,76.3173828125,0,1,4,2,2,1,4,2,93,1,1,20,1,0,113,12,0,0,rp-03-10.pdf
0,0,2,2,78,78,22,0,0,108.57421875,0,1,19,2,2,1,19,2,15,1,1,51,0,0,78,12,0,0,20cfr901.pdf
0,0,1,1,6,6,2,0,0,83.580078125,0,0,1,1,1,1,1,0,2,1,1,1,0,0,6,12,1,0,bigspace.pdf
0,0,2,2,35,35,10,0,0,16.5380859375,0,1,8,2,2,1,8,1,9,1,1,18,1,0,35,12,0,0,rp-06-43.pdf
0,0,6,0,319,319,312,0,0,137.9267578125,0,0,1,6,6,0,257,6,284,0,6,131,3,0,319,30,0,0,eval_benefits_restrictions.pdf
0,0,1,1,6,6,2,0,0,79.6923828125,0,0,1,1,1,1,1,0,2,1,1,1,0,0,6,12,1,0,cloantoi.pdf
0,0,2,2,235,235,43,0,0,250.5869140625,0,1,28,3,2,1,28,1,65,1,1,96,1,14,235,12,0,0,irb04-47.pdf
0,0,1,1,17,17,2,0,0,19.8193359375,0,0,2,1,1,1,2,1,12,1,1,25,0,0,17,13,0,0,64fr42361.pdf
0,0,2,2,92,92,29,0,0,129.716796875,0,1,19,2,2,1,19,2,21,1,1,75,1,0,92,12,0,0,rp-03-34.pdf
0,0,2,2,41,41,10,0,0,27.2490234375,0,1,4,3,2,1,4,1,38,1,1,57,1,2,41,11,0,0,a-08-23.pdf
0,0,1,1,6,6,2,0,0,100.1259765625,0,0,1,1,1,1,1,0,2,1,1,1,0,0,6,13,1,0,affproinc.pdf
0,0,1,1,6,6,1,0,0,1.57421875,0,0,1,1,1,1,1,1,2,1,1,3,0,0,6,27,1,0,purepdf_pdfptablecolors.pdf
0,0,3,0,47,47,37,0,0,72.029296875,0,0,6,5,3,0,6,3,37,0,3,6,2,0,47,23,0,0,f1099b11_accessible.pdf
0,0,2,2,48,48,16,0,0,31.458984375,0,1,10,3,2,1,10,1,32,1,1,20,1,1,48,11,0,0,n-09-64.pdf
0,0,2,0,40,40,37,0,0,202.759765625,0,1,1,2,2,0,2,2,10,0,2,1,1,0,40,13,0,0,accipiter.pdf
0,0,2,2,138,138,25,0,0,199.7578125,0,1,1,2,2,1,2,1,98,1,1,60,1,2,138,19,0,0,atlantic_record.pdf
0,0,2,2,31,31,19,0,0,100.46875,0,1,1,2,2,1,2,1,30,1,1,5,1,0,31,14,0,0,boardgover.pdf
0,0,2,2,33,33,8,0,0,18.349609375,0,1,6,2,2,1,6,1,13,1,1,36,1,0,33,12,0,0,rr-05-52.pdf
0,0,2,2,11,11,3,0,0,26.439453125,0,1,1,2,2,1,1,2,4,1,1,0,0,0,11,12,1,0,aaltrust.pdf
0,0,2,2,37,37,11,0,0,30.876953125,0,1,8,3,2,1,8,1,16,2,1,28,1,1,37,11,0,0,n-10-81.pdf
0,0,2,2,11,11,3,0,0,30.80078125,0,1,1,2,2,1,1,2,4,1,1,0,0,0,11,10,1,0,bigapi.pdf
0,0,2,2,49,49,9,1,0,53.1923828125,0,1,2,2,2,1,2,1,37,1,1,18,1,0,49,12,0,0,15marman.pdf
0,0,1,0,44,44,42,0,0,226.4677734375,0,0,9,1,1,1,5,1,13,1,1,2,0,0,44,10,0,0,i1040c.pdf
0,0,1,1,6,6,2,0,0,74.900390625,0,0,1,1,1,1,1,0,2,1,1,1,0,0,6,12,1,0,bemicrgr.pdf
0,0,5,0,64,64,55,0,0,101.63671875,0,0,2,6,5,0,4,5,36,0,5,4,4,0,64,9,0,0,f8689.pdf
0,0,2,2,43,43,11,0,0,98.236328125,0,1,4,2,2,1,4,1,31,1,1,48,1,0,43,11,0,0,ar-1888.pdf
0,0,3,0,116,116,110,0,0,206.904296875,0,0,2,3,3,0,81,3,92,0,3,34,2,0,116,10,0,0,fw8exp.pdf
0,0,2,2,61,61,9,0,0,44.7841796875,0,1,6,2,2,1,6,2,46,1,1,98,1,0,61,7,0,0,199.pdf
0,0,2,2,121,121,20,0,0,187.599609375,0,1,1,2,2,1,2,1,95,1,1,42,1,2,121,11,0,0,coexist.pdf
0,0,2,0,60,60,49,0,0,96.896484375,0,1,9,2,2,0,9,2,16,0,2,9,1,0,60,11,0,0,92chap7.pdf
0,0,2,2,28,28,16,0,0,85.353515625,0,1,1,2,2,1,2,1,27,1,1,5,1,0,28,14,0,0,brailleinc.pdf
0,0,1,1,6,6,2,0,0,73.474609375,0,0,1,1,1,1,1,0,2,1,1,1,0,0,6,12,1,0,brkthrgh.pdf
0,0,2,2,182,182,14,1,0,94.7724609375,0,1,6,2,2,1,6,2,171,1,1,46,1,0,182,11,0,0,n-02-20.pdf
0,0,1,1,6,6,2,0,0,74.6220703125,0,0,1,1,1,1,1,0,2,1,1,1,0,0,6,12,1,0,bucknelu.pdf
0,0,2,2,56,56,16,0,0,29.087890625,0,1,13,2,2,1,13,1,11,1,1,33,1,0,56,20,0,0,rev_proc_2007-23.pdf
0,0,2,2,137,137,28,0,0,223.4775390625,0,1,1,2,2,1,2,1,94,1,1,72,1,1,137,21,0,0,coming_soon_media.pdf
0,0,4,0,72,72,65,0,0,79.4423828125,0,0,2,5,4,0,21,4,49,0,4,9,3,0,72,12,0,0,f1041sk1.pdf
0,0,2,2,914,914,31,1,0,317.2060546875,0,1,17,2,2,1,17,2,701,1,1,49,1,0,914,12,0,0,rp-02-44.pdf
0,0,3,0,103,103,96,0,0,154.9521484375,0,0,3,3,3,0,27,3,46,0,3,11,1,0,103,10,0,0,f941sr.pdf
0,0,2,2,11,11,3,0,0,38.3125,0,1,1,2,2,1,1,2,4,1,1,0,0,0,11,12,1,0,busntlcm.pdf
0,0,2,2,29,29,17,0,0,80.1025390625,0,1,1,2,2,1,2,1,28,1,1,5,1,0,29,11,0,0,aasocla.pdf
0,0,2,2,11,11,3,0,0,31.8359375,0,1,1,2,2,1,1,2,4,1,1,0,0,0,11,9,1,0,cleve.pdf
0,0,1,1,6,6,2,0,0,78.3564453125,0,0,1,1,1,1,1,0,2,1,1,1,0,0,6,12,1,0,brgmwphs.pdf
0,0,2,2,54,54,25,0,0,85.345703125,0,1,4,3,2,1,4,1,33,1,1,66,1,1,54,11,0,0,n-08-53.pdf
0,0,2,2,57,57,25,0,0,67.728515625,0,1,8,3,2,1,8,1,48,1,1,65,1,1,57,12,0,0,isrp-pia.pdf
0,0,1,1,32,32,8,0,0,48.58203125,0,0,5,1,1,1,5,1,20,1,1,38,0,0,32,13,0,0,66fr20958.pdf
0,0,2,2,32,32,20,0,0,91.5810546875,0,1,1,2,2,1,2,1,31,1,1,5,1,0,32,14,0,0,binversein.pdf
0,0,3,0,51,51,45,0,0,74.4404296875,0,0,2,3,3,0,5,3,25,0,3,3,1,0,51,8,0,0,fct2.pdf
0,0,1,0,62,62,58,0,0,194.056640625,0,1,2,2,1,0,41,1,48,0,1,24,1,0,62,10,0,0,f706ce.pdf
0,0,1,1,9,9,4,0,0,20.275390625,0,0,1,1,1,1,1,1,11,1,1,0,1,0,9,12,1,0,bmdpubli.pdf
0,0,2,2,130,130,24,0,0,232.2626953125,0,0,10,2,2,2,15,2,145,2,2,69,1,23,130,13,0,0,77fr35643.pdf
0,0,2,2,272,272,46,0,0,199.8974609375,0,1,8,2,2,1,17,1,85,1,1,183,1,1,272,9,0,0,i8853.pdf
0,0,1,1,17,17,10,0,0,156.775390625,0,0,2,1,1,1,2,1,7,1,1,0,0,0,17,11,0,0,1233033.pdf
0,0,2,2,11,11,3,0,0,17.228515625,0,1,1,2,2,1,1,2,4,1,1,0,0,0,11,11,1,0,caribis.pdf
0,0,2,2,38,38,9,0,0,17.4345703125,0,1,7,2,2,1,7,1,16,1,1,47,1,0,38,12,0,0,rr-11-23.pdf
0,0,2,2,11,11,3,0,0,28.958984375,0,1,1,2,2,1,1,2,4,1,1,0,0,0,11,12,1,0,cabcmwil.pdf
0,0,1,1,6,6,2,0,0,79.34375,0,0,1,1,1,1,1,0,2,1,1,1,0,0,6,11,1,0,citadel.pdf
0,0,2,2,40,40,28,0,0,78.193359375,0,1,1,2,2,1,2,1,41,1,1,5,1,0,40,12,0,0,attainia.pdf
0,0,2,2,28,28,5,1,0,11.07421875,0,1,3,2,2,1,3,2,13,1,1,21,0,1,28,11,0,0,a-01-83.pdf
0,0,2,2,11,11,3,0,0,30.005859375,0,1,1,2,2,1,1,2,4,1,1,0,0,0,11,8,1,0,cli2.pdf
0,0,2,2,35,35,23,0,0,92.994140625,0,1,1,2,2,1,2,1,36,1,1,5,1,0,35,17,0,0,americanassoc.pdf
